date,open,high,low,close,volume,amount
2019-01-02,12.2600,12.4200,12.1300,12.2500,2011586,24609399.4100
2019-01-03,12.3100,12.6300,12.1800,12.2700,3257770,40528432.0000
2019-01-04,12.1300,12.4900,12.0200,12.4500,3035015,37306813.9300
2019-01-07,12.4500,12.8600,12.3200,12.7900,6021989,75672701.7200
2019-01-08,12.7800,12.8200,12.4500,12.4800,4257737,53706271.6800
2019-01-09,12.3900,12.6800,12.2200,12.2700,4557288,56812438.0800
2019-01-10,12.2600,12.3400,12.1500,12.1700,2661027,32564728.0500
2019-01-11,12.1800,12.3000,12.1200,12.2500,1931636,23553783.0800
2019-01-14,12.2000,12.2600,12.0600,12.0900,2254070,27400518.1000
2019-01-15,12.0800,12.1800,12.0500,12.1600,2572510,31159900.2000
2019-01-16,12.1800,12.3400,12.1500,12.2800,2745487,33612883.0500
2019-01-17,12.2800,12.2800,11.9600,12.0100,2769746,33446530.9000
2019-01-18,12.1000,12.1000,11.8000,12.0200,2947569,35110386.9900
2019-01-21,11.9900,12.1100,11.9500,12.0700,1532600,18440778.0000
2019-01-22,12.0800,12.1100,11.8900,11.9000,1651709,19789299.6200
2019-01-23,11.9000,11.9700,11.8400,11.9000,1153963,13734879.5900
2019-01-24,11.9100,11.9400,11.7600,11.8800,1864763,22108688.4400
2019-01-25,11.8700,12.0100,11.8500,11.9200,1635029,19521535.9800
2019-01-28,12.0000,12.0900,11.6900,11.7100,2269633,26940410.0000
2019-01-29,11.8000,11.8500,11.3300,11.5100,2153700,24883063.0000
2019-01-30,11.4900,11.5400,11.2100,11.2200,2041138,23242824.5300
2019-01-31,11.2200,11.3900,10.1000,10.1000,9180161,95699004.0000
2019-02-01,10.1000,10.2900,9.8200,10.2400,5027936,50595098.4600
2019-02-11,10.2200,10.5500,10.1700,10.5100,2743959,28508986.9300
2019-02-12,10.5200,10.7400,10.5200,10.6100,2718700,28854162.9000
2019-02-13,10.6100,10.8800,10.5800,10.8800,3694301,39737458.2300
2019-02-14,11.0100,11.2100,10.9100,11.1300,4205006,46542549.7600
2019-02-15,11.1800,11.2100,11.0300,11.0400,2649999,29440519.9500
2019-02-18,11.0900,11.3700,11.0900,11.3500,3887031,43797828.1000
2019-02-19,11.3500,11.5200,11.2300,11.4600,3651678,41530098.4200
2019-02-20,11.4800,12.6100,11.4400,12.1400,10623981,128707814.9700
2019-02-21,12.1000,12.3700,11.8300,11.9400,7612636,92281424.4400
2019-02-22,11.8400,11.9800,11.6800,11.9400,4509970,53576827.0900
2019-02-25,12.3000,12.5900,12.0000,12.4600,8266836,101702903.3300
2019-02-26,12.4800,12.7700,12.3200,12.5900,8554585,107368530.4600
2019-02-27,12.5900,12.9800,12.4000,12.5100,8197520,104019426.1100
2019-02-28,12.5300,12.7300,12.3100,12.4300,4674636,58442441.8700
2019-03-01,12.4900,12.5800,12.0100,12.4600,4599142,56867303.8300
2019-03-04,12.6000,12.9800,12.4600,12.6900,9170524,116689417.5500
2019-03-05,12.6000,13.8600,12.5600,13.6700,13642565,179956598.1400
2019-03-06,13.5800,14.8300,13.5000,14.8000,18366612,262502818.9500
2019-03-07,14.9000,15.8700,14.6200,14.7900,13423716,202188413.0400
2019-03-08,14.3700,14.9400,13.9300,13.9700,11985984,171723913.3400
2019-03-11,14.3000,14.4200,13.8700,14.3900,9643640,136179622.1300
2019-03-12,15.0000,15.1700,14.5600,14.7900,12250196,181569631.6900
2019-03-13,14.9900,15.4800,14.7100,14.7400,12838672,194365723.6200
2019-03-14,14.7000,15.3000,14.5400,15.0500,13808478,207491095.2800
2019-03-15,15.1800,15.3500,14.6600,14.7500,8586882,127365269.6100
2019-03-18,14.7500,15.1100,14.4100,15.0600,8168633,120082747.2900
2019-03-19,15.0000,15.2600,14.7800,15.0300,6005988,90030923.2500
2019-03-20,15.0300,15.1500,14.3500,14.6300,8166304,119870647.5700
2019-03-21,14.6100,14.9300,14.5800,14.7000,7087606,104605792.2800
2019-03-22,14.8000,14.9000,14.2900,14.6900,7978357,116119643.9100
2019-03-25,14.6000,15.3900,14.3600,14.8600,12804655,191808363.8800
2019-03-26,14.9400,15.1000,14.0800,14.0900,8904210,128767428.6100
2019-03-27,14.2600,14.3900,13.8000,13.8500,6035739,84460748.5700
2019-03-28,13.8500,14.1000,13.6000,13.6600,4574598,63204038.0200
2019-03-29,14.0300,14.3000,13.7700,14.1500,6312051,88728588.6200
2019-04-01,14.1300,14.8200,14.1300,14.5000,7382602,107291904.6600
2019-04-02,14.5100,14.8000,14.4100,14.6000,7064049,103004612.4600
2019-04-03,14.5800,14.6600,14.4400,14.5800,5216053,75836575.6500
2019-04-04,14.9300,15.2300,14.5600,14.6400,10489380,156089955.0700
2019-04-08,14.5800,14.8400,14.1600,14.3100,8583454,123697969.7800
2019-04-09,14.2900,14.4200,14.1000,14.3300,4477850,63774007.5800
2019-04-10,14.2900,14.2900,14.0000,14.1500,5084611,71732075.7000
2019-04-11,14.0200,14.2000,13.9400,13.9800,4159800,58438136.7200
2019-04-12,13.9800,14.0200,13.7100,13.8900,3155640,43684155.6600
2019-04-15,13.9500,14.0200,13.4400,13.4800,5916200,81598989.1600
2019-04-16,13.5000,14.1700,13.4100,13.9000,5450991,75255078.9600
2019-04-17,13.8800,14.1500,13.8200,14.1100,4702190,65982619.8600
2019-04-18,14.1700,14.1700,13.5900,13.6300,6192570,85353775.5200
2019-04-19,13.6900,13.7500,13.4500,13.5600,4687389,63588536.8300
2019-04-22,13.4800,13.7100,13.3400,13.3800,4717211,63536401.2000
2019-04-23,13.4400,13.4400,12.8800,12.9900,6086767,79478692.2300
2019-04-24,12.9900,13.1500,12.8100,13.0000,3793501,49190947.6800
2019-04-25,13.0300,13.0400,12.4000,12.4200,4510703,57394651.2000
2019-04-26,12.4100,12.4900,12.1900,12.2000,3910397,48193225.4700
2019-04-29,12.1800,12.1800,11.3300,11.3700,7094943,82317076.9600
2019-04-30,11.3700,11.7300,11.3400,11.6300,4659735,53835434.7000
2019-05-06,11.3000,11.3100,10.5800,10.8300,7569751,83182989.0300
2019-05-07,10.8400,11.0700,10.7000,10.9400,4863587,52915791.3000
2019-05-08,10.6800,11.0900,10.6300,10.9100,3691324,40271845.8100
2019-05-09,10.9100,11.0800,10.5200,10.7400,3596100,39170227.0000
2019-05-10,10.8000,11.3900,10.7800,11.2500,7615108,84742938.1400
2019-05-13,11.2000,11.2200,11.0100,11.0800,3986472,44189853.6000
2019-05-14,11.0000,11.2500,10.7700,11.0100,3893200,43092118.0000
2019-05-15,11.0500,11.2000,11.0500,11.1500,3447100,38321411.0000
2019-05-16,11.1300,12.2700,11.0600,12.2700,17483942,206750656.5200
2019-05-17,12.0300,12.0300,11.1900,11.2500,15338351,177451740.1000
2019-05-20,11.2500,11.4500,10.8000,11.2900,7445239,82803679.8200
2019-05-21,11.4400,11.9500,11.3500,11.7700,10451972,121593175.3200
2019-05-22,11.6500,11.7700,11.2800,11.3400,6664873,76630275.0100
2019-05-23,11.3900,11.3900,10.9000,10.9800,5924301,65808856.1000
2019-05-24,10.8800,11.0900,10.8000,10.8700,3671301,40055779.8000
2019-05-27,10.8700,11.1700,10.8200,11.1600,2963274,32708962.0900
2019-05-28,11.1600,11.2900,10.9100,11.0000,3846754,42817824.8400
2019-05-29,11.0000,11.4700,11.0000,11.1700,5941420,66956850.4000
2019-05-30,11.0700,11.8600,11.0700,11.4400,9519746,109538068.8300
2019-05-31,11.3700,11.7600,11.3300,11.5500,7522274,87210377.2200
2019-06-03,11.5800,11.6600,11.1100,11.1600,6221390,70392120.7600
2019-06-04,11.1700,11.2100,10.8600,11.0000,5109994,56359532.6000
2019-06-05,11.0900,11.1800,10.8500,10.9100,3776370,41389585.7000
2019-06-06,10.9100,10.9600,10.5800,10.6600,3422318,36709843.7000
2019-06-10,10.6600,10.8500,10.6200,10.7300,2018267,21708964.7300
2019-06-11,10.6500,11.1700,10.6500,11.1600,5981451,65482356.3100
2019-06-12,11.1000,11.6500,11.0800,11.5100,10133100,116347060.9400
2019-06-13,11.4800,11.6500,11.3500,11.4700,6357701,73005418.8500
2019-06-14,11.5100,11.7000,11.4500,11.4500,7112693,82317429.6500
2019-06-17,11.6900,11.8600,11.4400,11.6500,8452613,98404078.7600
2019-06-18,11.5100,11.5600,11.0900,11.2000,7869816,88749234.4800
2019-06-19,11.3600,11.4700,11.3000,11.3700,5489871,62557846.4000
2019-06-20,11.3500,11.5600,11.3000,11.5200,5266200,60390819.6900
2019-06-21,11.5500,11.7900,11.5300,11.6000,5192855,60409317.4500
2019-06-24,11.6500,11.7500,11.4600,11.5100,3785501,43854575.5300
2019-06-25,11.5800,11.6300,11.3500,11.6000,4017600,46198159.6800
2019-06-26,11.5000,11.5300,11.3600,11.4400,3816724,43594984.6000
2019-06-27,11.4100,11.5600,11.4100,11.4600,2950137,33916642.8900
2019-06-28,11.4000,11.5500,11.1500,11.2200,4424900,49923653.0000
2019-07-01,11.4000,11.5600,11.3700,11.4600,4138231,47313462.6400
2019-07-02,11.4500,11.5700,11.3100,11.5000,5611698,64159984.6100
2019-07-03,11.4000,11.4300,11.2700,11.3000,3571214,40456131.0600
2019-07-04,11.3500,11.7100,11.2200,11.4600,7186904,82598065.3200
2019-07-05,11.3400,11.4300,11.2600,11.3100,5133583,58201860.8200
2019-07-08,11.3100,11.3200,10.8800,10.9700,4301966,47449940.3400
2019-07-09,10.9700,11.0400,10.7900,10.8500,2755950,30078375.2600
2019-07-10,10.8600,11.0800,10.8400,10.8400,2452218,26816505.9600
2019-07-11,10.9000,11.0400,10.8600,10.9100,2079619,22751993.3400
2019-07-12,10.9000,10.9800,10.8400,10.9100,2238000,24387447.0000
2019-07-15,10.8600,11.0800,10.8200,11.0600,2518834,27685464.3400
2019-07-16,11.0100,11.1500,10.9900,11.1300,1697702,18824840.1400
2019-07-17,11.1100,11.1400,10.9500,10.9500,1851900,20438663.0000
2019-07-18,10.9500,10.9500,10.7700,10.8000,2042101,22139789.8300
2019-07-19,10.8000,11.0900,10.7800,11.0000,2341938,25669591.8000
2019-07-22,10.8900,11.0000,10.5000,10.6000,3221102,34410647.8300
2019-07-23,10.6500,10.6500,10.5300,10.5900,1945100,20587323.0000
2019-07-24,10.6000,10.8400,10.6000,10.7200,2200841,23625398.7900
2019-07-25,10.7000,10.8200,10.6800,10.7800,1583902,17030132.4800
2019-07-26,10.8000,10.9500,10.6200,10.8600,2447700,26464631.0000
2019-07-29,10.7200,10.8600,10.7000,10.7600,1817000,19576615.0000
2019-07-30,10.7700,10.9400,10.7600,10.8500,2186552,23779168.2000
2019-07-31,10.8600,10.8800,10.7000,10.7100,2495553,26856705.5100
2019-08-01,10.8100,10.8100,10.6400,10.7800,2069400,22230209.0000
2019-08-02,10.6000,10.7300,10.5100,10.6200,2401615,25439243.5500
2019-08-05,10.6300,10.6600,10.5200,10.5300,3273220,34608485.0800
2019-08-06,10.2900,10.2900,9.9200,10.1500,4437158,44805576.9100
2019-08-07,10.1500,10.7600,10.1400,10.6800,6212433,65202486.0700
2019-08-08,10.9000,10.9000,10.4900,10.5900,3419474,36369574.0200
2019-08-09,10.6700,10.6700,10.4200,10.5700,2813000,29622946.0000
2019-08-12,10.6500,11.2100,10.5700,10.8000,3672100,39750404.0000
2019-08-13,10.7000,10.9700,10.6000,10.7400,2963460,31831096.4000
2019-08-14,10.8200,10.8700,10.6600,10.7700,5040456,54138596.3200
2019-08-15,10.6700,10.7600,10.5000,10.6900,2845024,30243388.8800
2019-08-16,10.7000,10.8500,10.6700,10.7500,2650856,28586308.1100
2019-08-19,10.7100,10.9500,10.7100,10.9000,5491932,59642452.2600
2019-08-20,10.9000,11.7500,10.8000,11.6500,11717898,132460133.8000
2019-08-21,11.5000,11.7100,11.4500,11.5400,6591641,76231499.6800
2019-08-22,11.5400,11.7000,11.4700,11.6100,5249866,60849037.3900
2019-08-23,11.6100,12.2300,11.5700,12.2000,12250918,147033759.1300
2019-08-26,11.9100,12.7500,11.9000,12.5000,12020638,148067454.5300
2019-08-27,12.4600,13.2000,12.4500,13.0600,17755526,231124019.5100
2019-08-28,12.9900,13.1700,12.7200,13.0900,11996095,156580513.7500
2019-08-29,13.1000,13.1300,12.8500,12.9700,6025840,78290219.1100
2019-08-30,13.0900,13.1300,12.8500,13.0000,5872556,76252349.4300
2019-09-02,13.0100,13.5000,12.9800,13.0600,10931599,144327854.4400
2019-09-03,13.0600,13.4500,12.9300,13.2400,10315171,135956947.6600
2019-09-04,13.1100,13.3400,13.0800,13.2300,5248671,69227152.7500
2019-09-05,13.0400,13.9100,13.0400,13.5900,13519722,184860793.8900
2019-09-06,13.5800,13.7500,13.3400,13.3800,13140450,176917633.5000
2019-09-09,13.4100,13.8100,13.4100,13.7900,7247817,99186009.6400
2019-09-10,13.8800,14.0000,13.5800,13.6800,7227556,99300467.6800
2019-09-11,13.6800,14.3500,13.6800,13.8800,19470307,273590959.2300
2019-09-12,14.1700,14.1800,13.8300,14.0000,7358338,102836702.6500
2019-09-16,13.8600,14.1200,13.8600,13.9800,4022121,56261506.0400
2019-09-17,13.9500,13.9800,13.7100,13.7400,6548100,90419084.0000
2019-09-18,13.8200,14.0200,13.7200,13.7400,4361622,60290946.4300
2019-09-19,13.8300,13.9300,13.6300,13.8500,4348965,60062345.4100
2019-09-20,13.9100,14.1500,13.3300,14.0500,13520092,188695826.4000
2019-09-23,14.2900,14.2900,13.7100,13.7500,7112840,98249085.4900
2019-09-24,13.9300,13.9300,13.7200,13.7600,4838597,66693310.0200
2019-09-25,13.7500,13.8200,13.5700,13.7600,5638693,77133555.5900
2019-09-26,13.7600,13.7600,13.2600,13.2700,6340750,85435819.6600
2019-09-27,13.3000,13.4100,13.0300,13.1500,4706180,62236832.6500
2019-09-30,13.1000,13.4100,13.0000,13.1300,4621344,60645827.2800
2019-10-08,13.0200,13.3700,12.5100,12.5700,5865355,74695821.2700
2019-10-09,12.5700,12.7900,12.4000,12.7000,2929100,37145959.7600
2019-10-10,12.7000,12.7900,12.5700,12.6700,2655400,33620894.0300
2019-10-11,12.6600,12.7800,12.4600,12.6700,3744600,47112431.9900
2019-10-14,12.7200,12.9000,12.6300,12.7400,4054000,51646933.0000
2019-10-15,12.7400,12.7500,12.4400,12.5200,3853625,48347105.5000
2019-10-16,12.6000,12.6600,12.4700,12.5400,1927600,24182487.3900
2019-10-17,12.5100,12.6900,12.1800,12.4900,2885418,35876979.5600
2019-10-18,12.4500,12.5900,12.2800,12.4300,2611463,32490251.1500
2019-10-21,12.4000,12.5600,12.2400,12.5000,2719590,33829708.8400
2019-10-22,12.5000,12.5800,12.4100,12.5100,2219400,27739683.0100
2019-10-23,12.5300,12.6500,12.4000,12.4100,1644105,20514060.0700
2019-10-24,12.4000,12.5700,12.3000,12.4000,2122900,26311261.0000
2019-10-25,12.4000,12.4400,12.2500,12.4000,1967800,24296810.0000
2019-10-28,12.3300,12.5800,12.2500,12.3700,4394831,54724459.8100
2019-10-29,12.4000,12.5000,12.1000,12.2300,5155154,63458466.3300
2019-10-30,12.2000,12.2500,11.7700,11.8800,4570922,54704234.3600
2019-10-31,11.8700,12.0300,11.6800,11.6800,3064501,36263150.8200
2019-11-01,11.6000,11.7800,11.4400,11.5700,4050683,46751434.8000
2019-11-04,11.5500,11.6100,11.1500,11.4500,6556385,74394287.5400
2019-11-05,11.4400,11.4500,11.0800,11.2000,5143888,57595552.9300
2019-11-06,11.2300,11.3700,11.0400,11.1000,2902332,32531206.6800
2019-11-07,11.1000,11.2500,11.0900,11.1500,2189053,24417881.1900
2019-11-08,11.1500,11.2500,11.0100,11.0100,2094800,23311792.0000
2019-11-11,10.9700,11.9000,10.6500,11.5700,9734539,110252869.9900
2019-11-12,11.4200,11.6300,11.2500,11.4000,4681241,53605384.5500
2019-11-13,11.3800,11.4200,11.1900,11.1900,2272211,25587383.2000
2019-11-14,11.3400,11.3500,11.0900,11.2000,2077272,23255708.3900
2019-11-15,11.2000,11.2500,11.1100,11.1900,1257046,14061396.2800
2019-11-18,11.1500,11.2100,11.0100,11.1900,2011364,22447136.2400
2019-11-19,11.1900,11.4400,11.1600,11.4100,2301600,26113214.0000
2019-11-20,11.4100,11.4400,11.1900,11.2000,1987173,22468313.6000
2019-11-21,11.1500,11.6300,11.1100,11.3400,4274902,48801274.0700
2019-11-22,11.3000,11.4800,11.2100,11.2400,2549340,28797539.2500
2019-11-25,11.2400,11.3000,11.1200,11.2600,1251667,14009964.3800
2019-11-26,11.2600,11.3000,11.1100,11.2100,1167107,13045101.3300
2019-11-27,11.2100,11.2100,11.0000,11.0800,2777200,30683592.3200
2019-11-28,11.0800,11.1500,11.0200,11.0700,1450900,16073586.0000
2019-11-29,11.0200,11.1600,11.0000,11.1300,1060600,11753776.9400
2019-12-02,11.1300,11.3300,11.0700,11.1600,1345200,15035219.4900
2019-12-03,11.3300,11.3300,11.0300,11.0500,1182300,13094086.0000
2019-12-04,11.0800,11.1000,9.9500,10.5500,14057100,146333224.0900
2019-12-05,10.3500,10.6400,10.3200,10.3900,7481208,78117539.8000
2019-12-06,10.4000,10.6200,10.2500,10.3900,2741200,28571054.0000
2019-12-09,10.4300,10.5000,10.2900,10.4500,2021500,21034888.0000
2019-12-10,10.4500,10.4500,10.2200,10.3100,3161200,32552364.0000
2019-12-11,10.2200,10.3000,10.1100,10.1400,5465865,55585067.3800
2019-12-12,10.1800,10.5500,10.0100,10.4800,5019518,51689360.8200
2019-12-13,10.4900,10.5400,10.2000,10.3200,5281724,54522027.8800
2019-12-16,10.3300,10.4600,10.2900,10.4000,4451062,46251430.5700
2019-12-17,10.4000,10.8800,10.4000,10.7800,6392310,68498638.1800
2019-12-18,10.7500,11.0600,10.6200,10.6600,5899067,63772643.6000
2019-12-19,10.7400,10.7800,10.6000,10.7200,3538100,37870114.0900
2019-12-20,10.7600,10.8700,10.6400,10.6700,3706901,39807510.2000
2019-12-23,10.6800,10.6800,10.2100,10.2900,5831399,60549692.7900
2019-12-24,10.3200,10.4700,10.2700,10.4000,3514667,36520762.8600
2019-12-25,10.4600,10.5700,10.3300,10.4600,3716917,38800786.5900
2019-12-26,10.5400,10.6700,10.4100,10.5400,4153713,43779515.2000
2019-12-27,10.5400,10.7300,10.5100,10.6000,3548302,37654075.0800
2019-12-30,10.6300,10.6800,10.4700,10.6300,3311635,35058198.4100
2019-12-31,10.6200,10.6400,10.3900,10.6000,3837111,40291191.4000
2020-01-02,10.6100,10.7500,10.4500,10.7500,5882782,62416915.8400
2020-01-03,10.7400,11.0100,10.6600,10.9000,7591624,82668020.9100
2020-01-06,11.4700,11.8000,11.2000,11.2200,12124367,138355751.1800
2020-01-07,11.2900,11.5500,11.0600,11.4300,7260130,82513714.2200
2020-01-08,11.4000,12.5000,11.3300,11.7900,12080100,144206379.6800
2020-01-09,11.6400,11.7200,11.4700,11.6200,5924220,68687897.4000
2020-01-10,11.6100,11.6100,11.2100,11.2800,4371904,49644678.9300
2020-01-13,11.2800,11.4000,11.1300,11.2700,3743492,42060988.3700
2020-01-14,11.3300,11.7200,11.3300,11.4100,4843383,55575700.8000
2020-01-15,11.4400,11.5000,11.1700,11.2800,2777817,31332322.9100
2020-01-16,11.2800,11.4600,11.2000,11.2600,3201517,36303608.1000
2020-01-17,11.2300,11.3500,11.0100,11.0300,4124234,46059622.2800
2020-01-20,11.1200,11.1700,11.0100,11.1400,3322710,36836787.1000
2020-01-21,11.1400,11.1400,10.9000,10.9000,2893711,31772497.7400
2020-01-22,10.9100,10.9200,10.6100,10.7700,3484500,37469410.9400
2020-01-23,10.7100,10.8600,10.3100,10.4200,4913125,51876153.5300
2020-02-03,9.3800,9.3800,9.3800,9.3800,570200,5348476.0000
2020-02-04,8.4400,8.6500,8.4400,8.4400,11272472,95285028.2800
2020-02-05,8.4500,8.6400,8.3900,8.4600,13693547,116519877.4600
2020-02-06,8.4700,8.5100,8.1600,8.5000,13601105,113173792.7600
2020-02-07,8.4900,8.4900,8.2000,8.3500,9981181,83017613.8500
2020-02-10,8.3100,8.5600,8.2100,8.5400,11125966,93263690.4600
2020-02-11,8.5200,8.6400,8.3900,8.4700,8419700,71619003.5800
2020-02-12,8.4200,8.6300,8.3100,8.6000,8536209,72668774.1500
2020-02-13,8.5800,8.6200,8.3700,8.4300,9112317,77064310.6300
2020-02-14,8.4300,8.5000,8.3100,8.3700,6417456,53903269.4600
2020-02-17,8.5500,9.2100,8.5000,9.2100,12519991,112429953.2200
2020-02-18,9.9400,10.1300,9.7200,10.1300,12590653,126247869.7100
2020-02-19,10.1400,11.1400,9.6400,10.4700,39717428,413330373.1900
2020-02-20,10.1000,10.3900,9.8000,10.0700,22410202,226480326.7600
2020-02-21,10.1700,11.0700,10.0500,11.0100,24146577,256499827.0400
2020-02-24,10.6000,11.5000,10.5600,11.0600,19445801,214478758.2800
2020-02-25,10.6800,12.1700,10.6000,12.0300,24825775,284076065.7900
2020-02-26,11.7300,12.8200,11.6800,11.9800,20031321,246698681.0600
2020-02-27,12.0500,12.8900,12.0000,12.2300,17980499,221997395.9300
2020-02-28,11.7900,11.9900,11.1000,11.3600,16108701,186311960.6300
2020-03-02,11.3600,11.6800,11.0900,11.4600,11250765,129068865.9600
2020-03-03,11.5000,12.1400,11.4500,11.5000,14872351,174941667.6800
2020-03-04,11.1100,11.8300,11.1100,11.5200,11967227,138170736.0900
2020-03-05,11.8800,12.0000,11.4800,11.5400,11111220,129784490.1800
2020-03-06,11.3500,11.6700,11.1900,11.3900,9752500,111202289.0000
2020-03-09,11.3700,11.3900,10.6800,10.7100,10678357,117356603.2200
2020-03-10,10.5300,11.0600,10.2300,10.9000,12369188,132442972.5700
2020-03-11,10.9700,11.2200,10.6600,10.6600,9147501,100204934.8900
2020-03-12,10.5500,10.6800,10.2700,10.3900,7418901,77573966.2400
2020-03-13,9.8100,10.3900,9.6600,10.2200,10983610,110453880.8500
2020-03-16,10.8500,10.8700,9.8100,9.9000,11708119,121778158.9500
2020-03-17,9.8200,10.1500,9.4800,10.0200,6860603,67417664.3600
2020-03-18,10.0500,10.1500,9.6400,9.6400,7128301,70833883.0600
2020-03-19,9.5900,9.8600,9.5000,9.7500,5528850,53411347.5000
2020-03-20,9.8700,9.9400,9.6100,9.7800,4868650,47589220.0000
2020-03-23,9.5700,9.6300,9.1900,9.2400,6178106,58143415.1300
2020-03-24,9.4800,9.5300,8.9900,9.2400,4409305,40645900.2500
2020-03-25,9.4300,9.6500,9.2800,9.6300,5067701,47876340.5100
2020-03-26,9.6300,9.6600,9.4100,9.4500,4165309,39568305.0500
2020-03-27,9.5800,9.6000,9.3000,9.3100,3191400,30190254.0000
2020-03-30,9.2100,9.2400,8.9000,9.0400,4685000,42372575.0000
2020-03-31,9.2000,9.2100,8.9300,8.9700,2864500,25862554.0000
2020-04-01,8.9900,9.1400,8.9200,8.9400,2746601,24751525.0900
2020-04-02,8.9200,9.1700,8.5800,9.1200,3787600,34132046.0000
2020-04-03,9.1900,9.1900,9.0100,9.0300,2645641,24048031.6900
2020-04-07,9.2100,9.4900,9.1700,9.4400,3987600,37399115.0000
2020-04-08,9.4400,9.7400,9.3700,9.7000,4761671,45635872.0400
2020-04-09,9.7500,9.8900,9.6800,9.6900,3941189,38449315.2700
2020-04-10,9.7900,9.7900,9.4000,9.6700,4211100,40348446.0000
2020-04-13,9.5000,9.6900,9.3300,9.3800,3572198,33572186.2600
2020-04-14,9.3900,9.4900,9.3500,9.4500,2416698,22748693.2200
2020-04-15,9.4500,9.5400,9.0900,9.1000,5722523,52890808.6000
2020-04-16,9.0500,9.2100,8.9400,9.1100,2821567,25673824.0900
2020-04-17,9.2300,9.2600,9.1000,9.1100,2919910,26739199.7700
2020-04-20,9.2000,9.2000,9.0200,9.1200,3601013,32705372.0000
2020-04-21,9.1200,9.2900,9.0500,9.1100,4255175,38906984.2400
2020-04-22,9.1200,9.1600,8.8500,9.1000,3214557,29019176.3800
2020-04-23,9.1500,9.3300,9.0600,9.1300,4098700,37660009.0000
2020-04-24,9.1300,9.1600,8.8500,8.9200,4005779,35984978.8900
2020-04-27,8.9300,9.1100,8.7500,8.7500,4157265,37167521.3500
2020-04-28,8.7700,8.8200,8.3000,8.3100,6799729,57316927.4300
2020-04-29,8.1800,8.4800,8.1600,8.4100,3224354,27017080.6700
2020-04-30,8.4000,8.5500,8.3800,8.4400,4614900,39010191.3800
2020-05-06,8.4000,8.5900,8.1700,8.5500,3884236,32820803.2600
2020-05-07,8.5900,8.6900,8.5000,8.5500,2970685,25554506.6200
2020-05-08,8.5800,8.7800,8.5200,8.6700,3365100,29141704.0000
2020-05-11,8.6700,8.8500,8.6300,8.7200,4149454,36246650.7000
2020-05-12,8.7200,8.7600,8.5600,8.6600,2387499,20614514.4200
2020-05-13,9.5300,9.5300,9.5300,9.5300,2760816,26310576.4800
2020-05-14,9.9200,10.4800,9.6400,10.4800,25921791,262319494.3300
2020-05-15,10.4900,11.4700,10.1800,10.6000,33791828,364451257.5000
2020-05-18,10.6000,11.6600,10.5400,11.6600,19841110,224847608.5500
2020-05-19,12.5000,12.6500,10.9800,11.3100,49300262,582725243.8700
2020-05-20,11.3100,11.4500,10.2300,10.5100,37441422,402775238.8500
2020-05-21,10.2700,10.4700,9.8700,10.1200,23125681,234301727.9600
2020-05-22,10.0000,10.0600,9.5600,9.7300,16173171,157952761.5000
2020-05-25,9.7300,9.8600,9.4400,9.5600,11087899,106362099.7400
2020-05-26,9.5600,9.7800,9.4400,9.7400,9853094,94719665.7600
2020-05-27,9.7000,9.7200,9.3000,9.4900,11869174,112795650.0900
2020-05-28,9.4600,9.9400,9.3200,9.7200,14068613,135766826.7800
2020-05-29,9.5800,9.6800,9.4800,9.5200,7922366,75738966.3200
2020-06-01,9.4400,9.9600,9.3500,9.7000,11184821,108031902.4800
2020-06-02,9.8300,10.0800,9.6600,9.7800,10850911,106953978.7500
2020-06-03,9.7100,9.7600,9.5500,9.5500,7359788,70830762.1100
2020-06-04,9.5600,9.6600,9.4300,9.4800,4379359,41721869.0700
2020-06-05,9.4800,9.6400,9.4000,9.5800,4772790,45413870.3100
2020-06-08,9.6000,9.6700,9.5100,9.5900,4016863,38498782.3000
2020-06-09,9.5900,9.6300,9.4100,9.4200,4167594,39600166.5400
2020-06-10,9.4100,9.4600,9.1000,9.1500,11159154,103091558.0400
2020-06-11,9.1600,9.2200,8.9500,8.9800,6221374,56416380.6500
2020-06-12,8.8100,9.0700,8.7700,9.0200,3679900,32933020.9900
2020-06-15,8.9600,9.1300,8.9100,8.9400,4020200,36121307.0000
2020-06-16,8.9400,9.0700,8.9000,9.0600,4100132,36805339.4000
2020-06-17,9.1400,9.4000,9.1200,9.2400,7165132,66405665.3000
2020-06-18,9.1400,9.1600,9.0000,9.1100,4872002,44230888.1200
2020-06-19,9.1000,9.2100,9.0700,9.1400,2733515,24922871.3500
2020-06-22,9.1600,9.2200,9.0200,9.1300,3650435,33288323.9000
2020-06-23,9.1400,9.1800,9.0300,9.0500,2790712,25399007.2000
2020-06-24,9.0400,9.1000,8.9000,8.9700,3401028,30470242.4000
2020-06-29,8.9200,9.8500,8.8900,9.5100,14477986,136837329.7100
2020-06-30,9.4000,9.5200,9.3500,9.4800,7114776,67022608.0600
2020-07-01,9.4200,9.4800,9.0600,9.1900,7505904,69359561.5700
2020-07-02,9.1600,9.3800,9.1000,9.3100,5028278,46658639.6000
2020-07-03,9.3100,9.5900,9.2800,9.4800,7738608,73313447.1100
2020-07-06,9.5800,9.9900,9.5800,9.9900,11684171,114588930.7800
2020-07-07,9.9900,10.2900,9.8500,10.0100,13421496,135345031.0900
2020-07-08,9.9800,10.9600,9.8800,10.8400,19392669,203305343.9800
2020-07-09,10.8800,11.3500,10.6100,10.8000,26810566,294497747.6000
2020-07-10,10.7300,10.9800,10.3800,10.4300,14747403,156765424.9600
2020-07-13,10.4300,10.6100,10.2200,10.5900,11707493,122481339.9100
2020-07-14,10.5900,11.0000,10.5000,10.7000,15942838,171670594.0400
2020-07-15,10.6500,10.8900,10.1000,10.1300,11821133,122115797.3000
2020-07-16,10.0800,10.2000,9.4200,9.4500,12206947,120570533.0100
2020-07-17,9.5000,9.8600,9.4400,9.6400,8667478,83721200.0000
2020-07-20,9.7800,10.3300,9.7800,10.3100,13027894,132325683.0600
2020-07-21,10.4600,10.5000,10.0300,10.1800,11540074,118103661.9700
2020-07-22,10.1000,10.6900,10.1000,10.3200,12374056,129178503.5700
2020-07-23,10.3900,10.8800,10.3300,10.8300,22432383,238425031.0100
2020-07-24,11.3000,11.7700,10.6900,10.7500,35155822,396100058.7700
2020-07-27,10.7500,11.1900,10.3100,10.5700,19094912,205295629.5700
2020-07-28,10.6700,11.4200,10.3800,11.0200,25080706,277035920.0500
2020-07-29,11.0000,11.1100,10.5500,11.0800,19593244,212612487.2300
2020-07-30,11.0000,11.4300,10.7600,10.8200,17456190,192866267.3200
2020-07-31,10.9500,10.9900,10.5700,10.8500,12002601,129047337.4700
2020-08-03,10.8800,11.6500,10.8400,11.4700,25573272,288816646.9900
2020-08-04,11.4300,11.4300,10.9600,10.9900,18819550,209295265.5000
2020-08-05,11.0100,12.0900,10.7900,12.0100,38973980,459782839.8900
2020-08-06,11.9000,13.2100,11.6500,13.2100,63203496,799966503.1900
2020-08-07,13.3000,14.5300,12.8000,14.5300,76455348,1082715756.0200
2020-08-10,14.3400,15.0600,13.4500,13.6600,72316064,1030171257.2500
2020-08-11,13.1100,14.5000,12.7300,13.8000,54237146,732301351.5900
2020-08-12,13.3700,14.5000,12.8100,14.2000,41902615,567421673.5900
2020-08-13,14.0000,15.6200,13.9900,15.2000,61961966,942441643.7800
2020-08-14,14.7200,15.5300,14.5500,14.7500,44382867,661000320.2600
2020-08-17,14.7500,15.3400,14.2100,14.7500,36613117,536620938.0000
2020-08-18,14.5000,15.1500,14.3500,14.6000,24679967,363087415.3900
2020-08-19,14.5500,14.6900,13.1700,13.3200,37579475,518604492.8400
2020-08-20,13.0200,13.4300,12.8800,13.2600,19426666,254636511.5600
2020-08-21,13.2800,13.6000,13.0200,13.0700,14091102,186843257.4400
2020-08-24,13.2300,13.3500,12.9100,13.0200,9215803,120560673.1900
2020-08-25,13.0500,13.1500,12.2400,12.3700,20651700,261176956.1400
2020-08-26,12.3300,12.5500,11.6900,11.7200,19335989,232526596.9900
2020-08-27,11.7300,12.0700,11.5700,11.8800,12217207,144434274.6500
2020-08-28,11.8800,12.1300,11.8100,11.9700,11453667,137118232.2700
2020-08-31,11.9900,12.5500,11.8900,12.3200,15684877,192159478.6100
2020-09-01,12.3300,12.8500,12.2300,12.5400,15238667,192095915.6900
2020-09-02,12.5800,12.6900,12.0600,12.3200,12059400,148055400.0000
2020-09-03,12.2500,12.3500,11.8800,12.2100,10556774,127675069.8000
2020-09-04,12.0000,12.2600,11.8600,12.0200,7364964,88850730.9200
2020-09-07,11.9200,12.1600,11.6000,11.7000,9232997,109715401.0200
2020-09-08,11.9000,12.1300,11.6400,11.8100,8904000,105657937.0000
2020-09-09,11.6000,11.9900,11.4600,11.7700,10745802,126455112.9300
2020-09-10,11.8000,11.8400,11.2700,11.7700,11654562,134566925.9300
2020-09-11,11.6600,11.8600,11.2900,11.6900,9830633,113538346.7400
2020-09-14,11.5300,11.8500,11.5300,11.6500,7347141,85690785.0100
2020-09-15,11.6600,11.7700,11.4700,11.5100,6336505,73408370.4300
2020-09-16,11.3100,11.3800,10.9400,10.9600,10232603,113589757.9300
2020-09-17,10.9000,11.0400,10.6900,10.9100,8505900,92284185.0000
2020-09-18,10.9800,11.2000,10.8700,11.2000,7067302,78174045.3600
2020-09-21,11.2500,11.6000,11.1800,11.3700,8842105,101044578.5000
2020-09-22,11.2400,11.2700,11.0500,11.1000,5114133,56955436.3000
2020-09-23,11.1000,11.2400,10.9700,11.0500,3440500,38098732.6300
2020-09-24,10.9900,11.0000,10.6700,10.6800,5522900,59669397.0000
2020-09-25,10.7500,10.9300,10.6200,10.8000,4293937,46360951.5300
2020-09-28,10.8800,10.8800,10.5100,10.5400,4252733,45169659.5100
2020-09-29,10.6400,11.0100,10.6000,10.8000,5552600,60149420.0000
2020-09-30,10.8000,11.2200,10.6800,11.1000,6530156,71477454.7200
2020-10-09,11.1500,11.3400,11.0600,11.1900,7958391,88947874.2300
2020-10-12,11.1200,11.6000,11.1200,11.5600,8840202,100598422.8000
2020-10-13,11.4100,11.7100,11.3000,11.5600,7227477,83220526.1200
2020-10-14,11.5300,11.8600,11.2000,11.2700,6820454,78434621.8800
2020-10-15,11.0800,11.3300,10.7800,10.7900,8353915,91843491.0500
2020-10-16,10.7500,10.8400,10.4500,10.5700,7660300,81248934.0000
2020-10-19,10.6500,10.8700,10.5500,10.6900,5576502,59764196.2900
2020-10-20,10.6200,10.7900,10.4500,10.7600,4879710,51785487.9700
2020-10-21,10.7600,10.8600,10.3300,10.4000,5044054,52999498.9800
2020-10-22,10.4000,10.4000,10.0400,10.1000,5006110,50763623.4900
2020-10-23,10.1000,10.2100,9.9300,9.9300,5127401,51527416.8200
2020-10-26,9.9400,10.1700,9.7100,9.9700,4656920,46373582.6000
2020-10-27,9.9700,10.1900,9.9200,10.0400,3718310,37465451.2300
2020-10-28,10.0000,10.0700,9.7400,9.9800,3842610,38122682.5800
2020-10-29,9.8600,9.9000,9.7500,9.7700,3997510,39232141.8000
2020-10-30,9.8200,9.9500,9.3600,9.3800,7060211,67764015.4800
2020-11-02,9.2800,9.5800,9.0700,9.1600,6626510,60911629.3000
2020-11-03,9.2300,9.6500,9.1900,9.5800,6845992,64934416.2400
2020-11-04,9.6600,9.7700,9.4000,9.5400,4497464,42898199.4300
2020-11-05,9.4200,9.5700,9.4100,9.4600,4202901,39775652.4300
2020-11-06,9.4600,9.5600,9.2700,9.3300,4001301,37471604.2100
2020-11-09,9.3300,9.7500,9.3300,9.6800,5579853,53546713.3000
2020-11-10,9.9800,10.1600,9.5600,9.6500,7789203,76591911.9000
2020-11-11,9.6700,9.7200,9.4000,9.5000,4354745,41426218.4000
2020-11-12,9.4500,9.5100,9.3200,9.3700,2907833,27298609.5400
2020-11-13,9.3500,9.6600,9.2400,9.4500,4353506,41241704.1000
2020-11-16,9.4500,9.7600,9.3600,9.7000,5514793,52659520.4100
2020-11-17,9.6300,9.6800,9.5100,9.5900,3730500,35812588.0000
2020-11-18,9.5200,9.6600,9.5100,9.5300,3940622,37732106.1000
2020-11-19,9.5400,9.8600,9.4000,9.8500,10085079,97988196.4000
2020-11-20,9.8200,9.9400,9.6900,9.8600,6510422,63921360.6000
2020-11-23,9.8500,10.1800,9.7000,10.1200,11945480,119043216.0900
2020-11-24,10.1500,10.4100,9.9600,10.0000,10962979,111388921.7900
2020-11-25,9.9500,10.1500,9.7400,9.7500,6601900,65401600.0000
2020-11-26,9.7400,9.9700,9.6800,9.9200,6638213,65303591.6000
2020-11-27,9.8700,10.2300,9.7700,10.0800,9057199,90926724.8100
2020-11-30,10.0000,10.1800,9.8400,9.8700,8316500,83280693.0000
2020-12-01,9.7900,9.9600,9.7100,9.8300,6621100,65024280.0000
2020-12-02,9.7800,9.8900,9.7200,9.7200,6197100,60552092.6700
2020-12-03,9.7000,9.7200,9.4500,9.4600,7217304,68862852.9300
2020-12-04,9.4200,9.5300,9.2700,9.4200,6116101,57363992.3200
2020-12-07,9.4200,9.5200,9.3400,9.3400,4307405,40511300.7500
2020-12-08,9.3100,9.4500,9.1800,9.2000,5324663,49344779.9200
2020-12-09,9.1800,9.4100,9.1600,9.1700,5819300,53858290.0000
2020-12-10,9.1100,9.2500,9.0500,9.0600,4811800,43832003.9500
2020-12-11,9.1000,9.6800,8.9900,9.4800,11465743,106977027.2800
2020-12-14,9.4500,9.6300,9.3000,9.5800,7493599,71171495.5300
2020-12-15,9.9000,10.5400,9.8500,10.5400,17402700,178180114.9900
2020-12-16,10.4800,11.5400,10.1000,10.7700,29011041,307681137.3300
2020-12-17,10.5100,10.6000,10.2000,10.3600,16875929,174853263.3400
2020-12-18,10.2500,10.4900,10.1500,10.1600,11399208,117200739.4900
2020-12-21,10.1000,10.7500,10.0600,10.5500,14804353,155417673.4100
2020-12-22,10.6000,10.6000,10.1200,10.1500,11569506,119692734.4000
2020-12-23,10.1700,10.5500,10.0600,10.4900,12341505,127502578.5100
2020-12-24,10.5000,10.8500,10.4400,10.5600,16245437,173171497.8600
2020-12-25,10.3300,10.8700,10.0900,10.8300,14667981,154110415.4900
2020-12-28,10.7000,11.0500,10.4700,10.6100,11934250,127354028.3200
2020-12-29,10.9000,11.1300,10.6200,10.7600,14177960,154268745.7200
2020-12-30,10.8300,10.8400,10.3900,10.6100,11750233,124394759.8900
2020-12-31,10.6600,11.6700,10.6200,11.6700,33550888,385186187.4800
2021-01-04,11.8300,12.0800,11.5700,11.6800,42782821,506541316.2100
2021-01-05,11.5600,12.1300,11.3000,11.7100,28264088,331455182.3600
2021-01-06,11.5700,12.2600,11.5200,11.9000,27494270,328736447.2200
2021-01-07,11.8800,11.9000,11.2100,11.4100,20973080,241393429.0900
2021-01-08,11.3100,11.5200,10.5900,10.6400,18143499,196900077.6000
2021-01-11,10.6900,10.8800,10.0700,10.2700,14670600,152032013.3100
2021-01-12,10.2700,11.3000,10.0800,11.3000,19349372,209881547.0400
2021-01-13,11.4100,11.6600,11.0800,11.0900,19545040,221287647.3500
2021-01-14,11.0000,11.0900,10.4100,10.4900,15700700,167075955.8300
2021-01-15,10.4100,10.6500,10.2100,10.6200,9610201,100573422.6000
2021-01-18,10.4700,11.5300,10.4600,11.2500,16115502,180091066.1200
2021-01-19,11.2000,11.3700,10.8200,10.8600,11567200,127718401.0000
2021-01-20,10.9300,11.5600,10.7200,11.4200,18828333,212480778.8400
2021-01-21,11.4000,11.5600,11.2300,11.2600,11512255,130895778.8300
2021-01-22,11.1800,11.2900,10.9500,11.0100,8951222,99122187.5000
2021-01-25,10.9800,11.4100,10.7500,10.8000,11378178,125446531.8800
2021-01-26,10.7000,10.7000,10.0000,10.1300,13091283,133648802.4700
2021-01-27,10.1300,10.1900,9.6300,9.6600,12469767,121741302.0400
2021-01-28,9.6000,9.7700,9.3000,9.3500,8023095,76369716.5700
2021-01-29,9.4300,9.5000,8.9900,9.1900,9965380,91160550.2000
2021-02-01,8.8900,9.0900,8.2700,8.2700,18795875,158181627.8200
2021-02-02,8.2700,9.0900,8.2700,8.7000,13198768,115253704.9200
2021-02-03,8.7000,8.7000,8.1000,8.1900,8999700,75001634.0000
2021-02-04,8.1500,8.3300,7.8400,8.0000,7628087,61663700.3400
2021-02-05,8.0000,8.2900,7.6700,7.7100,7867700,62178106.6300
2021-02-08,7.8500,7.9400,7.5500,7.7200,4998802,38863107.3600
2021-02-09,7.7700,8.1400,7.7400,8.1000,5868101,46854153.0900
2021-02-10,8.0800,8.1700,7.9200,8.1000,4836000,38914273.0000
2021-02-18,8.2600,8.4900,8.1700,8.3300,5052200,42074965.0000
2021-02-19,8.2900,8.5400,8.2400,8.5300,5283720,44612720.9300
2021-02-22,8.5300,9.0700,8.5000,8.9400,10052044,89001421.7500
2021-02-23,8.8500,8.9800,8.5600,8.7600,8003711,70042633.1400
2021-02-24,8.7500,8.9300,8.5000,8.6000,5330800,46306647.6300
2021-02-25,8.6200,8.7300,8.4100,8.4300,5473701,46845066.4300
2021-02-26,8.3200,8.5400,8.2100,8.3000,5412031,45243758.3000
2021-03-01,8.4100,8.5800,8.3200,8.5700,4452300,37702751.0000
2021-03-02,8.7100,8.7600,8.3200,8.3800,5079001,42870812.4300
2021-03-03,8.3000,8.5000,8.2500,8.4700,4257721,35743865.5900
2021-03-04,8.4700,8.5900,8.3400,8.3600,5502300,46497965.9000
2021-03-05,8.3300,8.4300,8.1900,8.3500,3741251,31174042.2100
2021-03-08,8.3400,8.4400,8.1000,8.1000,5464500,45042052.0000
2021-03-09,8.1000,8.2400,7.7100,7.9300,5243503,41668908.1100
2021-03-10,8.0000,8.0200,7.8200,7.8200,3053401,24094955.8500
2021-03-11,7.8300,8.1300,7.8000,8.0400,3570301,28499287.1900
2021-03-12,7.9800,8.0800,7.8900,7.9300,3256633,25873770.3400
2021-03-15,7.8300,8.0500,7.8300,7.9100,2583700,20455930.1600
2021-03-16,7.8900,8.0100,7.8900,7.9900,3427784,27252134.9600
2021-03-17,8.0300,8.0700,7.9100,8.0700,3742702,29983819.7600
2021-03-18,8.0700,8.3300,8.0400,8.1700,5049399,41227372.7800
2021-03-19,8.1000,8.3000,8.0500,8.1800,4403262,36075419.8600
2021-03-22,8.1300,8.2600,8.1000,8.2100,3431750,28152980.4000
2021-03-23,8.2000,8.2500,8.0600,8.1900,4281983,34804632.8100
2021-03-24,8.1800,8.4300,8.1000,8.3600,5429365,44873737.8300
2021-03-25,8.3500,8.5500,8.2800,8.3800,4480456,37562785.1600
2021-03-26,8.5700,8.6200,8.4100,8.4800,8214454,69650672.9500
2021-03-29,8.4700,8.5000,8.3100,8.3500,3061402,25689362.7600
2021-03-30,8.3200,8.4600,8.1900,8.2100,4882091,40734234.2300
2021-03-31,8.1500,8.1500,7.9000,7.9700,4606798,36705695.4700
2021-04-01,7.9700,8.0000,7.9100,7.9500,2140000,17002378.4200
2021-04-02,7.9600,8.0000,7.8800,7.8900,3164985,25068408.5200
2021-04-06,7.8900,8.0400,7.8400,7.9900,3883692,30893448.1200
2021-04-07,7.9900,8.1900,7.9200,8.1800,3570871,28730167.8600
2021-04-08,8.1300,8.2500,8.0000,8.0400,5144321,41799083.9400
2021-04-09,8.0400,8.1400,7.9800,8.0000,2583116,20730882.4700
2021-04-12,8.0000,8.0500,7.8100,7.8400,3414200,26942383.0000
2021-04-13,7.8700,7.8900,7.7600,7.8000,2284104,17783558.2000
2021-04-14,7.8000,7.9300,7.7500,7.8900,1752005,13724873.8400
2021-04-15,7.7400,7.8700,7.6600,7.8600,2375420,18501530.7200
2021-04-16,7.8300,7.8900,7.7600,7.8600,2457568,19236075.2200
2021-04-19,7.8400,7.9900,7.8300,7.9600,2899545,23025682.2100
2021-04-20,7.9600,8.0400,7.9100,7.9600,2906087,23223683.3000
2021-04-21,7.9600,7.9700,7.7900,7.8000,3279541,25717937.4800
2021-04-22,7.7800,7.8600,7.7700,7.7700,1926241,15026364.5500
2021-04-23,7.7700,7.8500,7.6500,7.7600,2430600,18846095.7300
2021-04-26,7.7600,7.8100,7.6700,7.6800,3197834,24771477.5100
2021-04-27,7.7100,7.8000,7.5100,7.5400,2626200,19936473.9900
2021-04-28,7.5400,7.5400,7.2000,7.2400,4988177,36583948.7100
2021-04-29,7.2400,7.5100,7.1600,7.3600,3466620,25587105.6200
2021-04-30,7.3600,7.3800,7.1000,7.1700,4154159,29849546.2600
2021-05-06,7.1800,7.2700,7.1400,7.1400,2241357,16125837.9700
2021-05-07,7.1500,7.2200,7.0100,7.0500,3754129,26675158.7700
2021-05-10,7.0500,7.0500,6.6500,6.6900,10163755,68734115.7600
2021-05-11,6.7200,7.3600,6.7200,7.3600,8851373,62188194.9300
2021-05-12,7.7700,7.9200,7.5300,7.6700,18482824,142230709.1700
2021-05-13,7.5200,8.4400,7.4500,8.0100,20029396,162332969.5300
2021-05-14,7.9300,8.3300,7.7100,8.0600,15757812,126990654.4900
2021-05-17,8.1000,8.1900,7.7600,7.8200,10017870,78747175.5300
2021-05-18,7.7200,8.0000,7.6500,7.8900,9216123,72635914.9800
2021-05-19,7.8900,8.1600,7.7300,7.9500,8196783,64904003.5300
2021-05-20,7.8500,8.0000,7.7600,7.7700,5972683,46911894.5500
2021-05-21,7.7900,7.9200,7.7000,7.7100,4498827,34894708.9000
2021-05-24,7.7200,7.9600,7.5300,7.8300,5906016,46306842.4800
2021-05-25,7.8200,7.9800,7.6900,7.8600,7284100,57124359.0000
2021-05-26,7.9000,8.4000,7.8000,8.0500,12415512,101033492.4900
2021-05-27,7.9500,8.0400,7.8400,7.9200,8118612,64268449.7900
2021-05-28,7.9200,7.9400,7.7600,7.8100,5416000,42429831.0000
2021-05-31,7.8000,8.0000,7.7500,7.9500,6842399,54121147.7700
2021-06-01,7.8300,7.9200,7.7500,7.8000,5786133,45199336.0800
2021-06-02,7.8100,7.8600,7.5000,7.5000,7109842,54483186.4900
2021-06-03,7.5100,7.5900,7.4000,7.4600,5262383,39455211.1600
2021-06-04,7.4700,7.5700,7.4100,7.4600,3552129,26559903.6000
2021-06-07,7.4400,7.6200,7.4400,7.4800,3561600,26797266.0000
2021-06-08,7.5400,7.6100,7.2900,7.5400,7745940,57422114.8800
2021-06-09,7.6900,8.2900,7.6900,8.2900,10448781,85377258.4900
2021-06-10,8.3200,9.1200,8.3000,8.8700,43379406,376002491.1300
2021-06-11,8.6900,8.7700,8.3000,8.3300,23024135,194946314.4600
2021-06-15,8.1700,8.6400,8.1700,8.3200,16781296,141259466.9400
2021-06-16,8.2500,8.6500,8.1500,8.2100,12505520,104533758.6100
2021-06-17,8.2200,8.4500,8.0600,8.2200,10563908,86536247.1800
2021-06-18,8.2200,8.5700,8.0600,8.4800,16312184,137339864.4100
2021-06-21,8.4800,9.2900,8.3500,9.0100,19606444,169880596.1000
2021-06-22,8.9000,9.5800,8.6400,9.1600,23604116,213110172.4400
2021-06-23,9.0000,9.0900,8.8200,8.8900,13668679,122043806.2000
2021-06-24,8.8700,9.1100,8.6600,8.7100,10898265,96460863.7200
2021-06-25,8.6800,8.8100,8.5000,8.7400,7820602,67929287.1700
2021-06-28,8.7600,8.9300,8.5900,8.7200,8431126,73616757.3700
2021-06-29,8.6300,8.8300,8.3200,8.3500,9522105,80829548.3200
2021-06-30,8.3400,8.4700,8.1500,8.4300,8894222,73960209.3400
2021-07-01,8.4700,8.5700,7.9500,7.9800,8698439,71552216.9800
2021-07-02,7.9400,8.0800,7.6800,7.7700,7358318,57381667.6300
2021-07-05,7.7000,7.9200,7.6800,7.8700,4815100,37616238.5200
2021-07-06,7.8000,8.2200,7.7600,8.0500,8197393,65724125.3400
2021-07-07,8.0500,8.1800,7.9700,8.0600,6093069,49275309.2700
2021-07-08,8.1100,8.4500,8.0800,8.3100,10803109,89456609.6600
2021-07-09,8.3000,8.4100,8.2200,8.2800,8183746,67897728.6700
2021-07-12,8.2800,8.4300,8.1700,8.3100,7429466,62001579.7800
2021-07-13,8.3200,8.4700,8.1400,8.3900,7841052,65188623.3800
2021-07-14,8.3900,8.3900,8.0600,8.0600,6815300,55657356.0000
2021-07-15,7.6100,7.9700,7.6100,7.8000,8093656,63293926.9600
2021-07-16,7.8000,8.4000,7.8000,8.2600,12615576,103615738.2400
2021-07-19,8.2000,8.3900,8.1800,8.2300,7796800,64381950.0000
2021-07-20,8.2100,8.4200,8.1700,8.3600,9206500,76621878.9800
2021-07-21,8.3500,8.4400,8.3000,8.3700,8268000,69141053.0000
2021-07-22,8.3100,8.3100,8.1200,8.1900,7406100,60786582.0000
2021-07-23,8.1900,8.7500,8.1800,8.5000,18768397,159060180.6200
2021-07-26,8.3300,8.8200,8.3300,8.6000,20670778,178193062.7300
2021-07-27,8.5900,8.7900,8.4400,8.6500,17619898,151808610.1500
2021-07-28,8.5100,8.5600,7.7900,7.8200,15946900,127192813.3200
2021-07-29,7.8500,8.3600,7.8200,8.0700,11615776,93590696.4100
2021-07-30,8.1200,8.2300,7.9500,8.0300,9468000,76413133.0000
2021-08-02,8.0000,8.7800,7.9300,8.7500,23514177,201343514.4500
2021-08-03,8.7000,8.8200,8.5200,8.5800,13745260,119220458.7000
2021-08-04,8.6900,8.7700,8.5800,8.6700,11365800,98607122.9000
2021-08-05,8.6700,9.0100,8.5800,8.8200,22270568,196442770.2800
2021-08-06,8.8100,9.2700,8.6100,9.0600,21117527,188939061.5200
2021-08-09,9.0600,9.2500,8.8500,8.9900,16824933,152229383.1500
2021-08-10,9.0600,9.3500,8.9800,9.0900,20748034,190141165.4000
2021-08-11,9.1000,10.0000,8.9600,10.0000,30309816,290445101.4800
2021-08-12,10.5000,11.0000,10.1000,11.0000,59292382,631205370.4700
2021-08-13,11.2200,11.6600,10.4900,11.4300,79645134,890239457.4200
2021-08-16,10.9300,10.9300,10.2900,10.3500,49052545,515321685.7500
2021-08-17,9.9200,11.3900,9.6100,10.9100,74807464,789401273.3600
2021-08-18,10.1900,10.9700,10.1100,10.3000,39925131,418031886.2500
2021-08-19,10.4600,10.4900,9.8200,9.8500,33446676,337298237.8600
2021-08-20,9.7300,9.7800,9.3700,9.5900,23683850,226450556.0800
2021-08-23,9.7000,10.1500,9.6000,9.8300,24931298,245922364.3200
2021-08-24,9.6300,10.0400,9.4500,10.0100,24933965,245129277.0500
2021-08-25,9.8800,9.9600,9.6200,9.8400,16185165,158122429.7500
2021-08-26,9.8100,10.1100,9.6800,9.7700,21687496,214683518.6900
2021-08-27,9.5800,9.6800,9.1500,9.2200,24326532,226144882.3200
2021-08-30,9.2200,9.6400,9.1700,9.2800,19794055,186724550.1600
2021-08-31,9.2100,9.4600,9.0900,9.2500,14701015,136123931.8700
2021-09-01,9.2000,9.2600,8.8600,9.0600,15763375,142766391.0300
2021-09-02,9.0000,9.1500,8.8600,9.0900,11480588,103587099.8800
2021-09-03,9.0800,9.2500,8.7900,8.8800,13202988,118740647.6400
2021-09-06,8.8800,8.9600,8.6700,8.9400,9529750,84376524.0200
2021-09-07,8.9400,9.1400,8.8500,9.0400,11907400,107930082.0000
2021-09-08,9.0400,9.1500,8.9800,9.1000,9781975,88638217.5000
2021-09-09,9.1200,9.3200,8.9300,9.3000,17268153,157225752.7600
2021-09-10,9.3200,9.3200,9.0500,9.1300,11755497,107542515.4000
2021-09-13,9.1000,9.1000,8.9400,9.0100,7781333,69918012.0500
2021-09-14,8.9900,9.1500,8.9400,8.9700,7750644,70043144.1600
2021-09-15,8.9000,8.9000,8.6900,8.7900,9414204,82568765.2800
2021-09-16,8.8000,8.9900,8.7400,8.7500,7888567,69854230.7300
2021-09-17,8.7000,8.8600,8.4400,8.5400,9177598,78796786.7600
2021-09-22,8.4600,8.6800,8.4000,8.6700,5337360,45681480.0000
2021-09-23,8.6400,8.8500,8.5800,8.7400,7490650,65107465.4900
2021-09-24,8.6600,8.6700,8.4100,8.4700,7341858,62660040.2600
2021-09-27,8.4800,8.5500,8.0500,8.1600,7101249,58618144.8600
2021-09-28,8.1500,8.3000,8.1300,8.2500,4047600,33190193.0000
2021-09-29,8.2000,8.2000,7.9400,7.9500,5424900,43495420.6200
2021-09-30,7.9800,8.1000,7.9500,8.0000,2880237,23087669.7400
2021-10-08,8.0000,8.1400,8.0000,8.0900,3543400,28647792.0000
2021-10-11,8.0900,8.5600,8.0500,8.4400,8436069,70608751.1500
2021-10-12,8.3400,8.3500,8.0800,8.1600,5306101,43470047.1400
2021-10-13,8.1600,8.2600,8.0700,8.2200,2983700,24468269.0000
2021-10-14,8.2000,8.3900,8.1800,8.3100,3859659,32155675.1700
2021-10-15,8.1100,8.2400,8.0300,8.1300,3668100,29819192.0000
2021-10-18,8.1300,8.2700,8.1300,8.2300,3330200,27316174.0000
2021-10-19,8.1800,8.2600,8.1200,8.1600,3206401,26247239.1900
2021-10-20,8.1500,8.2500,8.0300,8.1900,3816501,31065968.0800
2021-10-21,8.1800,8.1800,7.9700,7.9900,4637232,37298650.6000
2021-10-22,8.0500,8.0500,7.9100,7.9100,3010400,23910347.0000
2021-10-25,7.9000,7.9300,7.7100,7.9200,4189526,32724925.4600
2021-10-26,7.9200,7.9300,7.7500,7.7800,3265566,25593291.5000
2021-10-27,7.8300,8.1000,7.8200,7.8900,4120129,32588742.3900
2021-10-28,7.8600,7.8600,7.6100,7.6200,4035800,30944015.0000
2021-10-29,7.6200,7.8000,7.6200,7.7700,2638465,20413279.0500
2021-11-01,7.7600,8.0700,7.7300,7.9300,5028329,40025997.9200
2021-11-02,7.9900,8.2800,7.9500,8.2800,9326088,75894519.2700
2021-11-03,8.2100,8.2300,7.9900,8.0600,5058723,40863295.9200
2021-11-04,8.0200,8.1400,8.0200,8.0900,3046226,24619599.6200
2021-11-05,8.0900,8.1700,8.0000,8.0200,3429649,27698890.4900
2021-11-08,8.0100,8.0200,7.8700,8.0000,3268400,25996483.0000
2021-11-09,7.9800,8.2600,7.9500,8.1900,5279300,43054292.0000
2021-11-10,8.1200,8.5400,8.1200,8.3800,8339047,69832191.6800
2021-11-11,8.3800,8.4000,8.2800,8.2900,4903500,40911175.0000
2021-11-12,8.3500,8.5000,8.3100,8.4600,6445300,54256247.0000
2021-11-15,8.4600,8.5800,8.2900,8.3400,5510400,46277526.2800
2021-11-16,8.3400,8.4100,8.0600,8.1000,6826400,56033884.8000
2021-11-17,8.0300,8.2200,8.0200,8.1600,4389800,35673751.0000
2021-11-18,8.1800,8.4400,8.1000,8.3100,6495284,53649059.8500
2021-11-19,8.4900,8.6200,8.3700,8.5500,10321832,87776101.3200
2021-11-22,8.5500,8.6300,8.4100,8.4600,5510182,46741874.7100
2021-11-23,8.4900,8.5100,8.3800,8.4200,4473350,37705864.0100
2021-11-24,8.4100,8.5100,8.3000,8.3100,3946000,33012013.0000
2021-11-25,8.3100,8.3900,8.3000,8.3300,3254401,27131723.3000
2021-11-26,8.3200,8.4000,8.2400,8.3000,3836400,31939414.0000
2021-11-29,8.3000,9.1000,8.1500,8.9500,20262262,176067872.1700
2021-11-30,8.9600,9.2200,8.8300,9.0300,18419979,166588768.3700
2021-12-01,8.9500,9.0300,8.7800,8.8900,8749832,77573182.9600
2021-12-02,8.9100,8.9500,8.6400,8.6800,7558292,66037726.7000
2021-12-03,8.6900,9.0400,8.6800,8.9100,9493707,84645446.2800
2021-12-06,8.8400,9.0300,8.7600,8.8300,6888350,61146374.0000
2021-12-07,8.9100,9.0600,8.5700,8.6600,8774140,76642765.9500
2021-12-08,8.6500,8.8700,8.5700,8.8300,6004200,52769365.0000
2021-12-09,8.7400,8.9300,8.7000,8.9200,8982356,79275794.9400
2021-12-10,8.9300,9.6800,8.8400,9.3500,21398092,200413035.0600
2021-12-13,9.3500,9.3900,9.0000,9.1400,10463215,95184354.6000
2021-12-14,9.0400,9.2700,9.0300,9.1000,8107305,74061265.1200
2021-12-15,9.1300,9.2400,9.0500,9.0600,5856824,53385261.0800
2021-12-16,9.0000,9.1400,9.0000,9.0700,4703967,42655379.9500
2021-12-17,9.0700,9.0700,8.8500,8.8900,8023429,71583772.4800
2021-12-20,8.8900,8.9600,8.6800,8.7000,6307169,55495256.0000
2021-12-21,8.6700,8.8100,8.6300,8.7800,4972767,43375999.2300
2021-12-22,8.8200,8.8200,8.6000,8.6300,4776750,41626402.2600
2021-12-23,8.6500,8.6800,8.4700,8.5700,5455683,46831619.9200
2021-12-24,8.6200,8.6900,8.3000,8.3000,6689914,56359680.5000
2021-12-27,8.3100,8.3700,8.1900,8.3100,4230800,35092384.2300
2021-12-28,8.3100,8.4700,8.2800,8.4500,3761605,31518481.7600
2021-12-29,8.4200,8.6000,8.4100,8.5100,4880807,41534986.9500
2021-12-30,8.5100,8.6800,8.3600,8.5300,5268715,45152352.2700
2021-12-31,8.5000,8.6900,8.4100,8.6200,5143345,44237594.8900
2022-01-04,8.6500,8.6800,8.5600,8.6400,5020299,43276011.3800
2022-01-05,8.6100,8.7000,8.2800,8.3300,7564745,63627658.1400
2022-01-06,8.4300,8.4300,8.2700,8.3700,3721768,31082366.1900
2022-01-07,8.3700,8.4200,8.0800,8.1000,6323026,51994967.2000
2022-01-10,8.1000,8.2200,8.0100,8.1200,4147100,33686310.0000
2022-01-11,8.1800,8.3600,8.1000,8.1300,5280300,43359325.0000
2022-01-12,8.1300,8.3200,8.1200,8.2900,3635683,29992179.0600
2022-01-13,8.3100,8.3400,8.2000,8.2100,3549678,29275527.3500
2022-01-14,8.2100,8.2800,8.1000,8.1200,3432942,28104030.9100
2022-01-17,8.1000,8.2500,8.0700,8.1300,3761687,30642935.7300
2022-01-18,8.1300,8.1800,8.0600,8.0600,3384138,27375527.8000
2022-01-19,8.0500,8.1000,7.9400,8.0000,3736376,29903994.7800
2022-01-20,7.9800,8.0100,7.8600,7.8600,3801199,30069822.6400
2022-01-21,7.8600,7.9200,7.7600,7.8700,3011980,23594126.0000
2022-01-24,7.9000,7.9200,7.8000,7.8700,2466318,19372967.9400
2022-01-25,7.9000,8.0600,7.6500,7.6600,4820970,37818082.3500
2022-01-26,7.6300,7.7500,7.5100,7.6400,3172255,24196270.8800
2022-01-27,7.6400,7.7000,7.4000,7.4000,2987729,22394389.6000
2022-01-28,7.4600,7.7800,7.3100,7.6600,3833896,29139032.3600
2022-02-07,7.7200,7.8900,7.4600,7.6100,3401333,25776488.8500
2022-02-08,7.6500,7.7800,7.5800,7.7700,2569911,19739980.4200
2022-02-09,7.7700,7.8700,7.7200,7.8600,2732025,21373816.4700
2022-02-10,7.8100,7.9100,7.7800,7.8300,2926064,22944274.1200
2022-02-11,7.8000,7.8300,7.6700,7.7700,3077665,23865363.1200
2022-02-14,7.7500,7.9600,7.7200,7.8700,3210764,25293724.3200
2022-02-15,7.9100,7.9100,7.7700,7.8500,1924708,15070856.7200
2022-02-16,7.8200,7.8500,7.7500,7.8100,2006060,15634284.6000
2022-02-17,7.8100,7.9500,7.7700,7.8700,2781004,21870107.8400
2022-02-18,7.8700,7.8900,7.7600,7.8100,2413609,18835820.1300
2022-02-21,7.8000,7.8800,7.7600,7.8300,3315966,25945606.5000
2022-02-22,7.8400,8.0500,7.7700,7.8900,6300500,49808645.9800
2022-02-23,7.8500,8.0200,7.8300,8.0100,4706484,37459316.1100
2022-02-24,7.9900,8.2700,7.8600,8.0900,12397319,99940190.5200
2022-02-25,8.0000,8.0900,7.9000,7.9200,5606313,44742390.9600
2022-02-28,7.9500,7.9900,7.7800,7.8400,4097833,32246516.0000
2022-03-01,7.8500,8.1500,7.8100,8.0300,5796497,46330782.0000
2022-03-02,8.0400,8.0800,7.9600,8.0300,3312300,26539071.0000
2022-03-03,7.9900,8.0400,7.8500,7.8900,3755141,29746648.0000
2022-03-04,7.8800,7.9600,7.6900,7.7100,4625648,36110684.0000
2022-03-07,7.7600,7.8200,7.5800,7.6400,4776882,36816796.0000
2022-03-08,7.6400,7.7000,7.3300,7.3700,5187470,38706846.0000
2022-03-09,7.4000,7.4100,6.8300,7.1400,5479910,38950652.0000
2022-03-10,7.2500,7.4300,7.2400,7.3200,4224196,31046135.0000
2022-03-11,7.2600,7.4000,7.1500,7.3700,3736683,27178143.0000
2022-03-14,7.4200,7.5700,7.2800,7.2800,3871370,28644580.0000
2022-03-15,7.2800,7.3100,6.9000,6.9000,5486937,38913218.0000
2022-03-16,6.9700,7.1000,6.7900,7.0900,4123794,28805100.0000
2022-03-17,7.1300,7.2700,7.1100,7.1400,3036950,21842823.0000
2022-03-18,7.1100,7.2100,7.0600,7.1700,3036200,21671521.0000
2022-03-21,7.2000,7.2700,7.1200,7.1900,2545501,18317711.1700
2022-03-22,7.4000,7.9100,7.3000,7.9100,5484831,42655756.4100
2022-03-23,7.8000,8.2600,7.6600,7.9500,21766982,172371589.5700
2022-03-24,7.7500,7.8500,7.5600,7.6000,10451984,80115820.8900
2022-03-25,7.5800,7.7300,7.5400,7.5900,5706385,43484655.4500
2022-03-28,7.5800,7.6500,7.3600,7.5400,4329904,32505543.1700
2022-03-29,7.5500,7.7300,7.4700,7.4900,4580030,34741728.2600
2022-03-30,7.4700,7.5500,7.4100,7.4900,3335584,24938357.2800
2022-03-31,7.5300,7.5300,7.3800,7.4100,3500800,26066819.6500
2022-04-01,7.4100,7.4600,7.2900,7.3600,2733558,20062197.4000
2022-04-06,7.3400,7.4200,7.3000,7.4200,2260958,16693011.6200
2022-04-07,7.3900,7.6500,7.3200,7.3600,4624508,34453185.7200
2022-04-08,7.3000,7.3700,7.1700,7.3200,4097358,29776749.2400
2022-04-11,7.3000,7.3400,7.0300,7.0900,3357137,24115768.0400
2022-04-12,7.1100,7.3600,7.0200,7.3500,3790279,27285642.4100
2022-04-13,7.3300,7.3300,7.1400,7.1400,2276700,16412764.0000
2022-04-14,7.1500,7.2800,7.1400,7.2000,1751201,12580445.1600
2022-04-15,7.1500,7.1900,6.9800,7.0400,3280532,23187732.2800
2022-04-18,7.0200,7.1600,6.9200,7.1200,2401602,16972062.8600
2022-04-19,7.1300,7.2200,7.1000,7.1800,1703401,12203324.1300
2022-04-20,6.4600,7.1100,6.4600,6.8800,7549908,51501989.2400
2022-04-21,6.7200,6.9100,6.6000,6.6200,4909137,33020798.2400
2022-04-22,6.5900,6.6600,6.4700,6.6100,2750506,18070762.3200
2022-04-25,6.6000,6.6000,6.0000,6.0500,6311407,39435883.4100
2022-04-26,6.0000,6.0800,5.6200,5.6400,6037800,35316833.0000
2022-04-27,5.5600,5.8900,5.4700,5.8400,3990985,22687254.8300
2022-04-28,5.8400,6.4200,5.8000,6.0900,8663510,53357274.2700
2022-04-29,6.0900,6.3900,6.0000,6.1600,5674884,34837597.4300
2022-05-05,6.0800,6.3600,6.0200,6.3200,5692200,35589151.0000
2022-05-06,6.2300,6.4400,6.1900,6.3500,3900300,24737211.0000
2022-05-09,6.3400,6.5500,6.3000,6.5200,3542500,22892433.0000
2022-05-10,6.4000,6.6300,6.3900,6.5900,3661141,24055390.4200
2022-05-11,6.5900,6.8500,6.4700,6.4700,4019900,26715492.0000
2022-05-12,6.4000,6.6200,6.3700,6.4900,3098050,20113703.6900
2022-05-13,6.5300,6.6000,6.3900,6.5200,2270412,14716896.7500
2022-05-16,6.5300,6.7400,6.5000,6.5100,3159900,20897625.0000
2022-05-17,6.4900,6.5400,6.4000,6.5000,2744817,17760180.6500
2022-05-18,6.4800,6.6500,6.4800,6.5900,2404979,15831935.1900
2022-05-19,6.5000,6.5900,6.4800,6.5800,1792234,11720430.2600
2022-05-20,6.6200,6.6200,6.5000,6.5400,2930500,19159050.0000
2022-05-23,6.5400,6.6500,6.5100,6.6500,2419658,15948957.4800
2022-05-24,6.6800,6.8700,6.3700,6.3800,4907841,32461628.1700
2022-05-25,6.4300,6.5900,6.4100,6.5800,2640600,17224753.0000
2022-05-26,6.5900,6.8500,6.5400,6.7900,5197100,34983856.0000
2022-05-27,6.8000,6.8600,6.7000,6.7600,3187757,21596005.3400
2022-05-30,6.7600,6.9600,6.6900,6.9500,4802300,32962121.0000
2022-05-31,6.9600,6.9700,6.8500,6.9500,3059000,21184526.0000
2022-06-01,6.9300,7.0600,6.9000,7.0600,3974388,27782824.2400
2022-06-02,7.0000,7.1700,7.0000,7.1400,2621458,18633444.8000
2022-06-06,7.1200,7.1700,7.0600,7.0800,4400977,31247589.5700
2022-06-07,7.0600,7.1100,6.9000,7.0300,3693911,25791154.4500
2022-06-08,7.0900,7.0900,6.8200,6.9800,2736500,18975607.0000
2022-06-09,6.9800,7.0400,6.8900,6.9400,2382100,16559194.0100
2022-06-10,6.9000,7.0900,6.8300,6.9800,2440143,17050113.5700
2022-06-13,6.9100,7.0200,6.8800,6.9400,2832543,19636823.7000
2022-06-14,6.9500,6.9500,6.7200,6.8900,3282059,22411835.0200
2022-06-15,6.9300,6.9700,6.8600,6.8600,3900021,26916864.6900
2022-06-16,6.8800,6.9300,6.8400,6.8700,2304100,15855245.0000
2022-06-17,6.8500,6.9100,6.7500,6.8500,2203800,15051778.0000
2022-06-20,6.8500,6.9900,6.7700,6.9900,3664600,25319928.0000
2022-06-21,7.0000,7.0000,6.7400,6.7900,3630400,24884578.0000
2022-06-22,6.7900,6.8800,6.7100,6.7200,2277300,15481462.0000
2022-06-23,6.7200,7.0900,6.7000,7.0900,6633600,46403014.8000
2022-06-24,7.1500,7.5600,7.1000,7.4200,10819742,80018803.6400
2022-06-27,7.5000,7.6800,7.3700,7.5100,8067662,60440450.7800
2022-06-28,7.4600,8.2600,7.4600,8.2600,16583156,134690673.5200
2022-06-29,8.0000,8.8800,7.8500,7.9700,35866936,297061732.7600
2022-06-30,7.8500,8.0700,7.7900,7.8600,16642544,130960955.2800
2022-07-01,7.8000,8.0700,7.7600,7.8700,10718437,84881508.6600
2022-07-04,8.2900,8.6600,8.1800,8.6600,16908706,143447992.1600
2022-07-05,8.7000,9.2800,8.4900,8.6300,40563382,355678292.8900
2022-07-06,8.5000,8.8000,8.3000,8.5800,23229530,198010757.5100
2022-07-07,8.5800,8.8800,8.5000,8.5800,17832333,154580913.2000
2022-07-08,8.4500,8.5800,8.3600,8.3800,13645339,115251388.4500
2022-07-11,8.3800,8.4100,8.1500,8.3500,10233700,84762052.0000
2022-07-12,8.4100,8.4900,8.1600,8.2500,11990700,99556996.0000
2022-07-13,8.2800,8.2900,8.1500,8.1800,6921117,56703966.8900
2022-07-14,8.1800,8.3400,8.1300,8.2200,6977000,57628390.9800
2022-07-15,7.9200,8.1700,7.8100,7.8300,12689300,100607881.0000
2022-07-18,7.8400,8.1100,7.8400,8.0500,7739308,62057297.4000
2022-07-19,8.1000,8.2000,8.0100,8.1500,5786429,46899840.6400
2022-07-20,8.1200,8.4000,8.1100,8.4000,8908229,73998915.9900
2022-07-21,8.2000,8.3100,7.9900,8.0300,9998838,80951573.4900
2022-07-22,8.0700,8.2700,7.8700,8.0000,6882860,55368591.7100
2022-07-25,8.0800,8.1900,7.8300,7.8700,7162838,57139831.6500
2022-07-26,7.7900,7.9800,7.7300,7.8900,4509240,35466699.0500
2022-07-27,7.8000,8.0900,7.7400,7.9900,5160900,41280254.5500
2022-07-28,8.0300,8.1800,7.9800,8.1300,6274300,50689638.9800
2022-07-29,8.1300,8.1500,7.9900,8.0200,4630000,37246466.0000
2022-08-01,8.1800,8.5500,7.9200,8.0500,14142818,116226931.5600
2022-08-02,8.0000,8.2800,7.7400,7.7700,13408717,106341730.4200
2022-08-03,7.7400,8.5500,7.6200,8.5500,43022324,361929897.4700
2022-08-04,8.5600,8.5700,8.2000,8.2700,36624278,304787878.4900
2022-08-05,8.2100,8.4000,7.9700,8.2300,21121801,172274893.2000
2022-08-08,8.2200,8.3600,7.9900,8.2900,16098961,132690452.5200
2022-08-09,8.2200,8.2700,8.0000,8.1800,13362240,108382820.4000
2022-08-10,8.2100,8.4700,8.1500,8.2700,15360428,127570458.5200
2022-08-11,8.2200,8.3200,8.0900,8.1600,13273840,108301847.8000
2022-08-12,8.0800,8.1200,7.9000,7.9000,12350712,98493897.2200
2022-08-15,7.9200,8.4300,7.9000,8.3600,22553830,185968580.7700
2022-08-16,8.3300,8.5500,8.2000,8.2900,13437100,111669786.9900
2022-08-17,8.2300,8.3400,8.0800,8.1000,9500291,77336688.8300
2022-08-18,8.1000,8.1600,7.9400,8.1100,7555400,60953769.0000
2022-08-19,8.1500,8.1500,7.9200,7.9500,7714294,61745114.0400
2022-08-22,7.9500,8.0000,7.8000,7.9300,5547215,43827155.1800
2022-08-23,7.8800,7.9000,7.6300,7.6900,10669100,82413104.0000
2022-08-24,7.7800,7.7800,7.3200,7.3200,9725500,72251135.0000
2022-08-25,7.3100,7.4100,7.1800,7.2600,5838938,42412615.7000
2022-08-26,7.2500,7.3200,7.1900,7.2300,4429858,32037215.6000
2022-08-29,7.0000,7.2800,6.9000,7.2000,3222600,23070842.0000
2022-08-30,7.2000,7.3000,7.1800,7.2700,4203924,30409959.2800
2022-08-31,7.2700,7.3300,7.1000,7.1200,4060601,29145449.5800
2022-09-01,7.0900,7.1900,6.9800,7.0100,3291800,23253208.0000
2022-09-02,6.9900,7.2300,6.9900,7.2100,3252001,23223002.1700
2022-09-05,7.2100,7.2900,7.1200,7.1700,2460700,17712338.0000
2022-09-06,7.2000,7.3500,7.1600,7.2300,4294961,31177434.6000
2022-09-07,7.1900,7.2800,7.1600,7.2400,3471037,25032713.3800
2022-09-08,7.2400,7.6800,7.2100,7.4700,11255857,83891030.0800
2022-09-09,7.4000,7.6300,7.3100,7.5400,7137659,53223975.2700
2022-09-13,7.5400,8.2900,7.5100,8.0500,22872315,182622509.3100
2022-09-14,7.8000,8.0600,7.7100,8.0500,17416151,138340046.1900
2022-09-15,7.9400,8.1200,7.7500,7.9000,10869732,85989646.7900
2022-09-16,7.9000,8.1300,7.8600,7.9400,13300040,106553534.3400
2022-09-19,7.9600,8.0000,7.6000,7.7000,11606800,89819414.0000
2022-09-20,7.7600,7.8700,7.5800,7.7800,7613698,58949069.4800
2022-09-21,7.8200,7.8500,7.5100,7.7000,6778760,51661388.6000
2022-09-22,7.6700,7.9200,7.6300,7.7300,8290200,64770062.0000
2022-09-23,7.6500,7.9200,7.4800,7.5200,8533853,65427201.5000
2022-09-26,7.4200,7.5800,7.1400,7.1500,8636860,62968472.2000
2022-09-27,7.1500,7.3300,7.1500,7.2000,6474140,46794507.2000
2022-09-28,7.1700,7.3200,6.9200,6.9400,8766859,61865491.7500
2022-09-29,7.0100,7.6300,7.0000,7.6300,18674823,140517858.4900
2022-09-30,7.7200,7.9600,7.4500,7.4800,27924310,213768788.3800
2022-10-10,7.3700,7.5000,7.1900,7.2800,17173203,125913375.7800
2022-10-11,7.2800,7.4500,6.7100,7.2700,19183904,134734496.7800
2022-10-12,7.1800,7.2000,6.8400,7.1700,12708020,88791578.5500
2022-10-13,7.0300,7.8900,7.0000,7.8900,20996554,159254990.1200
2022-10-14,7.8600,8.1000,7.7600,7.9900,26453754,210526684.6300
2022-10-17,7.8700,8.4000,7.8700,8.1600,23236719,190134006.9400
2022-10-18,8.0700,8.2600,7.9100,8.0800,16904900,136112785.6000
2022-10-19,8.0800,8.1800,7.9500,7.9900,11682824,94052240.9600
2022-10-20,7.9700,8.0800,7.8000,7.9600,9944910,78794730.8000
2022-10-21,7.9600,8.0400,7.8300,7.9500,7772332,61696963.8800
2022-10-24,8.1500,8.2400,7.8800,7.9500,18387949,148332808.5500
2022-10-25,7.8100,8.0500,7.7600,7.8900,10371419,82082871.2900
2022-10-26,7.8900,8.0800,7.7700,7.9900,11239800,89458322.0000
2022-10-27,7.9600,8.0800,7.8600,7.9100,8477360,67453089.8000
2022-10-28,7.8800,7.9500,7.4500,7.5100,11797000,90529247.2000
2022-10-31,7.2800,7.7900,7.2200,7.6600,10892700,82519766.0000
2022-11-01,7.6800,8.1200,7.6000,7.9600,13409844,106403833.1900
2022-11-02,7.8800,8.0600,7.8800,7.9900,8149500,64906339.0000
2022-11-03,7.9900,8.1600,7.9000,8.0600,10159099,81803666.9300
2022-11-04,8.0600,8.1900,8.0100,8.0800,8936000,72202475.0000
2022-11-07,8.1500,8.3100,7.9200,8.0300,9853700,79187058.0000
2022-11-08,7.9600,8.1300,7.8700,8.0200,7749221,61818340.5300
2022-11-09,8.2000,8.3500,7.9400,7.9900,12857642,104063958.2600
2022-11-10,7.9000,7.9700,7.7500,7.8100,10082600,79131752.0000
2022-11-11,7.8900,8.5900,7.8900,8.5900,27009968,225195570.7300
2022-11-14,8.9000,9.4500,8.8000,8.8900,69657551,634599496.7300
2022-11-15,8.7800,9.1000,8.7100,8.9100,42211508,376351203.4000
2022-11-16,8.8000,9.6700,8.8000,8.9600,47749174,437470993.5400
2022-11-17,8.9100,9.0800,8.6200,8.7700,30261266,266070638.0000
2022-11-18,8.7100,8.8000,8.2800,8.3500,28576004,241900092.1200
2022-11-21,8.2100,8.3500,8.1600,8.2500,15582088,128326846.9400
2022-11-22,8.2500,8.2500,7.8800,7.9300,18888275,151640783.5000
2022-11-23,7.9400,7.9700,7.6300,7.7800,12095800,93972805.0000
2022-11-24,7.7200,7.7900,7.5500,7.6000,12292340,93803787.2000
2022-11-25,7.5700,7.6800,7.5000,7.6100,8140174,61889941.7400
2022-11-28,7.6100,7.8600,7.3700,7.8100,15350619,117250825.6500
2022-11-29,7.7300,7.8600,7.7100,7.8100,9708977,75524493.3200
2022-11-30,7.9200,7.9500,7.6800,7.7200,9948409,77574333.5300
2022-12-01,7.7200,7.8000,7.6700,7.7700,8371012,64750667.6400
2022-12-02,7.7500,7.7600,7.6100,7.6400,9528600,73266991.9900
2022-12-05,7.7000,7.7500,7.6200,7.7400,7700697,59319644.4000
2022-12-06,7.6200,7.6900,7.4000,7.6800,12933635,97494450.1600
2022-12-07,7.6400,7.7300,7.5600,7.5900,9469981,72302027.1100
2022-12-08,7.5600,7.5800,7.3800,7.3800,9010075,67127516.5000
2022-12-09,7.4000,7.4800,7.2400,7.2500,11495221,84118259.2700
2022-12-12,7.2500,7.7000,7.2000,7.5600,15737255,117782436.3400
2022-12-13,7.5500,7.6600,7.3800,7.4400,10138611,76075120.1900
2022-12-14,7.4500,7.5400,7.3300,7.3600,7270271,54058046.9100
2022-12-15,7.3600,7.4400,7.3500,7.4300,5718764,42405872.2400
2022-12-16,7.4300,7.4300,7.2700,7.3000,4594787,33609610.9100
2022-12-19,7.3000,7.3500,7.1100,7.1400,5085500,36557978.0000
2022-12-20,7.1500,7.2500,7.1400,7.2200,3296781,23746051.2000
2022-12-21,7.2500,7.2500,7.0100,7.0700,5216035,37042055.2100
2022-12-22,7.0600,7.2000,6.9500,7.0100,6090500,43057340.0000
2022-12-23,7.0600,7.1100,7.0000,7.0400,4551600,32066493.0000
2022-12-26,7.0800,7.2600,7.0500,7.2500,4973032,35745736.3600
2022-12-27,7.2500,7.3800,7.1600,7.3700,5954300,43346002.1500
2022-12-28,7.3600,7.4000,7.1800,7.1800,4173465,30303481.2000
2022-12-29,7.1600,7.3300,7.1100,7.2300,4716149,34089790.5400
2022-12-30,7.2200,7.2800,7.1300,7.2000,4010088,28896592.9300
2023-01-03,7.1700,7.3400,7.1500,7.3400,5560855,40501345.4200
2023-01-04,7.3300,7.3700,7.2400,7.3500,4711001,34517414.0900
2023-01-05,7.3600,7.3700,7.2700,7.3000,4179429,30480361.1600
2023-01-06,7.3000,7.3300,7.1700,7.1700,4704600,33972994.0000
2023-01-09,7.1800,7.2600,7.1200,7.1400,4545340,32612459.6000
2023-01-10,7.1600,7.1800,7.0300,7.0600,4652330,32890992.7000
2023-01-11,7.0700,7.1200,6.9700,6.9800,5186500,36451481.0000
2023-01-12,7.1000,7.5600,7.0700,7.2000,13289739,96323010.0300
2023-01-13,7.1300,7.2000,7.0000,7.0800,8482826,60202281.5000
2023-01-16,7.1100,7.3900,7.0900,7.2000,7753932,56148498.4000
2023-01-17,7.2000,7.2200,7.1000,7.1200,5508820,39393784.6000
2023-01-18,7.1200,7.1600,7.0900,7.1300,3925239,27959352.3000
2023-01-19,7.1100,7.2200,7.0800,7.2100,5954167,42641855.7300
2023-01-20,7.2400,7.2800,7.1700,7.2600,5578841,40366346.4000
2023-01-30,7.3200,7.6300,7.3100,7.5300,17511161,131219396.5900
2023-01-31,6.7800,7.1600,6.7800,6.9900,36576968,252973097.9300
2023-02-01,6.9900,7.2700,6.9100,7.2500,26214083,185859606.4900
2023-02-02,7.2600,7.4600,7.0700,7.0800,20979314,150157102.6300
2023-02-03,7.0000,7.0800,6.9600,7.0500,10503700,73693228.0000
2023-02-06,7.0500,7.2400,7.0000,7.1400,14288100,102142353.0000
2023-02-07,7.1600,7.1800,7.0000,7.0500,10980800,77369937.0000
2023-02-08,7.0500,7.0500,6.8400,6.8700,12480936,86085940.0800
2023-02-09,6.8400,6.9400,6.8100,6.9100,8946194,61487748.9000
2023-02-10,6.9200,6.9700,6.7800,6.8200,12189443,83263405.9700
2023-02-13,6.8200,6.8900,6.8000,6.8800,7705358,52795127.5600
2023-02-14,6.9200,6.9200,6.8300,6.8500,6406502,43858933.6600
2023-02-15,6.8500,6.8800,6.8000,6.8700,7034900,48100168.0000
2023-02-16,6.8700,6.8800,6.6000,6.6600,15176210,102308104.3800
2023-02-17,6.6500,6.6900,6.5200,6.6900,10211000,67476477.0600
2023-02-20,6.6700,6.6700,6.5400,6.6000,7933300,52162390.9700
2023-02-21,6.6000,6.6800,6.5800,6.6600,7098197,47126985.0800
2023-02-22,6.6600,6.7300,6.6100,6.6900,7322047,49025037.9000
2023-02-23,6.6900,6.8000,6.6800,6.7400,8172989,55043302.8400
2023-02-24,6.7700,6.7900,6.7100,6.7800,7771360,52520291.2200
2023-02-27,6.7800,6.7900,6.6000,6.6300,7828900,52376758.0000
2023-02-28,6.6400,6.6900,6.5900,6.6900,6140460,40770410.2000
2023-03-01,6.6800,6.7000,6.6300,6.6900,4523800,30151436.0000
2023-03-02,6.6900,6.7600,6.6600,6.6700,6716900,45039820.0000
2023-03-03,6.6800,6.7200,6.6200,6.7200,6167359,41170824.7100
2023-03-06,6.7600,6.8100,6.7200,6.8000,9816400,66459184.0000
2023-03-07,6.7900,6.7900,6.6300,6.6300,9097000,60954588.6200
2023-03-08,6.6400,6.7500,6.6200,6.7500,6842918,45972240.7800
2023-03-09,6.6800,6.6800,6.4400,6.4600,17895384,117058419.7600
2023-03-10,6.4500,6.4900,6.3600,6.4200,8120800,52157148.0000
2023-03-13,6.4100,6.4200,6.1400,6.2400,12415235,77379963.8100
2023-03-14,6.2400,6.3200,6.1400,6.2300,6719001,41836855.4000
2023-03-15,6.2300,6.2700,6.2100,6.2300,4967000,30988141.0000
2023-03-16,6.2100,6.2100,6.0500,6.0500,6797076,41558749.6300
2023-03-17,6.0800,6.1000,5.9800,5.9800,7573043,45607693.1400
2023-03-20,5.8500,5.8500,5.4200,5.4700,28777400,159201057.8500
2023-03-21,5.5500,6.0200,5.5300,6.0200,14230298,84268162.8000
2023-03-22,6.0200,6.0200,6.0200,6.0200,,
2023-03-23,5.7200,5.7200,5.7200,5.7200,1871600,10705552.0000
2023-03-24,5.4300,5.4300,5.4300,5.4300,5112000,27758160.0000
2023-03-27,5.7000,5.7000,5.7000,5.7000,25429353,144947312.1000
2023-03-28,5.7700,5.9900,5.6200,5.9900,38684593,225633815.4800
2023-03-29,6.2900,6.2900,6.2900,6.2900,4352600,27377854.0000
2023-03-30,6.2400,6.3500,6.0200,6.0500,36912860,227498401.7400
2023-03-31,6.1500,6.3500,6.1500,6.3500,5987292,37758368.9800
2023-04-03,6.5700,6.6700,6.3800,6.5700,36705212,241673587.6700
2023-04-04,6.5800,6.7300,6.5000,6.5000,21454973,141920058.9300
2023-04-06,6.4100,6.8300,6.4100,6.7800,20355346,136255014.0500
2023-04-07,6.7800,6.8400,6.5900,6.6800,17050886,114269393.1500
2023-04-10,6.7300,6.8500,6.4800,6.5600,14200021,94677788.2500
2023-04-11,6.6000,6.7100,6.5300,6.6900,8096865,53537326.6700
2023-04-12,6.6500,6.7700,6.5300,6.5600,7738500,51319729.0000
2023-04-13,6.5100,6.6000,6.4300,6.4300,9045372,58767567.5200
2023-04-14,6.4300,6.6400,6.4300,6.5900,7015124,45850215.0800
2023-04-17,6.5600,6.9200,6.5600,6.9200,11093100,75446736.0000
2023-04-18,6.9600,7.1400,6.8300,6.9600,20755675,144598836.4500
2023-04-19,7.1400,7.2600,6.9700,7.0800,16051674,113898331.9400
2023-04-20,7.0500,7.1000,6.8100,6.9100,11029262,76339720.0800
2023-04-21,6.9100,7.0500,6.8400,6.8500,8301700,57664647.0000
2023-04-24,6.8600,7.1500,6.8600,7.0000,9270450,64858251.0000
2023-04-25,7.0500,7.0500,6.6500,6.6500,11258737,75890977.6300
2023-04-26,6.5600,6.7000,6.4500,6.5800,6238200,40975683.0000
2023-04-27,6.5600,6.7500,6.4900,6.6600,5758274,38239960.4400
2023-04-28,6.6200,6.9400,6.3400,6.7900,15042386,99005578.0300
2023-05-04,6.8200,7.0000,6.6400,6.6600,7060603,47850761.1600
2023-05-05,6.6500,6.6600,6.4500,6.5500,6166400,40310368.7800
2023-05-08,6.6500,6.6900,6.4000,6.6200,8678545,56801880.7900
2023-05-09,6.6200,6.6200,6.6200,6.6200,,
2023-05-10,6.6200,6.6200,6.6200,6.6200,,
2023-05-11,6.9500,6.9500,6.9500,6.9500,731100,5081145.0000
2023-05-12,7.3000,7.3000,7.3000,7.3000,1641900,11985870.0000
2023-05-15,7.6700,7.6700,7.1700,7.4000,36831479,275794421.6300
2023-05-16,7.2900,7.3000,7.0300,7.0300,17180032,121935755.6500
2023-05-17,7.0300,7.1000,6.8400,7.0400,11853969,82607329.5800
2023-05-18,6.9700,7.0000,6.7700,6.8600,9927402,68351281.4500
2023-05-19,6.7600,6.7800,6.5700,6.6400,10583129,70369982.4100
2023-05-22,6.6200,6.6700,6.4500,6.6000,7443030,48954811.3200
2023-05-23,6.5700,6.7500,6.5600,6.6600,7344435,48964989.3900
2023-05-24,6.6500,6.6600,6.3300,6.3300,12329256,79573130.2600
2023-05-25,6.3100,6.3700,6.1100,6.2800,8620255,54032072.9200
2023-05-26,6.3100,6.4000,6.2000,6.2800,4069087,25575084.4000
2023-05-29,6.4000,6.4300,6.2000,6.2700,5681994,35863708.8000
2023-05-30,6.1000,6.3000,6.0600,6.2700,5112532,31653170.9800
2023-05-31,6.2600,6.5800,6.2200,6.5100,8050953,51889224.2400
2023-06-01,6.4200,6.5000,6.3700,6.4200,4641463,29839920.7200
2023-06-02,6.4000,6.5400,6.3800,6.5400,4603799,29723219.8600
2023-06-05,6.5600,6.6700,6.5600,6.6500,4611489,30516753.9200
2023-06-06,6.6500,6.6800,6.5100,6.5500,5440927,35812374.7000
2023-06-07,6.5400,6.5400,6.4000,6.4800,4597464,29689586.6000
2023-06-08,6.4400,6.4800,6.3400,6.3600,4499781,28780566.2100
2023-06-09,6.3600,6.3900,6.2000,6.3600,4545131,28585842.6000
2023-06-12,6.3400,6.3600,6.2700,6.2900,2596803,16362303.8100
2023-06-13,6.3300,6.3600,6.2800,6.3100,2251849,14229652.0200
2023-06-14,6.3100,6.5000,6.3100,6.4200,4245058,27209030.6800
2023-06-15,6.4500,6.4500,6.3300,6.3500,4095007,26081475.4600
2023-06-16,6.3800,6.4300,6.3300,6.4000,3544782,22646004.4800
2023-06-19,6.4200,6.5200,6.3900,6.4300,2955929,19033571.3300
2023-06-20,6.4100,6.6600,6.4100,6.5600,6028820,39621191.6300
2023-06-21,6.5700,6.5900,6.4400,6.4900,4243186,27678564.4600
2023-06-26,6.4600,6.4900,6.4200,6.4600,2878729,18559277.4400
2023-06-27,6.4600,6.5600,6.4300,6.5400,3187245,20793999.1400
2023-06-28,6.5300,6.5700,6.3000,6.3700,4372200,27923404.0000
2023-06-29,6.2700,6.4000,6.2300,6.2500,4782800,30080547.0000
2023-06-30,6.2500,6.3800,6.2100,6.3200,3678703,23227093.0200
2023-07-03,6.3900,6.4900,6.3200,6.3500,3630539,23165303.6000
2023-07-04,6.3600,6.3600,6.3100,6.3300,2417865,15314472.1000
2023-07-05,6.3300,6.3500,6.2700,6.2900,2790186,17580133.5200
2023-07-06,6.3000,6.3000,6.2200,6.2700,2259799,14121637.7600
2023-07-07,6.2800,6.3500,6.2100,6.3400,2810800,17664124.0000
2023-07-10,6.3400,6.3700,6.2800,6.3100,1737429,10989320.4100
2023-07-11,6.3000,6.3600,6.3000,6.3200,1896801,11990066.3100
2023-07-12,6.3200,6.3200,6.2200,6.2200,2231100,13971018.0000
2023-07-13,6.2000,6.2500,6.1200,6.2000,2433029,15075051.9300
2023-07-14,6.2000,6.2300,6.1500,6.2200,1635282,10142410.3900
2023-07-17,6.2000,6.2000,6.1000,6.1300,2535973,15573428.9300
2023-07-18,6.1300,6.1800,6.0900,6.1000,2136224,13066554.8800
2023-07-19,6.0600,6.1000,6.0500,6.0900,2121750,12891784.0000
2023-07-20,6.1300,6.3000,6.1000,6.1500,3356684,20725613.3700
2023-07-21,6.2200,6.2200,6.0900,6.1400,1983210,12161763.1000
2023-07-24,6.1000,6.1400,6.0500,6.0700,2316550,14094378.0000
2023-07-25,6.0700,6.1200,6.0600,6.0900,3042085,18496393.8500
2023-07-26,6.0600,6.0900,5.9900,6.0000,3230902,19461068.9800
2023-07-27,5.9800,6.0800,5.9700,6.0600,3548016,21440012.8600
2023-07-28,6.0400,6.0800,6.0100,6.0500,1964226,11870100.3200
2023-07-31,6.0700,6.1800,6.0500,6.1700,4320332,26454924.6800
2023-08-01,6.1800,6.2200,6.1300,6.2100,2516821,15528516.2000
2023-08-02,6.2000,6.2400,6.1400,6.1400,2391800,14796136.0000
2023-08-03,6.1600,6.1600,6.0800,6.1000,2543500,15525328.0000
2023-08-04,6.1000,6.1500,6.0900,6.1200,2068400,12665432.0000
2023-08-07,6.1000,6.2100,6.0900,6.1100,2593628,15929805.2000
2023-08-08,6.1000,6.1100,6.0300,6.0600,2417900,14677294.0000
2023-08-09,6.0700,6.3600,6.0400,6.2700,7889138,49457857.9900
2023-08-10,6.2200,6.2700,6.1500,6.2400,4172251,25884476.2900
2023-08-11,6.2500,6.4500,6.2300,6.3800,7524401,47764531.3100
2023-08-14,6.3200,6.4300,6.2800,6.3400,3335100,21158541.0000
2023-08-15,6.3000,6.3900,6.2300,6.3400,3520100,22281206.0000
2023-08-16,6.3700,6.3800,6.1900,6.2200,4108300,25744117.0000
2023-08-17,6.1100,6.2200,6.0900,6.1900,3965580,24403692.2000
2023-08-18,6.1500,6.2400,6.1100,6.1100,2462200,15210370.0000
2023-08-21,6.1200,6.1400,6.0300,6.0800,3053801,18604982.0900
2023-08-22,6.0500,6.0900,5.7800,5.8000,10538100,61629203.0000
2023-08-23,5.7700,5.7700,5.5100,5.5100,9367400,52386018.0000
2023-08-24,5.5200,5.6700,5.4100,5.6000,5709200,31644946.0000
2023-08-25,5.5500,5.6200,5.3300,5.3400,5878500,32021255.0000
2023-08-28,5.3900,5.5700,5.0700,5.0700,14638776,75850108.6900
2023-08-29,5.0000,5.1500,4.8200,5.1300,9799423,48841892.0900
2023-08-30,5.0200,5.2400,5.0100,5.2400,6236847,32031747.2900
2023-08-31,5.2000,5.2400,4.9800,4.9900,10878357,54754352.0400
2023-09-01,4.9900,5.0600,4.9200,5.0500,6274418,31422478.1800
2023-09-04,5.0300,5.2000,4.9700,5.1600,5932740,30194760.2000
2023-09-05,5.1000,5.1900,5.0800,5.1500,5165900,26541141.0000
2023-09-06,5.1500,5.1800,5.1000,5.1200,3388556,17372425.1600
2023-09-07,5.1000,5.1500,5.0200,5.0400,3545181,17965911.2400
2023-09-08,5.0900,5.1500,5.0300,5.1000,3848800,19595921.0000
2023-09-11,5.1000,5.1000,5.0500,5.0800,2379524,12069137.9200
2023-09-12,5.1100,5.3300,5.0800,5.3300,10110311,53424554.3900
2023-09-13,5.3000,5.6000,5.2700,5.4900,14158185,77264647.4900
2023-09-14,5.4500,5.4700,5.2800,5.2800,7996701,42688127.2800
2023-09-15,5.4700,5.5400,5.3600,5.5400,13205703,72478904.5900
2023-09-18,5.4700,5.6000,5.4300,5.4300,8282748,45439024.0000
2023-09-19,5.4200,5.4500,5.2800,5.4200,5557501,29807923.3000
2023-09-20,5.3900,5.5300,5.3400,5.4400,5712021,31024249.4500
2023-09-21,5.4100,5.4300,5.2300,5.2500,5329801,28441124.3100
2023-09-22,5.2200,5.3400,5.1200,5.2400,5424586,28282724.6400
2023-09-25,5.2000,5.2100,5.0300,5.1100,5279400,26923859.0000
2023-09-26,5.1000,5.1300,5.0600,5.0900,2824800,14396852.0000
2023-09-27,5.0900,5.1500,5.0700,5.0900,2677600,13668337.0000
2023-09-28,5.2800,5.2900,5.1600,5.2200,3551450,18524823.5000
2023-10-09,5.1800,5.2200,5.0500,5.0700,4276100,21843437.0000
2023-10-10,5.0400,5.1400,5.0000,5.0700,4808244,24325421.9200
2023-10-11,5.0700,5.0900,4.8200,4.8200,9415000,46023122.0000
2023-10-12,4.6800,4.7500,4.5800,4.5800,6056600,27956561.0000
2023-10-13,4.4100,4.7400,4.4100,4.6400,9894300,45463140.0000
2023-10-16,4.5800,4.6000,4.4100,4.4200,9046377,40170133.8300
2023-10-17,4.3500,4.4800,4.3100,4.4100,5365651,23616019.8500
2023-10-18,4.4000,4.6300,4.3600,4.6300,5215800,23637319.0000
2023-10-19,4.7300,4.8600,4.7000,4.8600,7179250,34617999.0000
2023-10-20,4.9100,4.9900,4.6200,4.6500,11215500,52995609.8500
2023-10-23,4.5200,4.5900,4.4200,4.4600,6412864,28844441.6400
2023-10-24,4.4200,4.6800,4.4000,4.6800,6574964,30465080.8800
2023-10-25,4.7000,4.8900,4.6600,4.6700,5496210,26004274.6000
2023-10-26,4.7000,4.8500,4.5800,4.7500,4795600,22627336.0000
2023-10-27,4.7400,4.8100,4.6600,4.7100,4463200,21057321.0000
2023-10-30,4.7300,4.7500,4.6600,4.7500,3851802,18120233.6400
2023-10-31,4.7200,4.9900,4.7000,4.9900,8100822,39883766.1200
2023-11-01,4.9900,4.9900,4.8100,4.9000,6117100,30010906.0000
2023-11-02,4.9700,5.1500,4.9600,5.0900,10965544,56080073.1600
2023-11-03,5.0700,5.2600,5.0100,5.1300,7439009,38193648.3500
2023-11-06,5.1400,5.2300,5.0500,5.1200,6053974,30998311.6600
2023-11-07,5.1200,5.1200,5.0000,5.0300,5933900,29896600.0000
2023-11-08,5.0200,5.0800,4.9800,5.0600,4655980,23371366.8000
2023-11-09,5.3100,5.3100,5.3100,5.3100,2431328,12910351.6800
2023-11-10,5.5800,5.5800,5.4100,5.5800,9791000,54324055.0000
2023-11-13,5.8600,5.8600,5.8600,5.8600,737700,4322922.0000
2023-11-14,6.1500,6.1500,6.1500,6.1500,2369064,14569743.6000
2023-11-15,6.1500,6.4500,6.0200,6.3000,28086317,175316683.5800
2023-11-16,6.2500,6.5700,6.1500,6.1500,17971471,114125765.1100
2023-11-17,6.1500,6.2100,5.9900,6.0000,11594700,70741076.3600
2023-11-20,6.2500,6.3000,6.0700,6.0700,13454889,83422334.7100
2023-11-21,5.9600,6.0900,5.8700,6.0700,11660701,69616340.9500
2023-11-22,6.0700,6.2400,6.0300,6.1500,10101701,62255071.1000
2023-11-23,6.1600,6.3000,6.0600,6.2100,8199511,50748521.5200
2023-11-24,6.1500,6.2400,6.0700,6.1800,5796200,35673408.0000
2023-11-27,6.3000,6.4900,6.2100,6.4900,13825403,89273477.4500
2023-11-28,6.4800,6.5500,6.4000,6.5400,10277313,66633690.4300
2023-11-29,6.5500,6.6300,6.4200,6.5100,7981809,51865949.4200
2023-11-30,6.5500,6.6400,6.1800,6.1800,18956352,120873574.4200
2023-12-01,6.1100,6.2100,5.9700,6.0800,14694909,89071332.7200
2023-12-04,6.0800,6.2600,6.0800,6.2100,8624600,53419585.0000
2023-12-05,6.2100,6.2400,6.1000,6.1100,4601809,28401518.6200
2023-12-06,6.1100,6.2000,6.1000,6.1400,3629700,22308149.0000
2023-12-07,6.1000,6.1200,5.9800,6.0600,6372000,38568161.0000
2023-12-08,6.1100,6.3400,6.1100,6.1600,6149700,38181317.9800
2023-12-11,6.1600,6.2200,6.0600,6.1800,3946927,24193408.7000
2023-12-12,6.1800,6.1900,6.1200,6.1500,2507900,15429717.0000
2023-12-13,6.1700,6.2400,6.1200,6.1300,2251800,13892821.0000
2023-12-14,6.1900,6.2300,6.1100,6.1400,3218901,19834462.1200
2023-12-15,6.2000,6.3000,6.0800,6.1200,6874700,42270758.0000
2023-12-18,6.1300,6.1500,5.8100,5.8600,7072201,41984969.8900
2023-12-19,5.8600,6.0200,5.8300,5.9800,4209500,25036376.0000
2023-12-20,6.0900,6.2300,5.9900,5.9900,5626500,34336108.0000
2023-12-21,5.9800,6.1100,5.9400,6.0700,3222288,19426030.6000
2023-12-22,6.0500,6.1100,5.9400,5.9900,4363998,26317347.4400
2023-12-25,6.0900,6.2200,6.0700,6.1000,6107110,37473040.2000
2023-12-26,6.1000,6.1000,6.0100,6.0500,3134802,18939296.0200
2023-12-27,6.0400,6.0700,5.9300,6.0500,3143003,18855434.0300
2023-12-28,6.0600,6.2300,6.0300,6.1300,5964088,36654209.9200
2023-12-29,6.1400,6.3800,6.1200,6.3200,8379001,52533506.3100
2024-01-02,6.4000,6.6400,6.3200,6.6400,12595356,82163913.8400
2024-01-03,6.8000,6.8800,6.6100,6.7000,12900810,86700776.0800
2024-01-04,6.6900,6.8700,6.6400,6.6800,9926317,66768491.0000
2024-01-05,6.6600,6.6800,6.3500,6.3800,9892139,64042806.8200
2024-01-08,6.3900,6.4400,6.3100,6.3200,3770900,24028692.0000
2024-01-09,6.3300,6.4500,6.3100,6.4000,2812400,17975001.0000
2024-01-10,6.3900,6.6300,6.3400,6.4600,5584400,36063188.0000
2024-01-11,6.4800,6.6600,6.4400,6.5600,5282500,34685636.0000
2024-01-12,6.5600,6.5800,6.4300,6.4400,4917600,31836147.0000
2024-01-15,6.4900,6.4900,6.4100,6.4500,3017796,19472414.2400
2024-01-16,6.4600,6.4600,6.2600,6.4000,4929231,31405855.6800
2024-01-17,6.4200,6.4300,6.1900,6.1900,5060909,31827918.7000
2024-01-18,6.1600,6.2700,6.0600,6.2200,5072210,31162610.8800
2024-01-19,6.2200,6.2700,6.1800,6.2200,2384200,14830289.0000
2024-01-22,6.2400,6.2400,5.9300,6.0000,3931500,23872892.0000
2024-01-23,5.9500,6.1300,5.9400,6.1000,4046300,24458679.0000
2024-01-24,6.1400,6.1500,5.8900,6.0800,4400700,26565666.0000
2024-01-25,6.0900,6.2200,6.0600,6.2200,4331893,26633347.0200
2024-01-26,6.2200,6.3500,6.1700,6.1900,4089900,25550935.0000
2024-01-29,6.1900,6.2500,6.1400,6.2400,3684676,22837628.1200
2024-01-30,6.1500,6.2300,5.9300,5.9300,6973826,42181161.8400
2024-01-31,5.8300,5.9400,5.6300,5.6300,6037543,34631555.2500
2024-02-01,5.5300,5.6500,5.3500,5.3800,5139107,28078778.7500
2024-02-02,5.4000,5.5400,5.1100,5.1300,8667700,45286894.0000
2024-02-05,5.0500,5.1200,4.8700,4.8700,8243913,40806575.1000
2024-02-06,4.6300,5.0600,4.6300,4.9200,8908414,42431922.3700
2024-02-07,5.0000,5.1700,5.0000,5.1100,9317100,47643030.0000
2024-02-08,5.0400,5.2800,4.9200,5.2200,7853600,39817659.0000
2024-02-19,5.2700,5.4800,5.2700,5.4600,6355800,34311175.5000
2024-02-20,5.4800,5.6800,5.3700,5.6400,5752100,31988118.0000
2024-02-21,5.6100,5.6600,5.5000,5.5800,7124334,39817131.8600
2024-02-22,5.5000,5.6200,5.4800,5.5300,5769041,31914127.3200
2024-02-23,5.6600,5.8100,5.6600,5.8100,10157442,58827110.5600
2024-02-26,5.7300,5.9100,5.7000,5.8300,7198765,41907394.8900
2024-02-27,5.8000,5.8800,5.7800,5.8600,4888029,28495431.8700
2024-02-28,5.8600,5.9200,5.5700,5.5700,8245500,47187086.0000
2024-02-29,5.5000,5.7200,5.4500,5.6700,5051260,28343502.2000
2024-03-01,5.6700,5.9000,5.6300,5.8800,6258676,36249475.2800
2024-03-04,5.8500,6.1700,5.8500,6.1700,10087801,61180589.0300
2024-03-05,6.2200,6.2500,6.1200,6.1600,6816501,42109327.1500
2024-03-06,6.2200,6.3400,6.1400,6.2600,7740268,48442826.9800
2024-03-07,6.2300,6.3000,6.0700,6.1600,7818289,48391272.5600
2024-03-08,6.2000,6.2600,6.1400,6.2100,4909345,30413632.7600
2024-03-11,6.1700,6.2400,6.0500,6.1300,9127300,56239755.9900
2024-03-12,6.0900,6.2100,6.0400,6.1700,7164576,43784160.0800
2024-03-13,6.1500,6.2000,6.0400,6.0700,4976824,30539722.3600
2024-03-14,6.0400,6.3300,6.0400,6.2500,7822700,48602037.0000
2024-03-15,6.2700,6.4200,6.2000,6.3900,6401756,40399973.0000
2024-03-18,6.4200,6.5500,6.3300,6.4900,7798292,50147769.3200
2024-03-19,6.6800,6.8100,6.5600,6.8100,18193056,122890579.6500
2024-03-20,6.8600,7.1500,6.6600,6.7700,27092606,186506707.5900
2024-03-21,6.7700,7.0700,6.6700,7.0000,18131541,123899683.1200
2024-03-22,6.9600,7.2900,6.9600,7.2900,17784647,126316626.2900
2024-03-25,7.1900,7.4200,7.0900,7.1000,12120100,87947904.0000
2024-03-26,7.1400,7.3200,7.0400,7.2000,8455192,60907266.0400
2024-03-27,7.0700,7.1100,6.8400,6.8400,15204700,106001998.0000
2024-03-28,6.8800,7.1800,6.8800,7.1700,13241000,93880042.0000
2024-03-29,7.1600,7.2900,7.0800,7.2500,7445624,53435223.6400
2024-04-01,7.2500,7.6100,7.2100,7.6100,13464808,100404709.6400
2024-04-02,7.6400,7.9900,7.5900,7.8000,15220832,118749987.9200
2024-04-03,7.7600,8.0700,7.6500,8.0500,12086600,94470507.0000
2024-04-08,8.0500,8.2400,7.8400,7.9500,10881300,87435940.1300
2024-04-09,7.9100,8.1100,7.8900,7.9400,7233421,57779668.5300
2024-04-10,7.9200,7.9700,7.5900,7.7500,9577184,74285007.6000
2024-04-11,7.5600,7.8900,7.4700,7.8200,8843562,68145314.2800
2024-04-12,7.7800,8.1000,7.7800,8.0800,7214200,57692758.0000
2024-04-15,8.0100,8.0500,7.6800,7.8900,10655600,83645599.0000
2024-04-16,7.7300,7.8700,7.5000,7.5000,5855100,44357654.0000
2024-04-17,7.1300,7.3700,7.1300,7.1300,14736100,105810909.0000
2024-04-18,7.1900,7.3500,7.1300,7.2700,8339729,60460846.2200
2024-04-19,7.1900,7.2800,6.9100,6.9800,13721429,96299725.3800
2024-04-22,6.9800,7.3300,6.7100,7.2900,9737100,68853479.0000
2024-04-23,7.2700,7.5800,7.2700,7.5200,7706301,57442851.4800
2024-04-24,7.4400,7.6400,7.2200,7.4500,8570702,64128630.0200
2024-04-25,7.0800,7.1900,7.0800,7.0800,6642782,47078109.7400
2024-04-26,6.7300,6.9300,6.7300,6.7500,17613709,119097353.5900
2024-04-29,6.7400,6.9300,6.7300,6.8400,7745295,53187820.6000
2024-04-30,6.8400,7.0400,6.8400,6.9200,5309700,36890003.0000
2024-05-06,6.9500,7.1100,6.8200,6.8300,4981200,34651602.0000
2024-05-07,6.8000,6.9100,6.6900,6.8700,5218801,35574528.7500
2024-05-08,6.8700,7.0900,6.8100,7.0400,6450302,45112923.9100
2024-05-09,6.9100,7.3900,6.9100,7.3900,13096501,94389383.3700
2024-05-10,7.3000,7.4700,7.2700,7.4100,8846630,65224943.9000
2024-05-13,7.3800,7.3800,7.0400,7.0400,9527310,68170274.4000
2024-05-14,7.0800,7.3900,7.0600,7.3300,7749120,56313146.8000
2024-05-15,7.3300,7.3300,7.3300,7.3300,,
2024-05-16,8.0600,8.0600,7.4300,7.4800,57202316,449078691.0000
2024-05-17,7.6500,8.2300,7.5500,8.2300,36147490,288832703.0000
2024-05-20,8.2500,9.0500,8.1800,9.0500,80448256,717940178.5400
2024-05-21,9.3000,9.3900,8.1600,8.4000,73740122,631170021.7000
2024-05-22,8.5500,9.2300,8.0600,8.8000,70262808,600220305.0700
2024-05-23,8.8000,9.2000,8.5500,8.9400,63913639,568583465.0000
2024-05-24,8.6000,8.6300,8.1000,8.1900,42937080,359629874.6300
2024-05-27,8.1800,8.1800,7.5100,7.7000,31028706,239081715.9600
2024-05-28,7.7500,7.8500,7.5900,7.7600,20991000,162293664.0000
2024-05-29,7.7900,7.9500,7.4900,7.5000,21521606,164589544.9200
2024-05-30,7.3500,7.6700,7.2000,7.4000,21082706,156367968.4000
2024-05-31,7.5000,7.9800,7.5000,7.6700,29984306,232616266.3800
2024-06-03,7.5400,7.6700,7.2200,7.2900,24447600,180680401.0000
2024-06-04,7.2000,7.5500,6.9500,7.3300,23226700,169024788.0000
2024-06-05,7.4300,7.6300,7.2300,7.3000,23000300,170293472.0000
2024-06-06,7.2200,7.2200,6.7300,6.7600,27621700,191764021.0000
2024-06-07,6.8800,7.0000,6.7100,6.9200,16021000,109958566.0000
2024-06-11,6.9000,7.0200,6.7100,6.9600,11629900,79965304.0000
2024-06-12,6.9000,7.1400,6.8600,7.0200,11067000,77520491.0000
2024-06-13,6.9900,7.0100,6.7900,6.8000,10768800,73892699.0000
2024-06-14,6.7000,6.7400,6.5000,6.5900,15274600,100874137.0000
2024-06-17,6.5900,6.7000,6.4900,6.5200,10630000,69766689.0000
2024-06-18,6.6400,6.6400,6.5000,6.6100,9827700,64666158.0000
2024-06-19,6.6000,6.6700,6.3500,6.3700,14634900,95035026.0000
2024-06-20,6.3200,6.3500,6.0500,6.0500,14583396,90027106.5200
2024-06-21,6.0000,6.1200,6.0000,6.0800,8658001,52568328.0800
2024-06-24,6.0400,6.1300,5.8600,5.8600,10502401,62714417.8600
2024-06-25,5.8500,6.0000,5.8100,5.8800,7680603,45395818.7000
2024-06-26,5.8800,6.0300,5.7900,6.0000,9492900,56264749.0000
2024-06-27,5.9700,6.0100,5.8500,5.8500,7491301,44298770.8800
2024-06-28,5.8600,6.0300,5.8500,5.9800,8555450,51114997.5000
2024-07-01,6.0000,6.0100,5.8100,5.9100,8143849,47998181.6200
2024-07-02,5.9000,5.9700,5.8800,5.8900,6233000,36855273.0000
2024-07-03,5.9000,5.9200,5.7900,5.8100,6363700,37134245.0000
2024-07-04,5.8100,5.8400,5.5700,5.6000,8867000,50245754.0000
2024-07-05,5.5800,5.7400,5.5500,5.7200,6711500,37919468.0000
2024-07-08,5.7400,5.7400,5.5500,5.5800,6436501,36167362.6500
2024-07-09,5.5800,5.7000,5.4700,5.6900,7912900,44361658.0000
2024-07-10,5.6200,5.6500,5.4300,5.4600,9652450,53103497.5000
2024-07-11,5.5800,5.7500,5.5600,5.7100,8645850,48954009.5000
2024-07-12,5.7000,5.7500,5.6100,5.6500,4795200,27173752.0000
2024-07-15,5.6600,5.6700,5.5300,5.5400,4158500,23198842.0000
2024-07-16,5.5400,5.5900,5.4700,5.5500,5542700,30658319.0000
2024-07-17,5.5000,5.5200,5.4300,5.4400,5485900,30005978.0000
2024-07-18,5.4400,5.5300,5.3300,5.5200,5910171,32098715.8500
2024-07-19,5.5200,5.6700,5.4500,5.6300,5250100,29313377.0000
2024-07-22,5.6300,5.7100,5.5500,5.6500,4742600,26702401.0000
2024-07-23,5.6100,5.6900,5.5000,5.5200,5248200,29346399.0000
2024-07-24,5.5500,5.6300,5.4000,5.4600,5664900,31144289.0000
2024-07-25,5.3900,5.5400,5.3500,5.4700,4900271,26713292.9500
2024-07-26,5.4900,6.0000,5.4700,5.7500,16279779,94001813.3500
2024-07-29,5.7300,6.3300,5.6800,6.3300,26571518,159873795.7500
2024-07-30,6.3600,6.9600,6.2800,6.7600,50273309,333965279.2500
2024-07-31,6.6500,6.7000,6.2900,6.5200,37138571,240232649.9200
2024-08-01,6.5000,6.7600,6.4700,6.6200,28005106,185451378.2400
2024-08-02,6.5000,6.7000,6.3700,6.3800,22431500,145891752.0000
2024-08-05,6.3800,6.5500,6.1300,6.1600,19660400,124069093.0000
2024-08-06,6.1900,6.3600,6.0300,6.3000,17475702,109137443.6200
2024-08-07,6.2900,6.3500,6.1800,6.2500,11906400,74445966.0000
2024-08-08,6.2100,6.2100,5.9600,5.9700,12340200,74495336.0000
2024-08-09,5.9700,6.0200,5.8500,5.8700,8772702,51837014.7600
2024-08-12,5.8400,5.8600,5.6800,5.7500,8031600,46152761.0000
2024-08-13,5.7600,5.8100,5.6700,5.7900,6449600,37176862.0000
2024-08-14,5.8000,5.9400,5.7400,5.7900,8595827,50060383.6200
2024-08-15,5.7400,5.8500,5.6900,5.7900,6908200,39914607.0000
2024-08-16,5.8700,5.9500,5.6400,5.6500,9620200,55284419.0000
2024-08-19,5.6000,5.6900,5.5600,5.6200,6661400,37520237.0000
2024-08-20,5.5900,5.6600,5.5000,5.5100,6320200,35110962.0000
2024-08-21,5.4800,5.5400,5.4400,5.5000,4701432,25828538.4000
2024-08-22,5.4800,5.5300,5.4000,5.4200,4989458,27195383.5800
2024-08-23,5.4200,5.4800,5.3300,5.3500,5373256,28850876.6000
2024-08-26,5.3600,5.4400,5.3000,5.4000,3921700,21138159.0000
2024-08-27,5.3800,5.3800,5.2200,5.2400,4656300,24605554.0000
2024-08-28,5.2400,5.3000,5.1900,5.2200,4110956,21541449.8800
2024-08-29,5.1900,5.4000,5.1600,5.3500,6101090,32371527.5000
2024-08-30,5.3400,5.5300,5.3200,5.4700,5847800,31944847.0000
2024-09-02,5.4600,5.4800,5.3100,5.3200,4633600,25016123.0000
2024-09-03,5.3200,5.4000,5.3100,5.3600,3811400,20381187.0000
2024-09-04,5.3500,5.4200,5.3100,5.3500,4777100,25576576.0000
2024-09-05,5.3400,5.6300,5.3300,5.5000,7803903,42840318.4100
2024-09-06,5.5000,5.5300,5.4100,5.4100,4664800,25482160.0000
2024-09-09,5.3900,5.4300,5.3300,5.3700,3890700,20879683.0000
2024-09-10,5.3700,5.4200,5.2500,5.4100,3782700,20270660.0000
2024-09-11,5.4100,5.4100,5.3400,5.3900,3254600,17476769.0000
2024-09-12,5.3900,5.5100,5.3600,5.4300,5408600,29533644.0000
2024-09-13,5.4900,5.7900,5.3800,5.5400,14174301,79167169.6300
2024-09-18,5.5000,5.6700,5.4600,5.6000,10224300,56936245.0000
2024-09-19,5.6600,5.8000,5.5700,5.7200,10628290,60394868.3900
2024-09-20,5.6900,5.7500,5.6400,5.6500,7222671,41056227.3700
2024-09-23,5.6300,5.6800,5.5700,5.6100,5716000,32140070.0000
2024-09-24,5.6100,6.1700,5.6100,6.1700,12131600,73204531.0000
2024-09-25,6.2700,6.5000,6.1000,6.2300,34451609,214904010.7900
2024-09-26,6.1200,6.2700,6.0800,6.2600,17992863,111713039.1200
2024-09-27,6.3500,6.6000,6.3000,6.4800,21770864,140149447.5400
2024-09-30,6.7300,7.0600,6.5300,7.0000,31771501,217206419.8600
2024-10-08,7.7000,7.7000,6.9000,7.3700,37943467,276916919.7700
2024-10-09,7.0500,7.7100,6.7800,7.2400,42532014,307238708.8900
2024-10-10,7.2800,7.9000,7.1700,7.7900,51863518,395283310.4500
2024-10-11,7.6600,7.6600,7.0100,7.0100,31667921,229216482.0400
2024-10-14,7.0400,7.7100,6.9100,7.7100,36757106,279454437.9100
2024-10-15,7.5800,8.4800,7.4700,8.0100,80167667,646805451.5900
2024-10-16,7.7200,7.9900,7.6100,7.8100,40980932,318457146.8900
2024-10-17,7.7000,7.8800,7.4400,7.4500,37612076,286834141.7400
2024-10-18,7.4300,7.6500,7.2700,7.5200,26709711,200228320.6900
2024-10-21,7.5600,8.2100,7.5600,8.0500,42985499,341566324.7700
2024-10-22,8.1600,8.3000,7.9300,8.1200,32938900,267222362.2200
2024-10-23,8.0400,8.5700,8.0100,8.1900,33001582,274602624.8600
2024-10-24,8.1900,8.2200,7.8700,7.9300,18553500,148093719.0000
2024-10-25,7.9300,8.1900,7.9300,8.0600,18014501,145202040.0100
2024-10-28,8.1000,8.8700,8.0500,8.6400,47321622,407998024.3000
2024-10-29,8.6000,9.2500,8.6000,8.8400,44830907,400298075.0000
2024-10-30,8.7200,8.8900,8.5200,8.6200,26207606,227019602.2000
2024-10-31,8.7000,9.0100,8.6200,8.8300,25086948,221812844.8000
2024-11-01,8.8400,8.9100,8.1300,8.1500,26832500,225145571.4800
2024-11-04,8.1800,8.4700,8.1000,8.3300,15377900,127589611.0000
2024-11-05,8.3500,9.1600,8.3500,9.1600,12783088,115258730.0000
2024-11-06,10.0700,10.0800,9.7400,10.0800,22564400,226401556.5100
2024-11-07,10.6600,10.6600,9.4000,9.6300,69878681,683796190.0500
2024-11-08,9.7300,10.2200,9.7300,9.8800,51911889,515874303.9700
2024-11-11,9.8000,9.8000,9.3300,9.5700,41171190,390222650.3000
2024-11-12,9.4300,9.7000,9.2300,9.3200,25550650,240842309.0000
2024-11-13,9.2500,9.5900,8.9700,9.1500,22591410,207837543.1000
2024-11-14,9.0500,9.3700,8.8200,8.8800,18681100,169758724.0000
2024-11-15,8.8900,8.9500,8.2800,8.3100,25336400,216457803.3400
2024-11-18,8.2500,8.3700,7.9000,7.9900,19830140,160547803.0000
2024-11-19,8.0500,8.2400,7.9300,8.1900,14514300,117493786.9500
2024-11-20,8.2200,8.5500,8.1300,8.5000,15664883,131121719.3500
2024-11-21,8.4800,8.5100,8.2500,8.3700,12344406,103155939.9200
2024-11-22,8.3000,8.3800,8.0600,8.0600,12553106,103190824.3600
2024-11-25,8.0000,8.1100,7.8000,8.0800,9739500,77802574.0000
2024-11-26,8.1000,8.2600,7.9900,8.0200,8415300,68182549.0000
2024-11-27,8.0100,8.1000,7.7900,8.1000,9184000,73209322.0000
2024-11-28,8.1000,8.3000,8.1000,8.1800,11532806,94677669.3200
2024-11-29,8.2300,8.3300,8.1200,8.2700,10499396,86509307.0000
2024-12-02,8.2700,8.4700,8.2500,8.4500,11557929,96743302.6200
2024-12-03,8.4500,8.4500,8.2900,8.3900,9395600,78565965.0000
2024-12-04,8.3300,8.4500,8.1600,8.2200,9689100,80500029.0000
2024-12-05,8.2000,8.4000,8.1000,8.3500,8818500,73054310.0000
2024-12-06,8.3600,8.4600,8.2100,8.4300,10261464,85747011.1600
2024-12-09,8.4000,8.4000,8.2600,8.3500,9240700,76846212.0000
2024-12-10,8.5100,9.0900,8.4400,8.7500,23449700,205470925.2200
2024-12-11,8.7500,8.7900,8.6300,8.7800,10894630,95005905.2700
2024-12-12,8.7500,9.2900,8.7500,9.0300,20503071,186411382.8400
2024-12-13,8.9000,9.0200,8.7500,8.7600,12948600,114633062.0000
2024-12-16,8.7300,9.3900,8.6800,9.0600,27988634,255703194.3800
2024-12-17,9.0800,9.1300,8.6500,8.6700,17525232,155347624.1600
2024-12-18,8.6800,8.9900,8.6500,8.7200,11354356,99497778.2100
2024-12-19,8.5700,8.9000,8.5000,8.6800,9093901,79162383.6900
2024-12-20,8.6300,8.9700,8.6000,8.9600,13654800,121035159.0000
2024-12-23,8.8800,8.9000,8.3600,8.4200,14262100,122751915.0000
2024-12-24,8.4200,8.4900,8.0400,8.2400,11562690,95573275.8000
2024-12-25,8.2400,8.2900,7.8300,8.0000,10201101,81474742.9200
2024-12-26,8.0300,8.3400,8.0000,8.2000,8613200,70811512.0000
2024-12-27,8.6000,9.0200,8.5100,9.0200,23654731,208792488.7500
2024-12-30,8.9100,9.6000,8.6500,9.3300,39410909,356037462.8400
2024-12-31,9.2800,9.2800,8.8000,8.8300,21385606,191631649.5700
2025-01-02,8.8000,8.8300,8.2100,8.2900,16991800,144427103.8700
2025-01-03,8.3000,8.3500,7.6800,7.7400,15071400,120087624.0000
2025-01-06,7.4800,8.5100,7.4800,8.5100,12932800,107660330.0000
2025-01-07,8.5100,8.8900,8.3700,8.7300,24375973,210478055.2200
2025-01-08,8.6900,8.9400,8.5400,8.8000,18892146,165196583.2000
2025-01-09,8.6700,9.0800,8.6000,8.9000,22009701,194753475.6900
2025-01-10,8.8500,8.9000,8.3000,8.3100,19275250,165308040.0000
2025-01-13,8.2000,8.2300,7.8800,7.9100,16387328,131395274.8400
2025-01-14,7.9100,8.2400,7.8500,8.1900,13769100,111839632.0000
2025-01-15,8.1800,8.2300,7.9500,7.9700,11652700,93470005.0000
2025-01-16,8.0000,8.1000,7.7500,7.8200,14205990,112032087.2000
2025-01-17,7.7500,7.8900,7.6400,7.8300,10009100,78049055.0000
2025-01-20,7.9000,7.9100,7.6900,7.8000,8542200,66570662.1000
2025-01-21,7.8100,7.9100,7.5300,7.8700,10804815,83358706.2500
2025-01-22,7.8700,7.8900,7.6800,7.7200,7314000,56568844.0000
2025-01-23,7.7400,7.9700,7.7400,7.7900,9767300,76756128.0000
2025-01-24,7.8000,7.8500,7.5700,7.5900,10931700,83439274.0000
2025-01-27,7.6000,7.7500,7.5600,7.6000,7671800,58852741.0000
2025-02-05,7.5900,7.7200,7.5400,7.6000,6486700,49480296.0000
2025-02-06,7.5500,7.7000,7.4900,7.6900,9238327,70116702.1900
2025-02-07,7.6800,8.0900,7.6700,7.9600,16250700,129327260.0000
2025-02-10,7.9700,8.0300,7.8900,7.9300,8761100,69577652.0000
2025-02-11,7.9000,7.9300,7.7100,7.8100,6673900,52002809.0000
2025-02-12,7.8100,7.8400,7.7500,7.8300,7030316,54812036.5200
2025-02-13,7.7900,8.2100,7.7900,7.9300,13285100,106313478.3200
2025-02-14,7.8200,7.9000,7.7000,7.7300,8935001,69267057.7500
2025-02-17,7.7300,7.7900,7.6300,7.7100,9882651,75946411.1400
2025-02-18,7.7100,7.7100,7.4500,7.4800,9739165,73512029.6800
2025-02-19,7.4800,7.5400,7.3400,7.5100,9353700,69404710.0000
2025-02-20,7.5100,7.6900,7.4000,7.6600,11572400,87677374.0000
2025-02-21,7.6200,7.6200,7.4800,7.5200,10185701,76552053.5200
2025-02-24,7.3900,7.5700,7.2200,7.5000,9962800,74002116.0000
2025-02-25,7.4100,7.5000,7.3400,7.3700,7479800,55475617.0000
2025-02-26,7.3700,7.5200,7.3700,7.4500,6882185,51345246.4000
2025-02-27,7.5000,7.5000,7.2500,7.3800,8795900,64600891.9800
2025-02-28,7.3800,7.3900,7.1500,7.1700,6919200,50259998.0000
2025-03-03,7.1700,7.2900,7.0900,7.1400,6518803,46893789.7400
2025-03-04,7.1400,7.8500,7.1400,7.8500,28149425,215763105.0500
2025-03-05,7.8200,7.9000,7.6300,7.6700,32046200,247579834.3400
2025-03-06,7.6600,7.6900,7.5100,7.6600,15019864,114372083.6000
2025-03-07,7.6600,7.9500,7.5500,7.7600,22745700,177549879.0000
2025-03-10,7.6500,7.9000,7.6500,7.8600,14652164,114366409.2000
2025-03-11,7.9500,8.6500,7.8700,8.6500,31485695,263764843.5600
2025-03-12,9.0000,9.1300,8.7000,8.7100,56236273,498163856.8400
2025-03-13,8.7100,9.0400,8.5900,8.8300,38900963,344399994.4000
2025-03-14,8.7400,8.8300,8.5000,8.6900,27227926,235608722.9000
2025-03-17,8.6900,8.7900,8.5900,8.6000,19047210,165299806.9000
2025-03-18,8.5900,8.6400,8.4300,8.4800,13816797,117168462.6700
2025-03-19,8.4400,8.5800,8.3800,8.5100,12491210,105996933.8000
2025-03-20,8.5100,8.6700,8.4600,8.5300,14709200,126020507.9000
2025-03-21,8.4800,8.6800,8.3900,8.5300,15857210,135245123.4200
2025-03-24,8.4300,8.5400,7.9800,8.1600,16449610,134439009.1000
2025-03-25,8.1000,8.5300,8.0900,8.2500,12846833,107289341.0600
2025-03-26,8.1600,8.3400,8.1600,8.2400,7320200,60486346.0000
2025-03-27,8.2000,8.2400,8.0000,8.1400,8067300,65569228.0000
2025-03-28,8.1600,8.2000,8.0000,8.0100,7721432,62261742.3200
2025-03-31,7.9400,7.9900,7.6500,7.8000,9130400,71058354.0000
2025-04-01,7.8100,8.1900,7.8100,8.0800,11109101,89304126.9200
2025-04-02,8.0700,8.0900,7.9100,7.9600,6819700,54563960.0000
2025-04-03,7.9000,8.0800,7.8500,7.9700,5556900,44339181.0000
2025-04-07,7.4500,7.7900,7.1700,7.1700,11179894,82317100.8000
2025-04-08,7.1100,7.2900,6.8100,6.9900,14151100,99493627.0000
2025-04-09,7.3300,7.6900,7.2500,7.6900,8999015,68309578.3500
2025-04-10,8.4600,8.4600,7.9100,7.9100,42499240,347431644.2200
2025-04-11,7.7500,8.3700,7.7500,7.9700,36590702,294385874.5600
2025-04-14,7.8000,8.0400,7.8000,7.9200,18798499,149292555.7500
2025-04-15,7.9500,8.1100,7.7000,7.8000,17764900,139950863.0000
2025-04-16,8.5400,8.5800,7.8300,7.9200,32454373,265960748.6000
2025-04-17,7.5200,8.0200,7.5100,7.7500,24337873,187181899.6100
2025-04-18,7.7500,7.7500,7.7500,7.7500,,
2025-04-21,7.3600,7.3600,7.3600,7.3600,948200,6978752.0000
2025-04-22,6.9900,6.9900,6.9900,6.9900,733300,5125767.0000
2025-04-23,6.6400,6.6400,6.6400,6.6400,2053500,13635240.0000
2025-04-24,6.3100,6.5800,6.3100,6.3100,41094066,261426892.4300
2025-04-25,6.1400,6.6300,6.1000,6.5300,23197694,148520848.8000
2025-04-28,6.5000,6.5100,6.2200,6.2700,11023906,69842645.5500
2025-04-29,6.1900,6.4100,6.1900,6.2900,5984100,37946095.0000
2025-04-30,6.2700,6.5000,6.2700,6.4200,5942801,38112140.3800
2025-05-06,6.3800,6.4600,6.2900,6.3000,12505973,79543401.1700
2025-05-07,6.3600,6.6200,6.2400,6.5000,25098611,163510534.5000
2025-05-08,6.5700,6.8300,6.5000,6.8300,29463360,197427262.0000
2025-05-09,6.7000,7.1600,6.4900,7.1300,32934380,223614051.4900
2025-05-12,6.9500,7.2500,6.8100,7.0200,25153070,176108595.9400
2025-05-13,7.0200,7.0400,6.7600,6.7800,14653174,100724195.7200
2025-05-14,6.7700,6.9100,6.6800,6.8300,8499337,57752528.5800
2025-05-15,6.8300,6.9600,6.8000,6.8300,7466900,51348977.0000
2025-05-16,6.8100,6.8400,6.7200,6.7900,4412206,30017295.3200
2025-05-19,6.8800,7.0000,6.8600,6.9500,7793596,54129870.2400
2025-05-20,6.9700,7.1500,6.9200,7.0400,7063400,49844508.0000
2025-05-21,6.9800,7.0300,6.9300,6.9700,4773900,33258087.0000
2025-05-22,6.9700,7.2800,6.9700,7.0400,10873074,77614433.1000
2025-05-23,7.0600,7.1600,6.9700,7.0000,7400600,52298358.8400
2025-05-26,6.9400,7.0200,6.9200,6.9500,4233865,29468374.0000
2025-05-27,6.9500,7.0800,6.9100,7.0500,4998022,34989385.5200
2025-05-28,7.0600,7.1400,6.9800,7.0300,4337735,30533079.4600
2025-05-29,6.9800,7.1100,6.9800,7.0900,8005500,56344216.0000
2025-05-30,7.0900,7.2100,7.0300,7.0600,6197620,44006451.8300
2025-06-03,7.0600,7.1600,6.9800,7.0000,7328600,51743458.0000
2025-06-04,6.9700,7.0200,6.9200,7.0200,5596646,39026035.3200
2025-06-05,7.0400,7.0900,6.9800,7.0000,5751100,40350683.0000
2025-06-06,7.0900,7.3500,7.0500,7.2700,13550123,97351888.0400
2025-06-09,7.2000,7.3500,7.1600,7.1900,10936372,79062741.9600
2025-06-10,7.1700,7.1900,6.9500,7.0200,10826369,76482749.2100
2025-06-11,7.0400,7.1000,7.0000,7.0600,5366000,37806286.0000
2025-06-12,7.0700,7.1000,7.0200,7.0300,5186406,36627142.1200
2025-06-13,7.0400,7.1200,6.9400,7.0600,8911201,62774534.0700
2025-06-16,7.0400,7.1900,6.9900,7.1400,5840300,41467552.2600
2025-06-17,7.1700,7.3400,7.1400,7.2800,8249137,59768939.1400
2025-06-18,7.2800,7.4500,7.1800,7.3900,9174437,67297214.1400
2025-06-19,7.3900,7.4200,7.1900,7.2600,6345900,46200563.0000
2025-06-20,7.2600,7.2600,7.0800,7.0900,4860900,34778803.0000
2025-06-23,7.3000,7.3000,7.1200,7.1900,5651800,40712741.0000
2025-06-24,7.1500,7.2200,7.1300,7.2200,5031700,36167528.0000
2025-06-25,7.2200,7.3200,7.1700,7.2600,7173800,51975974.0000
2025-06-26,7.2600,7.4300,7.2200,7.3300,8024200,58511236.0000
2025-06-27,7.3500,7.4800,7.2900,7.3200,7317600,53988448.0000
2025-06-30,7.3300,7.6700,7.3300,7.6000,11448700,86553466.0000
2025-07-01,7.6400,7.9800,7.5800,7.9700,17152101,135467841.9800
2025-07-02,7.9000,8.1000,7.8000,7.8100,14754001,117130464.9500
2025-07-03,7.7900,7.8800,7.7300,7.8400,7006764,54628649.4800
2025-07-04,7.8000,7.9300,7.7500,7.7700,6732000,52675679.0000
2025-07-07,7.7800,7.9400,7.6600,7.9300,6604200,51470326.0000
2025-07-08,7.9500,8.0900,7.8800,8.0600,7482124,59881454.7100
2025-07-09,8.1000,8.4600,8.0200,8.3100,12670164,104773011.8500
2025-07-10,8.2700,8.4800,8.2100,8.2500,9257300,77103882.0000
2025-07-11,8.2100,8.3600,8.1300,8.1800,5888400,48430472.3600
2025-07-14,8.2000,8.2400,8.0500,8.0900,6697000,54322463.3600
2025-07-15,8.0600,8.1500,8.0200,8.1000,5108700,41245315.0000
2025-07-16,8.1300,8.1300,7.9300,7.9600,6723200,53788100.0000
2025-07-17,7.9600,8.2500,7.9300,8.2200,8312800,67591575.0000
2025-07-18,8.2300,8.2400,8.1500,8.2200,4086390,33476827.1000
2025-07-21,8.2900,8.5000,8.1800,8.1900,8985501,74700894.1800
2025-07-22,8.1900,8.2200,8.0600,8.1200,6729671,54656628.2500
2025-07-23,8.0500,8.1800,7.9800,8.0100,6056600,48847052.0000
2025-07-24,8.0600,8.0600,7.9900,8.0400,4129817,33147797.5100
2025-07-25,8.0300,8.1300,8.0000,8.0600,4051322,32612874.2100
2025-07-28,8.0500,8.1800,8.0100,8.1700,5872057,47661831.9900
2025-07-29,8.1500,8.2400,8.1100,8.1900,3850000,31394501.0000
2025-07-30,8.1800,8.2200,8.0300,8.0800,4097601,33214616.1500
2025-07-31,8.0800,8.1200,7.9300,7.9600,5869493,47039109.8600
2025-08-01,7.9600,7.9800,7.7200,7.8400,6081300,47678635.0000
2025-08-04,7.8400,8.1100,7.8100,8.0700,6287363,50112978.8900
2025-08-05,8.0600,8.1200,8.0400,8.1000,3615840,29207471.6000
2025-08-06,8.1200,8.1300,8.0400,8.0900,4044634,32671389.6200
2025-08-07,8.1000,8.1900,8.0400,8.0800,4010872,32456071.8700
2025-08-08,8.0900,8.2100,8.0400,8.0900,5334001,43353527.1200
2025-08-11,8.0800,8.1200,7.8900,8.1000,5446490,43837043.1000
2025-08-12,8.1000,8.1300,8.0300,8.0500,4148901,33427905.0400
2025-08-13,8.0400,8.1000,8.0200,8.0600,5539691,44653372.5200
2025-08-14,8.0800,8.1500,7.9000,7.9200,7754153,62201954.5900
2025-08-15,7.9300,8.0100,7.9000,8.0000,5218540,41550111.1500
2025-08-18,7.9800,8.1300,7.9600,8.1000,7684020,62101129.6000
2025-08-19,8.1300,8.4100,8.1000,8.3200,12015764,99385644.4100
2025-08-20,8.3800,8.3900,8.2500,8.3000,6800154,56438445.5700
2025-08-21,8.3200,8.7200,8.3100,8.7200,16107787,138272067.8000
2025-08-22,8.8000,9.0800,8.7000,8.7700,16456602,145731235.3200
2025-08-25,8.8200,9.0500,8.7000,9.0100,14362068,127560142.4900
2025-08-26,9.0100,9.2400,8.8800,8.9400,13756055,124328831.0100
2025-08-27,8.9400,9.0300,8.7600,8.7800,9054201,80631121.9600
2025-08-28,8.7600,8.9200,8.5800,8.8300,10358500,90812075.0000
2025-08-29,8.8200,8.9600,8.7800,8.8700,5760060,51057918.0000
2025-09-01,8.8700,9.2400,8.8700,9.1600,13292178,120884822.9100
2025-09-02,9.1600,9.2000,8.9100,9.1100,9525464,86047608.9600
2025-09-03,9.1500,9.1600,8.8200,8.8200,9411900,84292522.0000
2025-09-04,8.9900,9.1000,8.3800,8.3800,18733804,160560631.6000
2025-09-05,8.4300,8.4800,8.1000,8.3300,12191600,100563241.0000
2025-09-08,8.3900,8.5300,8.2100,8.4200,7188020,60547580.0000
2025-09-09,8.4300,8.7000,8.3000,8.5000,7376060,62712489.0000
2025-09-10,8.4600,8.5200,8.3600,8.4000,4758835,40089240.7700
2025-09-11,8.5000,8.7800,8.4500,8.5600,8964362,77118391.3400
2025-09-12,8.5900,8.6100,8.4900,8.5200,5233113,44579642.3700
2025-09-15,8.4800,8.9500,8.4800,8.9500,12228700,107602055.0000
2025-09-16,8.9100,9.0400,8.8000,9.0000,9185620,81821163.0000
2025-09-17,9.0900,9.2200,8.9200,9.0300,7716100,70116936.0000
2025-09-18,9.0400,9.0400,8.7000,8.7800,8193700,72743023.0000
2025-09-19,8.7800,8.9000,8.7800,8.8300,5562500,49176507.0000
2025-09-22,8.8300,8.8800,8.7200,8.8400,4451700,39194177.0000
2025-09-23,8.8500,9.0100,8.6900,8.8000,7090001,62424125.7500
2025-09-24,8.8000,8.8000,8.8000,8.8000,,
2025-09-25,8.3800,9.0000,8.3800,8.6700,17696600,153937173.3400
2025-09-26,8.6900,8.8000,8.5300,8.7100,8685064,75356167.2900
2025-09-29,8.7000,8.7400,8.6100,8.7100,4585461,39817088.6200
2025-09-30,8.8000,9.0300,8.7800,8.9900,10122225,90548795.4200
2025-10-09,9.0100,9.1500,8.9400,9.0600,9225094,83720734.2500
2025-10-10,9.0900,9.5100,9.0800,9.3700,16698791,157772420.9300
2025-10-13,8.9000,8.9900,8.9000,8.9000,16650700,148258787.0000
2025-10-14,8.9900,9.0200,8.5300,8.6000,11655031,101779460.1000
2025-10-15,8.6000,8.6900,8.4600,8.6100,5610322,48004526.0000
2025-10-16,8.6000,8.6300,8.4700,8.5000,5189300,44274027.0000
2025-10-17,8.5200,8.5900,8.3000,8.4100,6186701,52129739.3500
2025-10-20,8.4700,8.8000,8.4700,8.7200,7037000,60829378.5000
2025-10-21,8.7500,8.9200,8.6500,8.7000,6943000,61131838.0000
2025-10-22,8.7200,8.8300,8.6000,8.6000,4645800,40395474.0000
2025-10-23,8.6000,8.7200,8.5100,8.6800,3645710,31420845.8000
2025-10-24,8.7500,8.7600,8.6200,8.6900,3298206,28679770.1400
2025-10-27,8.7200,8.7400,8.5400,8.6300,5374200,46263512.9400
2025-10-28,8.5700,8.6200,8.3000,8.3600,10179861,85474278.9100
2025-10-29,8.3800,8.4300,8.2600,8.2700,5875361,48856764.5700
2025-10-30,8.2700,8.2900,8.1500,8.2600,5757064,47243628.8800
2025-10-31,8.2600,8.3200,8.2300,8.2800,3642504,30111715.9600
2025-11-03,8.2700,8.3500,8.1300,8.3200,4899000,40400690.0000
2025-11-04,8.3800,8.4300,8.3000,8.3600,4669900,39091740.0000
2025-11-05,8.3600,8.3800,8.3300,8.3600,3313100,27696433.0000
2025-11-06,8.3600,8.3800,8.1900,8.3000,4749011,39186067.3500
2025-11-07,8.3300,8.3300,8.1900,8.1900,4094800,33729288.0000
2025-11-10,8.1900,8.2800,8.1000,8.1500,5698463,46552032.0800
2025-11-11,8.1500,8.3300,8.1200,8.3100,5719600,47150316.0000
2025-11-12,8.3100,8.5600,8.2600,8.4500,6140241,51752416.6300
2025-11-13,8.4500,8.4900,8.2300,8.4100,7482597,62835135.8300
2025-11-14,8.3200,8.6700,8.3200,8.4900,5811197,49459206.3500
2025-11-17,8.5200,8.6800,8.4700,8.6700,5838301,50179515.5700
2025-11-18,8.6800,8.6800,8.3000,8.3700,6654779,56310040.5000
2025-11-19,8.3800,8.3800,8.2600,8.2800,4119740,34193453.0000
2025-11-20,8.3000,8.3500,8.2400,8.2500,3059511,25321385.7500
2025-11-21,8.3500,8.5600,8.2700,8.3100,8270401,69177399.2700
2025-11-24,8.2300,8.3400,8.0300,8.3200,5864169,48163244.4900
2025-11-25,8.3600,8.6000,8.2100,8.5100,8576100,72674784.0000
2025-11-26,8.5100,8.5900,8.4600,8.5200,7334810,62578656.4000
2025-11-27,8.5200,8.5200,8.5200,8.5200,,
2025-11-28,8.4500,8.4500,8.4500,8.4500,529300,4472585.0000
2025-12-01,8.8700,8.8700,8.5600,8.7000,18502126,162076569.2000
2025-12-02,8.7000,8.8900,8.5000,8.8000,9934120,86852297.8000
2025-12-03,8.8600,9.1400,8.7800,8.9200,14909026,133131941.5600
2025-12-04,8.7800,8.9900,8.6100,8.9500,12879000,113226671.0000
2025-12-05,8.8800,9.0600,8.8800,8.9800,6461801,58005815.9800
2025-12-08,8.9700,9.3200,8.9100,9.2300,9437201,86696978.2300
2025-12-09,9.2100,9.4500,9.1000,9.2300,7971360,74092840.0000
2025-12-10,9.1600,9.3000,9.1400,9.2300,4354953,40088687.0000
2025-12-11,9.2000,9.2700,8.9200,8.9600,8135001,73625722.0400
2025-12-12,9.0400,9.0500,8.8100,8.8300,5504700,48842965.0000
2025-12-15,9.0400,9.2200,9.0100,9.1300,7699700,70169388.0000
2025-12-16,9.1500,9.2500,8.8800,9.1100,7340485,66439988.9400
2025-12-17,9.1800,9.1800,8.9500,9.0200,4544100,41012857.0000
2025-12-18,9.0100,9.0300,8.9200,8.9300,3853500,34539984.0000
2025-12-19,8.9000,9.0300,8.8800,8.9900,5210110,46599832.9000
2025-12-22,9.0000,9.0000,8.8800,8.9200,5173953,46167239.6400
2025-12-23,8.9300,9.0700,8.8700,8.8900,6863800,61477718.0000
2025-12-24,8.8900,8.8900,8.8900,8.8900,,
2025-12-25,8.8800,9.0700,8.8000,8.8300,11806501,104655765.8000
2025-12-26,8.8300,8.8300,8.6700,8.7200,7478800,65322821.0000
2025-12-29,8.7200,8.8100,8.6700,8.6700,4927300,43013301.0000
2025-12-30,8.6700,8.7200,8.5300,8.5900,6760006,58343115.1800
2025-12-31,8.6000,8.7600,8.5900,8.6500,5237800,45446013.0000
2026-01-05,8.7100,8.8300,8.6900,8.8300,8740492,76636111.2400
2026-01-06,8.8800,8.9500,8.7900,8.9500,7806300,69157061.0000
2026-01-07,8.9800,9.0200,8.8300,8.8500,6588600,58626425.0000
2026-01-08,8.8800,9.0500,8.8000,9.0200,10477101,93553879.8100
2026-01-09,9.0500,9.1100,8.9300,8.9900,10712080,96521216.0400
2026-01-12,8.9700,9.0400,8.8000,8.8500,13914401,123684750.8200
2026-01-13,8.8100,8.8600,8.6200,8.6300,10828700,94220294.0000
2026-01-14,8.6200,8.6700,8.4700,8.4900,12173839,104222879.0100
2026-01-15,8.4800,8.6400,8.4200,8.4900,6305900,53810282.0000
2026-01-16,8.4900,8.6100,8.4400,8.5800,7300101,62242138.5700
2026-01-19,8.5800,8.7600,8.5600,8.7000,7911143,68523077.8900
2026-01-20,8.7300,8.8400,8.6500,8.6700,8471800,74021164.0000
2026-01-21,8.6900,8.7300,8.6200,8.6500,4418442,38317269.8800
2026-01-22,8.6400,8.8000,8.6300,8.7700,7642100,66817339.0000
2026-01-23,8.7900,8.8800,8.7400,8.8500,7299759,64295071.0700
2026-01-26,8.8500,8.9800,8.8100,8.8800,9599366,85499140.4500
2026-01-27,8.9400,9.3200,8.9200,9.1000,14807800,135469606.0000
2026-01-28,9.1900,9.3100,8.9500,9.1000,9432900,85788866.0000
2026-01-29,9.1100,9.1500,8.8600,8.8800,8981901,80421736.9000
2026-01-30,8.8600,8.9500,8.7100,8.8700,6755400,59481362.0400
2026-02-02,8.7200,8.9100,8.6900,8.7100,8003400,70264252.0000
2026-02-03,8.7600,8.8000,8.6900,8.7800,4345725,37988279.5000
2026-02-04,8.7600,8.8800,8.7300,8.8400,4852600,42728078.0000
2026-02-05,8.8200,8.9000,8.7700,8.7900,3999100,35334111.0000
2026-02-06,8.7000,8.7400,8.5600,8.7000,6469700,55982685.0000
2026-02-09,8.7300,8.8000,8.6900,8.7000,4709400,41132357.6800
2026-02-10,8.7000,8.8500,8.6800,8.7900,6082725,53345757.7500
2026-02-11,8.8500,8.8500,8.7600,8.8000,3327601,29272683.2500
2026-02-12,8.7800,8.8800,8.7300,8.7900,4937901,43423177.8000
2026-02-13,8.7800,8.9200,8.7800,8.8300,5244700,46380390.0000
2026-02-24,8.8400,8.9700,8.8000,8.8900,7459076,66216082.8800
2026-02-25,8.8900,9.1300,8.8500,9.1200,10686742,96578956.8400
2026-02-26,9.1600,9.2200,9.0700,9.1100,7844300,71581964.5700
2026-02-27,9.1500,9.5700,9.0400,9.5700,20126323,190611507.0300
2026-03-02,9.8800,10.0500,9.7500,10.0500,16680515,165760402.9500
2026-03-03,10.1500,10.5100,9.6600,9.7400,41157650,417700404.2400
2026-03-04,9.6800,10.2300,9.6500,10.2300,26533373,267748763.9700
2026-03-05,10.3200,10.4800,10.0800,10.2900,20972246,214750005.6100
2026-03-06,10.3400,10.5900,10.1800,10.2000,13525843,140268150.9200
2026-03-09,10.0800,10.4000,10.0100,10.2200,12633600,129247642.0000
2026-03-10,10.2100,10.5200,10.1700,10.2400,10408200,107173624.0000
2026-03-11,10.2400,10.4400,10.1700,10.3200,9929092,102325118.1900
2026-03-12,10.3600,10.8400,10.3500,10.8400,9214424,99202008.1600
2026-03-13,11.1100,11.2200,10.7400,10.8000,23949800,262576905.0000
2026-03-16,10.9200,11.0200,10.4000,10.4600,15057980,159554306.6000
2026-03-17,10.6000,10.6000,10.1100,10.2200,9121080,93888850.6000
2026-03-18,10.2200,10.3500,9.9300,10.1300,12563657,126697938.4200
2026-03-19,10.1300,10.2200,9.6700,9.7500,14340200,141741474.0000
2026-03-20,10.0500,10.2300,9.7200,9.7500,16355291,163012225.4400
2026-03-23,9.5800,9.5800,9.2600,9.2600,10721700,99697980.0000
2026-03-24,9.2700,9.3600,8.9100,9.1700,14116130,127647142.3600
2026-03-25,9.2800,9.4800,9.1200,9.4800,6820401,63509073.2500
2026-03-26,9.5000,9.5900,9.2200,9.3200,6833100,63996608.0000
2026-03-27,9.2900,9.7500,9.1900,9.6700,7939100,75291675.0000
2026-03-30,9.5800,9.7800,9.4800,9.6000,6707600,64405885.0000
2026-03-31,9.6100,9.6900,9.3100,9.3500,6247896,59121785.7200
2026-04-01,9.3900,9.4900,9.2800,9.3800,4828301,45234302.2900
2026-04-02,9.3800,9.4600,9.2400,9.3500,4181700,38981532.0000
2026-04-03,9.3500,9.3900,9.1300,9.2100,4469801,41303653.2700
2026-04-07,9.2100,9.4200,9.1700,9.4200,3600302,33448125.7600
