date,open,high,low,close,volume,amount
2019-01-02,6.4800,6.5400,6.4500,6.4700,1656285,10754939.2800
2019-01-03,6.4700,6.5800,6.4400,6.4500,1593645,10355439.1200
2019-01-04,6.4300,6.6400,6.3900,6.6100,1993058,13072869.3600
2019-01-07,6.6300,6.7200,6.6200,6.6900,2094393,13985362.9700
2019-01-08,6.6700,6.7100,6.6600,6.6800,1547756,10349323.3400
2019-01-09,6.6900,6.7700,6.6600,6.6900,2262813,15216791.2800
2019-01-10,6.6900,6.7600,6.6500,6.7000,1579047,10609995.8400
2019-01-11,6.7100,6.7500,6.6800,6.7300,1500787,10085452.3300
2019-01-14,6.7400,6.9800,6.7400,6.8600,4047275,27842596.5500
2019-01-15,6.8700,6.8700,6.7700,6.8500,2438626,16601803.6400
2019-01-16,6.8400,6.9000,6.7700,6.7900,2022617,13781875.1100
2019-01-17,6.7900,6.8400,6.7200,6.7600,1878592,12735307.3200
2019-01-18,6.7800,6.8400,6.7400,6.8100,1272110,8626800.9000
2019-01-21,6.8200,6.8600,6.7800,6.8100,1592626,10852127.8000
2019-01-22,6.8100,6.8400,6.7500,6.7700,1466199,9969403.5300
2019-01-23,6.8000,6.9200,6.7400,6.8800,2307683,15810527.8000
2019-01-24,6.8400,7.0200,6.8200,6.9500,2858143,19812541.6500
2019-01-25,6.9200,6.9800,6.8100,6.8100,1868850,12859306.0000
2019-01-28,6.8300,6.9300,6.6500,6.6600,1827200,12408835.0000
2019-01-29,6.7200,6.7800,6.5000,6.7100,1863255,12417402.9500
2019-01-30,6.7000,6.7200,6.5600,6.5600,1292939,8557731.7400
2019-01-31,6.5700,6.6000,6.4200,6.4700,1706925,11131997.2000
2019-02-01,6.5000,6.6500,6.4700,6.6200,1270500,8367684.1100
2019-02-11,6.6400,6.8100,6.5700,6.8000,2010067,13523823.4100
2019-02-12,6.7700,6.8900,6.7700,6.8600,2390121,16358848.1000
2019-02-13,6.9000,6.9700,6.8500,6.9300,2912249,20190937.7600
2019-02-14,6.9300,7.0200,6.9100,6.9800,2803717,19549480.5300
2019-02-15,6.9800,7.2700,6.9500,7.0600,5703970,40526166.3900
2019-02-18,7.0600,7.2800,7.0500,7.2600,6077416,43447342.3200
2019-02-19,7.2600,7.2900,7.1100,7.1800,4362174,31355410.5400
2019-02-20,7.3000,7.4500,7.1800,7.2300,5755088,41936889.9700
2019-02-21,7.2000,7.3200,7.1100,7.1800,4832942,34835920.9100
2019-02-22,7.1500,7.2800,7.1400,7.2500,3907670,28208594.0500
2019-02-25,7.2700,7.5400,7.2700,7.5300,7834104,58160978.2000
2019-02-26,7.5300,7.6800,7.4300,7.5300,7166350,54161206.1900
2019-02-27,7.4900,7.5900,7.3800,7.4200,5183386,38817407.2200
2019-02-28,7.4100,7.5200,7.3900,7.4600,3841402,28650029.7400
2019-03-01,7.4700,7.6200,7.4600,7.5900,6029620,45503424.6500
2019-03-04,7.6200,7.7500,7.5500,7.5800,8844627,67523415.8900
2019-03-05,7.5500,7.6800,7.5100,7.6700,6656975,50574079.6600
2019-03-06,7.7100,7.9200,7.6400,7.8300,10047195,78065128.5300
2019-03-07,7.8300,8.0300,7.7500,7.9100,9865595,77569325.9200
2019-03-08,7.7700,7.8400,7.4500,7.4800,8824452,67855189.1900
2019-03-11,7.5400,7.9300,7.5400,7.9100,8955764,69826701.5100
2019-03-12,7.9400,8.1800,7.8700,8.0000,11122884,88977226.0300
2019-03-13,8.1000,8.1600,7.8100,7.8300,9287530,74198215.5600
2019-03-14,7.7500,7.8700,7.4900,7.6100,6704299,51395140.2100
2019-03-15,7.6100,7.7400,7.5700,7.6800,5508329,42259717.2600
2019-03-18,7.6500,7.8400,7.6500,7.8300,6185886,48031191.7400
2019-03-19,7.8400,7.9200,7.7900,7.8600,5056055,39647160.8400
2019-03-20,7.8300,7.9600,7.7800,7.9000,7167782,56465835.1200
2019-03-21,7.9000,8.0700,7.8600,8.0300,8434877,67307706.3800
2019-03-22,8.0100,8.0500,7.8500,7.9900,6765700,53738207.9200
2019-03-25,7.9400,8.1000,7.8500,7.9400,6439953,51381448.5000
2019-03-26,7.9400,8.0300,7.7600,7.7900,5653327,44579348.8700
2019-03-27,7.8200,7.8700,7.6800,7.7900,3754907,29131063.5200
2019-03-28,7.8500,8.2800,7.8300,8.0800,13106101,106221708.2500
2019-03-29,7.9500,7.9700,7.6000,7.9400,13329057,104197429.9200
2019-04-01,7.9000,8.2700,7.8700,8.2500,14532000,117821248.4800
2019-04-02,8.3300,8.8600,8.1500,8.5700,19993285,168876405.4300
2019-04-03,8.4500,8.6300,8.3500,8.6100,12900181,109350927.3100
2019-04-04,8.5700,8.6100,8.3900,8.4500,9458935,80187804.5200
2019-04-08,8.4800,8.5400,8.2100,8.3300,8376659,70199799.8400
2019-04-09,8.2500,8.4300,8.1900,8.3400,6384808,52990559.0800
2019-04-10,8.2600,8.3700,8.2000,8.3000,5460252,45217087.6500
2019-04-11,8.3200,8.4000,8.2600,8.2600,5491407,45680237.3600
2019-04-12,8.2400,8.3100,8.1600,8.2500,4058490,33348749.0600
2019-04-15,8.3000,8.3800,8.2600,8.3000,6462271,53788247.1000
2019-04-16,8.2800,8.5400,8.1700,8.5400,12027389,101376972.7100
2019-04-17,8.5200,8.5900,8.4300,8.4800,8328859,70846650.2500
2019-04-18,8.4900,8.5300,8.3300,8.3500,5658184,47615915.4700
2019-04-19,8.3800,8.4800,8.3100,8.4700,5138347,43174336.5800
2019-04-22,8.4600,8.5500,8.3700,8.3800,6350663,53706344.1500
2019-04-23,8.4000,8.4600,8.1900,8.1900,5827978,48350270.4700
2019-04-24,8.2000,8.4100,8.1500,8.4100,6011621,49887149.6400
2019-04-25,8.3600,8.4900,7.9400,8.0000,8834810,72760694.0400
2019-04-26,7.9300,8.0600,7.8700,8.0100,4933196,39312754.3200
2019-04-29,8.0000,8.0000,7.6100,7.6300,6636008,51505198.6900
2019-04-30,7.6300,7.7900,7.6200,7.6900,3592964,27694567.4500
2019-05-06,7.4800,7.6000,7.1300,7.3200,6385448,47011683.8800
2019-05-07,7.3500,7.6300,7.3300,7.6200,6142762,46023515.8000
2019-05-08,7.4800,8.3800,7.4200,8.3800,11884054,98167948.5600
2019-05-09,8.3700,8.4800,7.9000,8.3900,22400194,183851613.7300
2019-05-10,8.2100,8.6000,8.1500,8.5300,20832383,175479538.0400
2019-05-13,8.5400,8.9800,8.4200,8.6300,22237694,193043386.2900
2019-05-14,8.4900,8.5500,8.2500,8.2600,13383534,112315525.7300
2019-05-15,8.3200,8.9800,8.3200,8.8200,25620180,222948765.9200
2019-05-16,8.7200,9.1600,8.6800,8.8200,23212582,206988712.5400
2019-05-17,8.8700,9.4900,8.7500,9.1500,31495770,287058687.2500
2019-05-20,9.0000,9.0800,8.3200,8.6900,18569878,160005781.8400
2019-05-21,8.6000,9.3500,8.5500,9.2000,21742973,197509907.7500
2019-05-22,9.0200,9.1700,8.7100,8.8900,16628923,148170358.6100
2019-05-23,8.7300,8.7300,8.0000,8.2200,18701081,156379747.4200
2019-05-24,8.1000,8.3000,7.9000,7.9400,9255681,74433222.0500
2019-05-27,7.9800,8.1900,7.9000,8.1700,7431136,59830045.7700
2019-05-28,8.1500,8.3900,8.1100,8.1700,9333705,76978675.3600
2019-05-29,8.1100,8.3600,8.0900,8.3500,9144127,75567430.6400
2019-05-30,8.3000,8.8800,8.2600,8.7800,18060063,154845360.0700
2019-05-31,8.6700,8.7500,8.4700,8.5500,11858106,102000006.0900
2019-06-03,8.5500,8.9700,8.4500,8.9000,19205800,169114950.1100
2019-06-04,8.7200,8.8000,8.1000,8.1800,15773221,132527199.8100
2019-06-05,8.2400,9.0000,8.1500,9.0000,31398019,275964782.2700
2019-06-06,8.9000,9.1500,8.5100,8.6900,23565248,207320245.0100
2019-06-10,8.8200,9.4800,8.7000,9.1900,28359933,257717882.5100
2019-06-11,9.1100,9.6100,9.0500,9.3500,30745191,285403644.8200
2019-06-12,9.1600,9.7900,9.0900,9.6200,31866581,299844359.5200
2019-06-13,9.4600,9.5500,9.2500,9.3800,18826293,176410659.6500
2019-06-14,9.3700,9.4400,9.0300,9.0800,14300702,131039099.2000
2019-06-17,9.1300,9.2300,8.8200,9.1800,9663331,87474141.7600
2019-06-18,9.1000,9.1800,8.8700,8.9300,7821246,70457176.2500
2019-06-19,9.0300,9.1500,8.9400,8.9800,9041148,81741966.3800
2019-06-20,9.0000,9.0500,8.7600,8.9700,9972874,88898524.8800
2019-06-21,9.0100,9.3100,8.9500,9.2300,13905511,127202711.5200
2019-06-24,9.2100,9.3500,9.0200,9.2900,12382078,113585517.7400
2019-06-25,9.2600,9.2600,8.9400,8.9500,9926542,89862629.0800
2019-06-26,8.8300,8.8500,8.6000,8.6200,10267402,89217625.4400
2019-06-27,8.6300,8.7500,8.6000,8.6400,6039261,52338929.8800
2019-06-28,8.6600,8.6900,8.5000,8.5400,5023877,43071822.9900
2019-07-01,8.6900,8.8000,8.5700,8.8000,7230901,62920796.8400
2019-07-02,8.7600,8.8700,8.7100,8.7400,4913350,43148180.0600
2019-07-03,8.7400,8.9300,8.5600,8.9000,8380162,73343498.0900
2019-07-04,8.8500,8.8700,8.6800,8.7400,4305709,37737419.8500
2019-07-05,8.7500,8.7500,8.6100,8.6300,3583523,31026287.2600
2019-07-08,8.6200,8.6300,8.0700,8.1900,8218459,68014293.0400
2019-07-09,8.1900,8.2500,8.1000,8.1900,3394745,27799001.4000
2019-07-10,8.1700,8.2600,8.0300,8.0600,3217716,26210602.1200
2019-07-11,8.1000,8.1900,8.0000,8.0200,2972926,24048366.4000
2019-07-12,8.0800,8.1400,8.0100,8.1100,2777131,22487719.1100
2019-07-15,8.1800,8.2600,8.0400,8.2000,3653995,29778641.8500
2019-07-16,8.2100,8.2500,8.1400,8.1700,2342519,19181881.3800
2019-07-17,8.1500,8.3800,8.1500,8.2800,4374291,36251794.3400
2019-07-18,8.2600,8.3700,8.2000,8.2200,3374264,27941283.6400
2019-07-19,8.2000,8.2800,8.0800,8.1200,3494937,28645237.9000
2019-07-22,8.1200,8.1500,7.6900,7.7600,4760526,37329596.3200
2019-07-23,7.8500,7.8900,7.7200,7.8600,2092442,16382997.0200
2019-07-24,7.9000,8.0000,7.8000,7.9000,2843559,22554260.9600
2019-07-25,7.9000,7.9800,7.8700,7.9500,2213411,17553396.1200
2019-07-26,7.9100,7.9500,7.8100,7.8900,2037880,16043531.9500
2019-07-29,7.9700,7.9700,7.8400,7.8800,1806031,14249748.3500
2019-07-30,7.8500,7.9500,7.8500,7.9100,2094233,16554389.5500
2019-07-31,7.9100,7.9300,7.8100,7.8800,1646490,12947596.5500
2019-08-01,7.7700,7.9400,7.7700,7.8000,1955052,15330907.9000
2019-08-02,7.7400,7.9800,7.6800,7.9600,4726660,37300218.7600
2019-08-05,7.9600,7.9600,7.7600,7.8100,3373266,26488660.1600
2019-08-06,7.6400,7.7800,7.2100,7.4600,5396949,40526243.5900
2019-08-07,7.4600,7.5800,7.3800,7.4500,3691621,27684854.9000
2019-08-08,7.4700,7.5300,7.4100,7.4300,2239392,16705647.7300
2019-08-09,7.4400,7.4800,7.1000,7.2200,4677715,34000052.7500
2019-08-12,7.3000,7.4000,7.1800,7.3900,2729274,19978730.0300
2019-08-13,7.3500,7.4300,7.3000,7.3100,2039190,14966611.7000
2019-08-14,7.3600,7.4500,7.3100,7.3500,2096865,15489662.3900
2019-08-15,7.1900,7.3600,7.0800,7.3600,2792882,20217835.1200
2019-08-16,7.3800,7.4800,7.3300,7.3900,2716145,20118421.4300
2019-08-19,7.4400,7.5500,7.4200,7.5500,3912926,29351848.1000
2019-08-20,7.5500,7.8000,7.5100,7.7800,5674531,43431484.3900
2019-08-21,7.7100,7.7400,7.6000,7.6200,3928871,30025102.4200
2019-08-22,7.6500,7.6500,7.5300,7.5800,2415233,18279460.2700
2019-08-23,7.6200,7.6300,7.5000,7.5200,2232100,16872786.9000
2019-08-26,7.4300,7.4800,7.3300,7.4400,2334247,17327634.9600
2019-08-27,7.4700,7.6100,7.4600,7.6000,2844869,21502682.4300
2019-08-28,7.5900,7.8000,7.5800,7.7100,3983286,30628471.8500
2019-08-29,7.7300,7.7400,7.5900,7.6100,2534303,19407575.4900
2019-08-30,7.6800,7.6800,7.4500,7.4900,2895337,21839663.2500
2019-09-02,7.4900,7.6400,7.3700,7.6100,2961982,22383868.5900
2019-09-03,7.6200,7.6600,7.5500,7.6500,2773091,21123155.2100
2019-09-04,7.6800,7.7600,7.6200,7.7000,3857000,29645399.3400
2019-09-05,7.7400,7.8200,7.6900,7.7300,5691047,44140795.1500
2019-09-06,7.7400,7.7600,7.6300,7.7200,3324466,25567028.5400
2019-09-09,7.7700,7.7900,7.6900,7.7900,4039852,31298742.3300
2019-09-10,7.8000,7.9400,7.8000,7.8500,5429679,42690216.0400
2019-09-11,7.8600,7.8800,7.8200,7.8700,3476895,27282001.0000
2019-09-12,7.8400,7.8800,7.7800,7.8600,3077099,24100366.1500
2019-09-16,7.8700,7.9200,7.8000,7.8300,3177049,24939661.4800
2019-09-17,7.8000,7.8300,7.6000,7.6200,3516200,27044468.0000
2019-09-18,7.6200,7.6500,7.5300,7.5500,2660567,20186097.1800
2019-09-19,7.5900,7.5900,7.5200,7.5800,1741284,13164898.3700
2019-09-20,7.5800,7.6800,7.5100,7.6100,2490015,18980866.7200
2019-09-23,7.2500,7.3000,7.0200,7.1300,11069315,78721173.5800
2019-09-24,7.0400,7.1800,7.0300,7.0800,4815916,34190606.0200
2019-09-25,7.0800,7.1100,6.9600,6.9900,4243268,29716447.1000
2019-09-26,6.9600,7.0300,6.8100,6.8500,3319418,22946851.5200
2019-09-27,6.8400,6.9200,6.8300,6.8900,2243147,15425502.6200
2019-09-30,6.9200,6.9200,6.8200,6.8300,1199300,8230283.4800
2019-10-08,6.8600,6.9100,6.8200,6.8700,1402821,9629093.4200
2019-10-09,6.8200,6.9000,6.8100,6.9000,1158492,7950001.7400
2019-10-10,6.9100,6.9700,6.8900,6.9400,1586132,10994169.0800
2019-10-11,6.9400,6.9700,6.8900,6.9600,1785307,12387781.4800
2019-10-14,6.9800,7.0500,6.9800,7.0100,2585016,18133408.3600
2019-10-15,6.9800,7.0000,6.9100,6.9300,1659201,11512169.9200
2019-10-16,6.9200,6.9700,6.8500,6.8700,1564190,10804916.1000
2019-10-17,6.8800,6.9200,6.8400,6.8600,1167581,8033237.8900
2019-10-18,6.8700,6.9000,6.7100,6.7600,1999182,13622684.1400
2019-10-21,6.7600,6.8100,6.6700,6.8000,1332931,8969753.8900
2019-10-22,6.8100,6.9200,6.8100,6.9200,1914330,13148171.8400
2019-10-23,6.9200,6.9600,6.8600,6.8900,1621127,11208039.3000
2019-10-24,6.9000,6.9800,6.8200,6.9700,2542165,17625932.6300
2019-10-25,6.9600,7.0900,6.9000,7.0600,2989535,20980316.9900
2019-10-28,6.9600,7.0300,6.9200,7.0000,2874583,20080520.9300
2019-10-29,7.0000,7.0000,6.8300,6.8300,3142941,21677205.3100
2019-10-30,6.8300,6.8400,6.7300,6.7600,2178623,14763267.6800
2019-10-31,6.7600,6.8200,6.6800,6.6900,2001738,13475744.6900
2019-11-01,6.6900,6.7100,6.6100,6.6900,1809666,12061257.0300
2019-11-04,6.7100,6.7100,6.6300,6.6300,1743905,11639227.1500
2019-11-05,6.6300,6.7200,6.6300,6.6600,1278187,8511944.2800
2019-11-06,6.6400,6.6600,6.5200,6.5500,2200174,14525448.9000
2019-11-07,6.5100,6.6100,6.5100,6.6100,1448957,9549772.6600
2019-11-08,6.6100,6.6700,6.5900,6.5900,931946,6172542.5200
2019-11-11,6.5600,6.6100,6.4100,6.4200,1785285,11542714.1000
2019-11-12,6.4600,6.6400,6.4000,6.6400,1511380,9834513.8900
2019-11-13,6.6000,6.6500,6.5400,6.5700,983461,6468094.4300
2019-11-14,6.5500,6.5900,6.4900,6.5000,981787,6400535.3900
2019-11-15,6.4800,6.5200,6.4500,6.4500,1061026,6875089.6900
2019-11-18,6.4400,6.5800,6.4300,6.5600,1306574,8536565.4500
2019-11-19,6.5600,6.6300,6.5600,6.6000,971737,6406337.7200
2019-11-20,6.5700,6.6700,6.5600,6.6300,1386497,9175852.1100
2019-11-21,6.6300,6.6300,6.5500,6.5600,835841,5504943.9600
2019-11-22,6.5600,6.6400,6.4800,6.5000,1289488,8467620.8300
2019-11-25,6.5100,6.5900,6.4800,6.5800,787005,5142348.7000
2019-11-26,6.6000,6.6200,6.5300,6.5900,849215,5580356.0000
2019-11-27,6.6200,6.7300,6.6000,6.6400,1407461,9382289.8500
2019-11-28,6.5900,6.7000,6.5900,6.6500,1506800,10028180.0000
2019-11-29,6.6500,6.7300,6.6400,6.7000,1551830,10383275.6200
2019-12-02,6.7100,6.7400,6.6400,6.6700,854776,5701259.4300
2019-12-03,6.6600,6.7200,6.6300,6.7100,823528,5505116.4800
2019-12-04,6.7200,6.7200,6.6500,6.7000,1281226,8565409.6800
2019-12-05,6.6900,6.7400,6.6600,6.6900,1413229,9465270.9400
2019-12-06,6.6700,6.7000,6.6100,6.6700,1320615,8780331.3200
2019-12-09,6.6800,6.6900,6.6300,6.6400,1147248,7631098.4000
2019-12-10,6.6600,6.6600,6.6000,6.6300,1058347,7010610.5200
2019-12-11,6.6800,6.8000,6.6600,6.7900,4029949,27209989.2700
2019-12-12,6.7700,6.8000,6.6700,6.6700,2295900,15437230.0000
2019-12-13,6.6800,6.7300,6.6600,6.7100,1607724,10772918.7500
2019-12-16,6.7300,6.7600,6.6500,6.7600,2433354,16318628.3200
2019-12-17,6.7600,6.8300,6.7300,6.8200,2887156,19622137.3700
2019-12-18,6.8200,6.9000,6.7900,6.8700,3347740,22914712.2900
2019-12-19,6.8400,6.8800,6.8300,6.8700,2281383,15635067.8200
2019-12-20,6.8700,6.9300,6.8500,6.8600,3261218,22444406.8100
2019-12-23,6.8800,6.9100,6.6800,6.6800,2840200,19288834.8500
2019-12-24,6.7300,6.8500,6.7000,6.8400,2235508,15172137.7400
2019-12-25,6.8100,6.8400,6.7800,6.8000,1217887,8292712.7300
2019-12-26,6.8000,6.9600,6.7900,6.9400,2901205,20022409.5000
2019-12-27,6.9500,6.9500,6.8600,6.8700,1783236,12322247.3500
2019-12-30,6.8500,6.9300,6.7600,6.9100,1726379,11838527.3600
2019-12-31,6.9200,6.9800,6.8700,6.9100,2046307,14150275.5600
2020-01-02,6.9300,7.0400,6.9100,7.0100,3033252,21180887.0800
2020-01-03,7.0000,7.3500,7.0000,7.2800,8930280,64722114.7700
2020-01-06,7.1900,7.3100,7.1100,7.2800,5412906,39177915.5000
2020-01-07,7.2500,7.4100,7.1900,7.3500,4129592,30193094.5200
2020-01-08,7.3500,7.3500,7.1000,7.1000,3728631,26776930.1000
2020-01-09,7.1300,7.1900,7.1100,7.1500,2393785,17106494.3000
2020-01-10,7.1500,7.1700,7.0400,7.1100,2418205,17131277.2500
2020-01-13,7.1000,7.1400,7.0700,7.1200,2051166,14570052.1400
2020-01-14,7.3400,7.5000,7.2700,7.4100,11259062,83209265.9200
2020-01-15,7.3500,7.4000,7.2300,7.2800,4879297,35657653.6100
2020-01-16,7.3000,7.3100,7.2000,7.2000,2672351,19362252.5400
2020-01-17,7.2200,7.2300,7.0700,7.0900,2731849,19525982.0300
2020-01-20,7.1000,7.1700,7.0600,7.1700,1876967,13361808.9600
2020-01-21,7.1800,7.1800,7.0600,7.1000,2118151,15053501.8700
2020-01-22,7.1000,7.1000,6.9200,7.0400,1713286,12029505.1600
2020-01-23,6.9600,7.0100,6.7600,6.8100,2483020,17059532.8000
2020-02-03,6.1300,6.2400,6.1300,6.1300,4853902,29792272.2600
2020-02-04,5.9400,6.2300,5.9400,6.2000,4641540,28341367.5100
2020-02-05,6.1900,6.4400,6.1500,6.2700,3967760,25040670.3000
2020-02-06,6.3300,6.4600,6.2800,6.4300,3700031,23625845.7800
2020-02-07,6.4300,6.5400,6.3200,6.4600,3689631,23707722.2600
2020-02-10,6.4500,7.1100,6.3700,7.1100,11746163,81055296.0300
2020-02-11,7.0200,7.0900,6.7800,6.8100,8199877,56263878.0100
2020-02-12,6.7600,6.9800,6.7300,6.8600,4978495,34285513.2200
2020-02-13,6.8500,7.0800,6.7200,7.0200,7890810,54725796.2000
2020-02-14,6.9500,7.0400,6.8300,6.9000,5038225,34797606.1400
2020-02-17,6.8900,7.2600,6.8600,7.1100,7603356,53795042.9300
2020-02-18,7.0600,7.0900,6.9400,7.0600,5756037,40423294.8400
2020-02-19,7.0200,7.1300,6.9800,6.9800,4031393,28432938.7700
2020-02-20,7.0000,7.0900,6.9100,7.0400,4775715,33359661.3700
2020-02-21,7.0400,7.0700,6.9600,6.9800,4464101,31269978.0200
2020-02-24,6.9700,7.0800,6.8300,7.0100,5829611,40439224.5400
2020-02-25,6.8900,6.9100,6.6700,6.8200,4740804,32314890.8900
2020-02-26,6.8400,7.0000,6.8400,6.8700,5885567,40764031.4400
2020-02-27,6.8700,6.9900,6.8200,6.9100,5568351,38530011.3900
2020-02-28,6.7800,6.8800,6.5200,6.5800,4453225,29938324.8600
2020-03-02,6.6200,6.8200,6.6000,6.7700,2570620,17346672.5100
2020-03-03,6.8400,6.9500,6.7900,6.9000,3596259,24724797.1100
2020-03-04,6.8400,6.9400,6.8200,6.9400,4362919,30120422.8500
2020-03-05,6.9800,7.2500,6.9300,7.1500,9426460,66869832.4100
2020-03-06,7.0200,7.2200,7.0100,7.1400,6171150,43939296.8000
2020-03-09,7.0600,7.0800,6.8400,6.8600,4708842,32746313.4800
2020-03-10,6.7600,7.0700,6.7200,7.0600,6303965,43650250.6300
2020-03-11,7.0900,7.3500,7.0100,7.1000,11359412,81444923.6500
2020-03-12,7.0100,7.1700,6.9700,7.0200,5032968,35458916.0700
2020-03-13,6.7500,7.1900,6.6200,7.1800,9841306,68520139.2000
2020-03-16,7.2100,7.3800,7.0000,7.0000,10174973,73270837.1400
2020-03-17,7.0300,7.4100,6.7200,7.3400,14606835,104304034.6500
2020-03-18,7.3900,7.7000,7.2500,7.5500,21619808,161890528.7300
2020-03-19,7.4600,7.7200,7.3600,7.7200,17628671,133146359.4300
2020-03-20,7.7000,8.1400,7.5500,7.5600,19685574,152862516.6200
2020-03-23,7.2000,7.5600,7.1300,7.1300,12712961,93466258.0000
2020-03-24,7.2500,7.3400,7.0300,7.2400,8863901,63865182.7100
2020-03-25,7.3400,7.4900,7.2000,7.4600,10016841,73736317.2200
2020-03-26,7.3800,8.2100,7.3700,8.2100,22252444,175787754.2400
2020-03-27,8.1800,8.1800,7.6700,7.7000,28193869,222624856.0600
2020-03-30,7.7500,8.2000,7.7500,7.8200,22780922,180608988.1300
2020-03-31,7.6200,8.4000,7.4100,8.2700,29387705,233251715.2700
2020-04-01,8.0400,8.1100,7.7500,7.7800,20564035,162541428.6900
2020-04-02,7.6800,7.7500,7.4700,7.6600,11654038,88489491.0900
2020-04-03,7.6200,7.9000,7.6000,7.7700,11006367,85504681.8100
2020-04-07,7.7000,8.2500,7.6600,8.1200,18479029,148474602.1900
2020-04-08,8.0600,8.0600,7.7600,7.8300,14285477,112569810.3200
2020-04-09,7.8400,7.9700,7.6600,7.9100,12332372,96643488.5100
2020-04-10,7.8100,7.9100,7.4000,7.4100,13234606,100687885.0600
2020-04-13,7.3100,7.3500,7.1600,7.2100,6554847,47422802.9600
2020-04-14,7.2300,7.3000,7.1900,7.3000,4997931,36251303.4700
2020-04-15,7.2900,7.4000,7.1200,7.2000,6657126,48162396.7600
2020-04-16,7.1800,7.2300,7.1000,7.1600,4327761,30973283.8600
2020-04-17,7.2300,7.3400,7.1700,7.1800,5052010,36557913.3000
2020-04-20,7.1100,7.2300,7.1000,7.1800,4405766,31598669.2600
2020-04-21,7.1700,7.1700,7.0000,7.0500,5749227,40590531.6200
2020-04-22,7.0000,7.3200,6.9400,7.3000,8309578,59737890.4700
2020-04-23,7.3300,7.4900,7.2100,7.2900,9922003,72818585.4700
2020-04-24,7.2700,7.3200,7.0300,7.1600,6591249,47361087.3200
2020-04-27,7.1400,7.5800,7.0600,7.3800,12294089,90585670.7000
2020-04-28,7.3300,7.7900,7.0600,7.7500,19368855,146611735.2600
2020-04-29,7.6300,7.7300,7.5000,7.6700,13759748,104747569.3200
2020-04-30,7.6000,7.8300,7.5800,7.6800,10924309,84050864.6000
2020-05-06,7.6000,7.9400,7.5500,7.8800,12492474,97695110.2700
2020-05-07,7.8400,8.1800,7.8100,7.9700,14935352,119811880.2500
2020-05-08,7.9900,8.0400,7.8700,7.9200,11207106,89009324.3400
2020-05-11,7.9100,8.0700,7.7500,7.8600,9657892,76307813.7400
2020-05-12,7.8300,8.1500,7.7900,8.1000,13820159,110931826.5100
2020-05-13,8.0300,8.0900,7.9000,8.0800,8627767,69113178.5600
2020-05-14,8.0000,8.0200,7.7000,7.7500,10425226,81622265.1600
2020-05-15,7.7600,8.5300,7.7300,8.2700,25608419,212853706.9600
2020-05-18,8.5100,9.1000,8.3200,9.1000,37665589,328694778.2700
2020-05-19,8.9700,9.3200,8.7000,8.8900,34778618,311450063.9300
2020-05-20,9.0100,9.3800,8.8000,8.9200,28473790,258443626.6400
2020-05-21,8.9200,9.1000,8.5700,8.6100,20512733,180616424.2200
2020-05-22,8.5600,9.0200,8.5500,8.6900,17140081,150423451.0700
2020-05-25,8.7500,9.0700,8.5000,8.9300,18835533,166754041.4400
2020-05-26,8.9100,8.9900,8.6800,8.9400,14769262,130663446.3400
2020-05-27,8.8500,9.3600,8.7000,9.1500,24812898,225173285.1400
2020-05-28,9.0800,9.1300,8.6000,8.7100,16999799,150366046.6300
2020-05-29,8.6200,8.8600,8.5000,8.6100,11823584,102726914.6300
2020-06-01,8.6800,8.9300,8.6400,8.8800,13743736,121024666.5600
2020-06-02,8.8900,9.2500,8.7200,8.8700,16778014,150914064.7800
2020-06-03,8.9100,9.0500,8.6700,9.0400,14529399,129318759.3400
2020-06-04,9.0400,9.7600,8.9300,9.5700,26628450,250738786.1000
2020-06-05,9.3400,9.3700,8.9500,9.0600,19068049,174306028.7200
2020-06-08,9.0800,9.1500,8.7600,8.8100,11958065,105633351.4600
2020-06-09,8.7800,8.9800,8.6200,8.8700,9338613,82326779.3800
2020-06-10,8.8300,9.0300,8.7600,8.8400,8178311,72864422.1000
2020-06-11,8.8000,8.8000,8.4000,8.4200,13426989,115114590.2700
2020-06-12,8.1900,8.3500,8.1200,8.2500,8173626,67526168.3300
2020-06-15,8.2500,8.4900,8.2400,8.2900,7352152,61687508.1200
2020-06-16,8.3100,8.4000,8.2800,8.3500,5423186,45238316.9400
2020-06-17,8.3800,8.4600,8.2200,8.4100,7166772,59735938.1700
2020-06-18,8.3500,8.4700,8.3000,8.3400,4485824,37535294.9200
2020-06-19,8.3700,8.4100,8.2800,8.3700,5385072,45006816.9200
2020-06-22,8.4000,8.5000,8.2500,8.4700,7595338,63681229.4100
2020-06-23,8.4600,8.4600,8.3100,8.3300,4891239,40964279.5500
2020-06-24,8.2900,8.2900,8.0100,8.0200,9039922,73231482.5200
2020-06-29,7.9700,8.5000,7.9200,8.3600,10225878,84621199.4100
2020-06-30,8.3500,8.5300,8.2600,8.4700,9975047,83982217.6900
2020-07-01,8.5000,8.7300,8.4900,8.5500,11259089,96789296.7900
2020-07-02,8.5500,8.6700,8.4500,8.6600,8810082,75705054.9100
2020-07-03,8.6700,8.8800,8.6000,8.7700,9918150,86771582.2900
2020-07-06,8.8100,9.0800,8.7100,9.0400,14001666,124950063.2400
2020-07-07,9.0500,9.4400,8.8200,9.1600,19059233,174450963.3200
2020-07-08,9.1400,9.3700,9.1200,9.2500,13849198,127613474.2600
2020-07-09,9.2500,9.6500,9.2200,9.6200,15560302,146856315.8700
2020-07-10,9.5900,9.6600,9.2500,9.2800,13857176,130481286.2100
2020-07-13,9.3500,10.2100,9.3400,10.2100,24031682,239350589.6300
2020-07-14,10.4100,10.7900,9.7300,10.4200,29490063,298872407.3400
2020-07-15,10.4200,10.5200,9.9100,10.0300,18895085,191599451.2200
2020-07-16,9.9000,10.0000,9.3700,9.4200,16365931,158581487.5600
2020-07-17,9.4800,9.7000,9.3900,9.5500,10906793,104215642.5300
2020-07-20,9.6400,10.2000,9.6400,10.2000,14942365,148750804.3800
2020-07-21,10.1900,10.2900,10.0200,10.0800,10001280,101228281.1300
2020-07-22,10.0300,10.6800,9.9800,10.4600,16827628,173686241.2200
2020-07-23,10.3000,11.4900,10.2600,11.1600,26714021,290727085.6500
2020-07-24,11.1800,11.5700,10.5500,10.8000,25982900,287529257.0200
2020-07-27,10.5000,10.9800,9.9700,10.1500,22312647,232020363.7200
2020-07-28,10.0800,10.2800,9.9700,10.2600,13737452,139381675.4200
2020-07-29,10.0800,10.3400,9.8900,10.2500,12766942,129253861.6900
2020-07-30,10.1700,10.5700,10.1300,10.4300,15623014,162534700.8100
2020-07-31,10.3400,10.3800,10.1000,10.2300,13437709,137441368.2200
2020-08-03,10.2400,10.7000,10.2100,10.5800,13709726,144163165.7300
2020-08-04,10.6900,10.9700,10.4000,10.5300,17730571,190795247.1600
2020-08-05,10.3800,10.7800,10.2000,10.7800,13366929,140126318.7600
2020-08-06,10.6500,10.7500,10.3000,10.4800,11062441,115985104.0100
2020-08-07,10.4400,10.5200,9.8700,10.0900,11942696,121292562.5600
2020-08-10,10.0000,10.1400,9.9100,10.0600,5974311,59894574.1200
2020-08-11,10.0900,10.2500,9.8800,9.9100,7289157,73510726.3100
2020-08-12,9.8900,10.1000,9.5500,9.7100,8077799,78887265.0500
2020-08-13,9.7700,10.2400,9.7000,10.1600,12281499,123982772.1700
2020-08-14,10.2400,10.2400,9.8300,10.0700,8260441,82320543.1000
2020-08-17,10.0000,10.3700,9.9400,10.3500,11641624,118678870.5300
2020-08-18,10.3000,10.7000,10.2900,10.5400,14120787,148865468.6300
2020-08-19,10.4400,10.9300,10.3900,10.6300,18153444,194661967.3300
2020-08-20,10.5000,10.9300,10.2200,10.4200,13319270,140921345.3700
2020-08-21,10.5300,11.0000,10.5200,10.7500,15155499,163389091.5000
2020-08-24,10.7600,11.0000,10.4500,10.8900,14397521,154824734.9900
2020-08-25,11.1100,11.1600,10.4800,10.5200,12341933,132877066.0500
2020-08-26,10.4700,10.7600,9.9600,10.0300,13417812,138234050.6300
2020-08-27,10.0900,10.1200,9.8900,9.9900,6554579,65517387.7800
2020-08-28,10.0400,10.1200,9.7900,10.0500,7466732,74398534.8800
2020-08-31,10.0500,10.1600,10.0000,10.0900,5868723,59198369.8300
2020-09-01,10.0800,10.0900,9.9000,10.0400,4558435,45462304.7700
2020-09-02,9.9900,10.2300,9.9300,9.9700,5453285,54687175.8800
2020-09-03,9.9000,9.9400,9.7000,9.7500,6376051,62331270.3200
2020-09-04,9.6500,9.6500,9.3000,9.4400,8594664,81103187.6400
2020-09-07,9.4300,9.4900,9.0900,9.1300,6886457,63957332.0600
2020-09-08,9.1300,9.3000,9.0100,9.2400,4807479,44069338.8000
2020-09-09,9.1500,9.3400,9.0200,9.0400,4463132,40766016.2300
2020-09-10,9.0500,9.1200,8.7500,8.7900,5521405,49165798.3600
2020-09-11,8.7000,8.9300,8.6700,8.9100,3244760,28625517.0300
2020-09-14,8.8900,9.0400,8.8800,9.0100,3044614,27290950.8800
2020-09-15,9.0300,9.0300,8.8700,8.9300,2185152,19498568.3200
2020-09-16,8.8700,8.9600,8.7600,8.8200,2365262,20925572.7000
2020-09-17,8.8200,8.8200,8.5900,8.7400,3570705,31046621.6000
2020-09-18,8.7400,8.8800,8.6600,8.8800,3184180,27968484.3900
2020-09-21,8.8300,9.0400,8.8200,8.9900,3074666,27517997.7200
2020-09-22,8.8800,9.0500,8.8100,8.8600,2348410,20932873.1000
2020-09-23,8.8600,8.8900,8.7600,8.7700,2144326,18886684.7600
2020-09-24,8.7000,8.9200,8.6300,8.6400,3258338,28600164.2600
2020-09-25,9.5000,9.5000,9.5000,9.5000,4442423,42203018.5000
2020-09-28,9.9800,9.9800,9.3300,9.5100,16614363,160108474.2000
2020-09-29,9.4100,9.4800,9.1600,9.3100,8132165,75615901.8900
2020-09-30,9.2800,9.4500,9.1000,9.1000,6081944,56280771.7400
2020-10-09,9.2000,9.4700,9.1800,9.3800,6820371,63747015.4600
2020-10-12,9.4300,9.6000,9.3600,9.6000,6552178,62387306.3600
2020-10-13,9.7000,9.7300,9.4800,9.5800,5805874,55523403.3400
2020-10-14,9.5800,9.6300,9.4000,9.4300,4091100,38851029.0000
2020-10-15,9.4300,9.4700,9.3200,9.4100,2826062,26541255.7200
2020-10-16,9.4100,9.5000,9.3500,9.4200,2710221,25486329.0400
2020-10-19,9.4800,9.6500,9.3300,9.3800,3623736,34341029.2600
2020-10-20,9.3000,9.6000,9.2000,9.5800,4571401,43165352.4500
2020-10-21,9.5800,9.6800,9.3800,9.4400,3441185,32653481.5500
2020-10-22,9.5500,9.8900,9.4600,9.8000,13373999,129976653.0500
2020-10-23,9.7400,9.8300,9.5400,9.6400,7109005,68709180.9600
2020-10-26,9.5700,9.7200,9.4000,9.4900,5282357,50252079.0300
2020-10-27,9.3800,9.5800,9.3400,9.4800,3430957,32487267.6100
2020-10-28,9.4800,9.4900,9.0500,9.2600,5902949,54404879.0100
2020-10-29,9.0800,9.2500,9.0800,9.2000,3278215,30040817.4000
2020-10-30,9.2200,9.3700,8.9000,8.9600,5088357,46748539.8700
2020-11-02,8.9100,9.0300,8.8200,8.9300,4088848,36383419.1100
2020-11-03,8.9800,9.1700,8.8600,9.1000,3179168,28704467.2400
2020-11-04,9.1200,9.1500,8.8800,8.9900,2593010,23339656.3200
2020-11-05,9.0500,9.1900,9.0100,9.1700,3175121,28877898.9500
2020-11-06,9.1800,9.1800,9.0500,9.1200,1909678,17381037.4000
2020-11-09,9.1600,9.2400,9.1100,9.2100,3988727,36637256.5100
2020-11-10,9.2600,9.2600,9.0500,9.1000,3022280,27647135.4400
2020-11-11,9.1100,9.3300,9.0300,9.1400,3614529,33298709.8900
2020-11-12,9.1000,9.1600,9.0600,9.1400,2100206,19144772.8800
2020-11-13,9.1000,9.1000,8.9200,8.9700,2988013,26813078.6900
2020-11-16,9.0000,9.1700,8.9600,9.1200,2910697,26409652.8300
2020-11-17,9.1200,9.1900,9.0800,9.1500,2651800,24194006.0000
2020-11-18,9.1100,9.2200,9.1000,9.1500,2630057,24093801.7000
2020-11-19,9.1500,9.1700,9.0700,9.1600,1912700,17462320.0000
2020-11-20,9.1400,9.3300,9.1200,9.2800,4058754,37502217.0200
2020-11-23,9.2800,9.4700,9.2500,9.3900,4630082,43450522.8600
2020-11-24,9.3700,9.4600,9.3100,9.3200,2779503,26015942.3800
2020-11-25,9.3700,9.3700,9.1500,9.1600,3376026,31248642.6900
2020-11-26,9.1700,9.2400,9.1000,9.1100,2189467,20032904.7500
2020-11-27,9.1000,9.2200,9.0700,9.2000,2933443,26846373.7700
2020-11-30,9.2100,9.4100,9.2000,9.3400,4180222,38959949.7200
2020-12-01,9.3000,9.4300,9.2600,9.4200,4052133,38042254.8500
2020-12-02,9.4200,9.5200,9.3600,9.3800,3551748,33447990.0000
2020-12-03,9.3600,9.6300,9.3100,9.5700,6643088,63055045.0900
2020-12-04,9.5900,9.7600,9.4500,9.7000,7408211,71339213.7800
2020-12-07,9.6800,10.1500,9.5800,9.9700,13690898,136288265.5200
2020-12-08,9.9100,10.0200,9.7300,9.8200,7730696,76151629.1800
2020-12-09,9.7700,9.9900,9.5600,9.6200,7646793,74868314.6000
2020-12-10,9.6100,9.9400,9.5700,9.7400,7819640,76567243.3000
2020-12-11,9.7000,10.1500,9.5700,10.0800,13727422,136253415.2400
2020-12-14,10.1300,10.5600,10.0200,10.3700,20803407,215801502.9200
2020-12-15,10.2900,10.3300,9.9900,10.1100,11026597,111544721.1800
2020-12-16,10.0800,10.4500,10.0300,10.4500,12634768,129925489.2600
2020-12-17,10.4000,10.4900,10.1400,10.3000,9814674,100671711.7400
2020-12-18,10.2100,10.2800,10.0200,10.0900,8959075,90682096.3500
2020-12-21,10.1900,10.5200,10.1500,10.3700,12287963,127281352.4300
2020-12-22,10.2500,10.3900,9.8500,9.9200,11488765,115746183.0800
2020-12-23,9.8400,10.1500,9.7600,10.0400,8851044,88172486.4200
2020-12-24,9.9800,10.1100,9.4500,9.5000,9917436,96972140.1500
2020-12-25,9.5000,9.5600,9.1000,9.1200,8997307,83424480.4400
2020-12-28,9.6500,10.0300,9.4900,10.0300,7419101,72859776.9400
2020-12-29,10.6000,11.0000,10.2000,10.2700,34477375,363749055.4800
2020-12-30,10.4300,11.3000,10.3900,11.3000,38557166,426566202.4800
2020-12-31,11.7300,12.0800,10.8400,11.5500,48732378,563172405.3400
2021-01-04,11.2200,11.8000,11.1300,11.4900,33153932,378947127.8300
2021-01-05,11.1100,11.2800,10.7800,11.0400,29308692,323020775.1200
2021-01-06,10.9500,11.2000,10.6300,10.7200,20413353,221713206.6300
2021-01-07,10.6700,11.0400,10.6000,10.7700,17259677,187071533.4900
2021-01-08,10.4800,10.5000,10.1000,10.2200,16422673,168278098.9500
2021-01-11,10.2200,10.2300,9.6500,9.7200,12836407,126589831.0900
2021-01-12,9.6900,10.1400,9.6800,9.8300,11268339,110845271.6200
2021-01-13,9.7900,9.8300,9.2400,9.4000,12096241,114452530.6600
2021-01-14,9.2600,9.3800,9.0000,9.0300,9969485,90771426.7000
2021-01-15,9.0300,9.1900,9.0200,9.1300,7049679,64168324.6600
2021-01-18,9.1400,9.3800,9.1100,9.3700,7783037,72247617.5500
2021-01-19,9.3000,9.3000,9.1300,9.2000,6725484,62065072.9700
2021-01-20,9.1800,9.2700,9.0900,9.2300,4726239,43392305.0100
2021-01-21,9.2200,9.3300,9.1500,9.2800,6029379,55833559.3000
2021-01-22,9.2800,9.3000,9.0100,9.0300,8003915,72635670.6400
2021-01-25,8.9500,8.9500,8.6000,8.9300,10465299,91765216.6800
2021-01-26,8.8700,9.1100,8.7500,9.0000,7081252,63309155.4300
2021-01-27,9.0300,9.0300,8.8000,8.8600,4917997,43670921.0000
2021-01-28,8.8000,9.0400,8.7000,8.8000,6036075,53710332.0200
2021-01-29,8.7800,8.8200,8.3800,8.4600,7121775,61141718.6400
2021-02-01,8.4100,8.4800,8.2700,8.4300,4248212,35572269.1800
2021-02-02,8.4400,8.4600,8.3200,8.4000,2842767,23824521.4600
2021-02-03,8.5000,8.5800,8.4300,8.4600,4489508,38214142.6000
2021-02-04,8.4500,8.4500,8.0700,8.1300,5045900,41328275.0000
2021-02-05,8.1100,8.2600,7.8500,7.8700,4789885,38544204.3900
2021-02-08,7.9300,7.9700,7.7500,7.8300,2686877,21121782.4500
2021-02-09,7.8800,8.1400,7.8100,8.0900,3856003,30838016.3000
2021-02-10,8.0900,8.2100,8.0600,8.1200,2548715,20672096.1700
2021-02-18,8.2200,8.3700,8.2200,8.3200,3736145,31007518.4900
2021-02-19,8.3400,8.8100,8.3000,8.8000,6951573,59978706.0100
2021-02-22,8.9000,9.1200,8.8100,8.9000,8907031,79843973.7800
2021-02-23,8.8500,8.8500,8.6100,8.6500,5038612,43865161.4000
2021-02-24,8.6800,8.7900,8.5500,8.7000,3535872,30787512.4500
2021-02-25,8.7100,8.7500,8.5500,8.6500,3108200,26787492.0000
2021-02-26,8.5900,8.8800,8.5100,8.8500,5227288,45814258.5000
2021-03-01,8.8600,8.9500,8.7500,8.9300,4798913,42588106.5600
2021-03-02,8.9900,9.0000,8.7400,8.7500,3196513,28148080.4000
2021-03-03,8.7300,8.9900,8.7100,8.8400,3310500,29312996.2800
2021-03-04,8.8400,8.8400,8.6600,8.7200,3359231,29368714.2200
2021-03-05,8.7000,8.8200,8.6300,8.8000,2766215,24229063.4000
2021-03-08,8.8500,8.8900,8.6600,8.6800,2920015,25606728.0500
2021-03-09,8.7000,8.7600,8.4200,8.5600,3787638,32505523.3300
2021-03-10,8.6000,8.6200,8.2400,8.2900,3472100,29173514.0000
2021-03-11,8.3100,8.4900,8.2600,8.4800,2300747,19346971.4000
2021-03-12,8.4700,8.5700,8.3400,8.5600,2378913,20121253.1400
2021-03-15,8.5500,8.6000,8.4500,8.5900,2225413,19025792.5500
2021-03-16,8.6200,8.7000,8.5600,8.6900,2488461,21457416.4100
2021-03-17,8.7200,9.1800,8.7100,9.1400,11019064,99417556.3200
2021-03-18,9.0000,9.0500,8.8600,9.0100,6464519,57802735.4300
2021-03-19,8.9000,9.1200,8.8900,9.0500,5032366,45367341.5500
2021-03-22,9.0500,9.1200,8.9700,9.1000,4596800,41645761.0000
2021-03-23,9.1000,9.1500,8.9500,9.1200,4817152,43575773.4200
2021-03-24,9.1100,9.4200,9.1000,9.3100,7276188,67578947.5900
2021-03-25,9.3500,9.8900,9.3000,9.4200,11079586,105937709.0100
2021-03-26,9.2200,9.2200,8.9100,9.1300,10304768,93441683.3000
2021-03-29,9.0500,9.1800,8.9900,9.0300,5043701,45796694.1200
2021-03-30,9.0100,9.0700,8.9100,8.9300,4241910,38035740.3000
2021-03-31,8.9400,9.0200,8.8200,8.9800,3398128,30366737.5400
2021-04-01,8.9700,9.0300,8.8500,8.8700,3443260,30708199.4000
2021-04-02,8.8200,8.8500,8.6300,8.7400,3878949,33847678.2400
2021-04-06,8.7500,8.8100,8.7400,8.7700,2329475,20443621.5200
2021-04-07,8.7800,9.0600,8.7700,9.0400,5327481,47720535.1100
2021-04-08,9.0000,9.0400,8.9100,8.9700,2838905,25501441.0000
2021-04-09,9.0300,9.0800,8.9800,9.0700,2863305,25879302.2500
2021-04-12,9.1000,9.2400,8.9100,8.9200,3679668,33270583.0300
2021-04-13,8.8300,9.8000,8.8200,9.4300,13320514,124112552.5000
2021-04-14,9.4100,9.4200,9.1400,9.2500,9949635,91774992.4400
2021-04-15,9.1900,9.3100,9.0600,9.0800,5123999,46829351.3200
2021-04-16,9.0700,9.1500,8.9800,9.1300,4463313,40541544.3200
2021-04-19,9.1300,9.1900,9.0600,9.1800,4754105,43465458.8000
2021-04-20,9.1700,9.2500,9.0600,9.0600,5061540,46312488.4100
2021-04-21,8.7800,8.7800,8.2200,8.2500,14268950,119853087.4000
2021-04-22,8.2900,8.3500,8.1800,8.1900,5495362,45359018.2800
2021-04-23,8.1600,8.2000,7.9500,8.0700,6303224,50755712.7700
2021-04-26,8.0400,8.0800,7.9300,7.9500,3466267,27704160.0100
2021-04-27,7.9700,8.0000,7.7900,7.8400,3323650,26187704.3700
2021-04-28,7.8300,7.9400,7.8000,7.9100,2428952,19159537.2700
2021-04-29,7.8600,7.9300,7.8600,7.8900,1881160,14861054.9800
2021-04-30,7.9200,7.9200,7.7600,7.8000,2634928,20626561.4100
2021-05-06,7.8300,7.9300,7.8000,7.9100,2401746,18932081.7900
2021-05-07,7.9200,7.9300,7.8600,7.9000,2201298,17365688.8700
2021-05-10,7.9000,7.9200,7.8300,7.9100,1994931,15714783.6800
2021-05-11,7.9000,8.1000,7.8600,8.0800,3590455,28828152.8300
2021-05-12,8.0700,8.1800,7.9800,8.1500,3378207,27363894.6900
2021-05-13,8.0900,8.0900,8.0200,8.0500,2168671,17460968.5500
2021-05-14,8.0400,8.1200,8.0300,8.1000,2378706,19250906.0500
2021-05-17,8.1000,8.1100,7.9900,8.0000,2264393,18136550.3100
2021-05-18,8.0100,8.0100,7.8800,7.9000,2472499,19592550.3500
2021-05-19,7.9000,7.9400,7.8600,7.9000,1614613,12737030.1000
2021-05-20,7.8600,7.8600,7.7500,7.7500,1846275,14359332.7100
2021-05-21,7.7800,7.9400,7.7500,7.8500,2154654,16950722.4000
2021-05-24,7.8900,7.9400,7.8300,7.9000,1827788,14379287.5600
2021-05-25,7.9000,7.9300,7.8500,7.9100,2176200,17185159.7400
2021-05-26,7.9400,7.9500,7.8800,7.9300,2035776,16132952.5000
2021-05-27,7.9300,7.9800,7.9000,7.9700,2145900,17048053.0000
2021-05-28,7.9500,7.9700,7.8900,7.9000,1980232,15674186.9200
2021-05-31,7.9000,7.9000,7.8300,7.8700,1758472,13823186.2000
2021-06-01,7.8900,7.9600,7.8700,7.9500,2461895,19529468.5000
2021-06-02,7.9500,7.9800,7.8800,7.9000,2406662,19065405.5700
2021-06-03,7.9500,7.9600,7.8900,7.8900,1976726,15663225.9200
2021-06-04,7.9200,8.0400,7.8800,7.9500,2511264,19978982.2000
2021-06-07,7.9500,7.9700,7.8500,7.8600,2160963,17042668.7600
2021-06-08,7.8700,7.9300,7.8300,7.8900,1555526,12246110.1000
2021-06-09,7.9000,7.9100,7.8700,7.8900,1211429,9555277.4900
2021-06-10,7.9100,7.9100,7.8200,7.8300,2573912,20206312.8400
2021-06-11,7.8300,7.8600,7.7800,7.8100,1723815,13481678.1900
2021-06-15,7.8000,8.1700,7.7800,8.1400,9759332,78296961.6900
2021-06-16,8.1700,8.8800,8.1700,8.4900,16526280,140499586.9000
2021-06-17,8.2900,8.6500,8.2600,8.5000,8271384,70105799.2300
2021-06-18,8.4100,8.8800,8.2500,8.7600,10461766,89364377.5600
2021-06-21,9.6400,9.6400,9.6400,9.6400,3214236,30985235.0400
2021-06-22,10.6000,10.6000,10.6000,10.6000,1700566,18025999.6000
2021-06-23,11.6600,11.6600,11.6600,11.6600,3060130,35681115.8000
2021-06-24,12.8300,12.8300,12.8300,12.8300,5809864,74540555.1200
2021-06-25,14.1100,14.1100,14.1100,14.1100,39342963,555129207.9300
2021-06-28,15.2800,15.5200,14.9700,15.5200,76221818,1172117350.2000
2021-06-29,15.2200,17.0700,15.0200,16.4200,80268064,1299030258.6700
2021-06-30,17.0600,17.2400,15.0000,15.9000,88684917,1427751744.7700
2021-07-01,15.4200,17.0700,15.3000,16.0800,75168101,1226181500.4700
2021-07-02,16.0800,16.8400,15.2000,16.0500,66371061,1070327952.1700
2021-07-05,15.6700,15.7700,14.4500,14.7000,53883030,805896795.8900
2021-07-06,14.8200,15.4500,14.0900,15.2500,55421025,823493531.6200
2021-07-07,14.9600,15.8500,14.5200,14.9500,47737179,718092065.7300
2021-07-08,14.5900,14.8400,14.0100,14.0800,38463587,553723162.1700
2021-07-09,13.8200,13.9400,13.1600,13.4400,37477533,505098727.5200
2021-07-12,13.4300,14.0500,13.1200,13.8000,36463321,499301089.5600
2021-07-13,13.3600,14.5800,13.2600,14.1200,44198423,616339449.5100
2021-07-14,13.6800,15.0900,13.3500,14.6400,55651913,803153955.0300
2021-07-15,14.2600,14.7400,13.3100,13.9000,43576917,613258468.0500
2021-07-16,13.5900,14.5000,13.3000,14.0400,41203728,569171465.6500
2021-07-19,13.9200,14.7800,13.5800,14.7100,40639354,575732305.9700
2021-07-20,14.3200,16.1800,14.3200,15.3400,64269153,999336115.1300
2021-07-21,15.3400,16.0900,14.9200,15.9000,52089157,801940616.6100
2021-07-22,15.6100,15.9400,14.6100,14.7100,41372160,631938669.9300
2021-07-23,14.6000,14.7300,13.9000,13.9100,30372833,433831569.4200
2021-07-26,13.5500,13.7000,12.5200,12.8400,33532043,437492361.0300
2021-07-27,12.8000,13.2300,12.4000,12.5800,24026710,308598053.6500
2021-07-28,12.6000,12.9800,12.1500,12.7900,21507179,268951038.9900
2021-07-29,12.7000,12.9000,12.2100,12.2700,22570195,282083095.5000
2021-07-30,12.1300,12.1300,11.0400,11.0400,37827733,430209359.2900
2021-08-02,10.6700,12.0000,10.6700,11.8000,36785793,421803783.0900
2021-08-03,11.7500,11.9200,11.4000,11.4700,24658736,286307833.3400
2021-08-04,11.5100,11.6300,11.2800,11.4300,17751694,202819273.4000
2021-08-05,11.3300,11.5900,10.9700,11.0200,21388695,239276933.1700
2021-08-06,10.9700,11.2500,10.7800,10.8600,21792556,238072033.4100
2021-08-09,10.7800,11.3400,10.7500,11.1700,21502072,239562144.3900
2021-08-10,11.2400,11.7800,10.9900,11.5500,32581255,371988406.3200
2021-08-11,11.4000,11.4800,11.1100,11.2500,23551191,264675947.3400
2021-08-12,11.4000,11.8500,11.2000,11.3900,24610298,282192174.4600
2021-08-13,11.6200,12.5300,11.4200,12.5300,36507660,432393204.1900
2021-08-16,12.8900,13.7800,12.7900,13.7800,24865359,333926641.4800
2021-08-17,14.1600,14.7000,12.9500,13.0000,45697561,621691439.4600
2021-08-18,13.0400,13.7400,13.0000,13.4000,27897754,373298917.6200
2021-08-19,13.1300,13.2500,12.6500,12.7500,25211675,323932247.4600
2021-08-20,12.5100,12.8800,12.3100,12.6300,20154820,253972060.9700
2021-08-23,12.3000,12.8000,12.2100,12.4100,15390194,191579636.8400
2021-08-24,12.3100,13.4800,12.2200,12.8400,25040835,320574831.8000
2021-08-25,12.7000,13.1100,12.4700,12.5500,19792685,252691785.8700
2021-08-26,12.3400,12.4700,12.0400,12.0500,16797878,205795729.9200
2021-08-27,11.6300,12.0200,11.5400,11.8700,20448719,240150234.6500
2021-08-30,11.6200,11.9100,11.4800,11.4800,14523632,168700912.3100
2021-08-31,11.4200,11.4700,11.0900,11.3400,10932385,123252318.8300
2021-09-01,11.2600,12.0900,11.1900,11.8300,19734609,231293374.1100
2021-09-02,11.7800,11.7800,11.4100,11.5000,12664398,146144834.4000
2021-09-03,11.3500,12.0900,11.2500,11.9500,18557322,219363529.4800
2021-09-06,11.8900,12.5000,11.6800,12.1800,19859145,241682252.0300
2021-09-07,12.0200,12.3200,11.9300,12.2000,14351436,174180059.3400
2021-09-08,12.1900,12.6800,11.9900,12.4100,21161378,260654267.0800
2021-09-09,12.2700,12.6300,12.1100,12.1600,14438418,177754013.3700
2021-09-10,12.0500,12.5700,11.9500,12.4100,14711231,181319938.8900
2021-09-13,12.3100,12.3700,11.8500,11.9000,13921009,167741479.3000
2021-09-14,11.8300,12.1800,11.7800,11.9300,9929501,119011546.3400
2021-09-15,11.7700,11.8000,11.5100,11.6100,10520220,122375818.3600
2021-09-16,11.6200,12.2400,11.6100,11.8600,15106375,180447417.9700
2021-09-17,11.8600,11.9600,11.3100,11.6500,12614840,146274047.5400
2021-09-22,11.5600,11.5600,11.1300,11.1700,10172895,114090581.0100
2021-09-23,11.1800,11.4300,11.1800,11.2200,7720278,87180964.6900
2021-09-24,11.2300,11.5000,11.0800,11.3600,8882233,100385473.3300
2021-09-27,11.2600,12.4500,11.2600,12.0200,19763387,235986392.2700
2021-09-28,11.8000,11.8100,11.0800,11.2500,13136462,148203258.9800
2021-09-29,11.2000,11.4300,10.9300,10.9300,9609110,106797193.6000
2021-09-30,10.3100,10.5100,9.8400,10.1200,19425167,194327969.6100
2021-10-08,9.9800,10.8300,9.9100,10.7800,17871215,188239174.0100
2021-10-11,10.6700,11.1700,10.5200,10.6100,12337980,133266286.0600
2021-10-12,10.7500,10.7500,10.1200,10.2400,9746205,100713693.3200
2021-10-13,10.4300,10.4600,9.9700,10.3700,9119451,93167767.3700
2021-10-14,10.3000,10.5000,10.1800,10.3100,6812100,70059748.0000
2021-10-15,10.2900,10.6500,10.1600,10.1700,9408649,97295439.8600
2021-10-18,9.1500,9.1500,9.1500,9.1500,1846300,16893645.0000
2021-10-19,8.2400,8.2400,8.2400,8.2400,3172800,26143872.0000
2021-10-20,8.0300,8.7300,8.0300,8.3500,53488280,442737876.7200
2021-10-21,7.9600,8.1600,7.8200,7.9500,37194604,297776389.8300
2021-10-22,7.9400,8.0000,7.6700,7.7200,25665972,199881926.6600
2021-10-25,7.7700,7.9200,7.7300,7.8200,19837196,155200263.5900
2021-10-26,7.7600,7.9700,7.6600,7.8700,19257255,151007736.8200
2021-10-27,7.8600,7.8600,7.5000,7.7900,18945296,145066664.1900
2021-10-28,7.6700,7.7400,7.4100,7.4400,14749253,110900475.2200
2021-10-29,7.4400,7.6600,7.4400,7.6200,15731545,119265098.8200
2021-11-01,7.6500,7.9100,7.5700,7.8200,17317725,134713495.0300
2021-11-02,7.8000,8.0000,7.7000,7.7600,25423576,199594271.4000
2021-11-03,7.7100,7.9400,7.6700,7.9300,20851230,163042231.3400
2021-11-04,7.8600,8.1900,7.8500,8.1300,23174303,187300423.7800
2021-11-05,8.1300,8.2500,7.8500,7.8800,17762000,142117821.5300
2021-11-08,7.8000,7.9000,7.7100,7.7600,10753640,83552654.4100
2021-11-09,7.7700,7.9300,7.7000,7.8400,13248225,103339900.6000
2021-11-10,7.8000,7.9600,7.6700,7.8700,13056645,101705929.9100
2021-11-11,7.8600,8.0500,7.8300,7.9200,13562137,107725384.5000
2021-11-12,7.9300,8.1400,7.8700,8.0300,15491657,124151024.6700
2021-11-15,8.0300,8.2300,7.8500,8.2000,18784095,151785437.2000
2021-11-16,8.1900,8.2400,7.9000,8.0000,15927716,128537705.3000
2021-11-17,7.9600,8.0400,7.8700,8.0300,9242581,73489873.8300
2021-11-18,8.0500,8.0600,7.7800,7.8000,14495215,114235280.5000
2021-11-19,7.8000,8.2300,7.7000,8.0100,20770428,165329130.2600
2021-11-22,8.1300,8.1500,7.8200,7.8900,17271485,136201209.5500
2021-11-23,7.9000,7.9600,7.8400,7.8500,11492298,90608298.9000
2021-11-24,7.8500,7.9400,7.7500,7.8800,11125183,87138197.9800
2021-11-25,7.8500,7.9500,7.8200,7.8600,9181111,72272030.8700
2021-11-26,7.8600,7.8600,7.7600,7.7600,9264700,72133791.7200
2021-11-29,7.6900,7.7200,7.6000,7.6500,9574693,73372172.0900
2021-11-30,7.6600,7.9300,7.6500,7.9100,18185514,142695173.3600
2021-12-01,7.9100,8.0300,7.8600,7.9100,17991077,142734294.3300
2021-12-02,7.9400,8.4500,7.9100,8.1200,37203604,303870445.0900
2021-12-03,8.1000,8.1500,7.9100,8.0300,21132517,169155342.7800
2021-12-06,8.0500,8.0900,7.8100,7.8200,15848215,125223030.8300
2021-12-07,7.8100,7.9000,7.8000,7.8900,9374594,73615817.4800
2021-12-08,7.8900,8.0900,7.8100,8.0400,14597837,116122751.7700
2021-12-09,8.0400,8.6000,8.0100,8.2700,31646828,262911420.4400
2021-12-10,8.3600,9.1000,8.2600,9.1000,40079761,355450716.1900
2021-12-13,9.4300,9.7000,8.9000,9.0900,71438892,661542933.4800
2021-12-14,8.9700,9.0000,8.6900,8.7400,40852331,359273755.2200
2021-12-15,8.6600,8.7900,8.5500,8.6800,22520347,195275427.1600
2021-12-16,8.6300,8.8100,8.5500,8.7700,26933301,233905314.3000
2021-12-17,8.6600,9.5500,8.5600,9.1300,45900098,412366682.4900
2021-12-20,9.1100,9.3200,8.9000,8.9000,36114124,329581362.4500
2021-12-21,8.8400,9.0000,8.7200,8.9300,22306603,197412579.2800
2021-12-22,8.8800,8.9300,8.6500,8.6800,20154500,176493231.0000
2021-12-23,8.6900,8.7800,8.5300,8.7100,15888610,137598793.1000
2021-12-24,8.7100,8.7200,8.4000,8.4100,14706936,125206427.1100
2021-12-27,8.3600,8.7300,8.3500,8.5800,13237750,113610926.5600
2021-12-28,8.5800,8.7200,8.4600,8.5000,11135364,95374816.1200
2021-12-29,8.5000,8.5000,8.2000,8.2400,13082566,108326018.6800
2021-12-30,8.2000,8.3500,8.1900,8.2600,8621541,71346553.2900
2021-12-31,8.2500,8.4300,8.2400,8.3600,8487965,70807458.8400
2022-01-04,8.3400,8.7600,8.3200,8.7300,24337699,209956658.3900
2022-01-05,8.6500,8.7900,8.5100,8.6600,17132147,148057520.1600
2022-01-06,8.6800,8.7300,8.5600,8.6700,12367726,106896985.9900
2022-01-07,8.7000,8.7000,8.3100,8.3300,17497383,148070914.0400
2022-01-10,8.3400,8.4600,8.1300,8.4200,10564182,88066441.3900
2022-01-11,8.3600,8.6500,8.3400,8.3900,10044914,84987515.1800
2022-01-12,8.4200,8.7600,8.3100,8.6700,19472056,166820249.2000
2022-01-13,8.8800,8.9700,8.6200,8.7300,25354172,221863675.1300
2022-01-14,8.6100,8.9000,8.3900,8.4100,25547700,221506650.1700
2022-01-17,8.4300,8.6000,8.2700,8.5800,20424102,173356681.5900
2022-01-18,8.5500,8.6500,8.2700,8.2900,20108119,167885647.6700
2022-01-19,8.3500,8.7100,8.3000,8.5600,23232328,197673918.3900
2022-01-20,8.5000,8.6000,8.2800,8.2800,18037492,151152583.4900
2022-01-21,8.2000,8.2000,7.7000,7.8900,16425488,130030818.0800
2022-01-24,7.8300,7.9300,7.8100,7.8800,6337357,49919681.9000
2022-01-25,7.8300,7.9200,7.4900,7.5000,10998510,84283434.0700
2022-01-26,7.5000,7.5900,7.4500,7.5700,6066171,45694797.3400
2022-01-27,7.5600,7.6100,7.4000,7.4000,6532041,48821819.4000
2022-01-28,7.4200,7.6300,7.3500,7.5500,7193160,53913728.8000
2022-02-07,7.6500,7.7400,7.5500,7.7400,5722300,43768917.0000
2022-02-08,7.7200,7.9100,7.6200,7.8900,6409576,50095450.7600
2022-02-09,7.8800,7.9900,7.8300,7.9500,5747100,45591685.2500
2022-02-10,7.9600,7.9900,7.8300,7.9300,9772146,77180622.5600
2022-02-11,7.8500,7.8900,7.7000,7.7200,6521829,50611523.9000
2022-02-14,7.6900,7.8000,7.6800,7.7300,4048905,31349738.7800
2022-02-15,7.7300,7.7800,7.6200,7.6500,4848435,37272204.2600
2022-02-16,7.6700,7.7300,7.6300,7.7300,4281405,32936442.7100
2022-02-17,7.7300,7.7900,7.6000,7.6200,6457890,49637019.3500
2022-02-18,7.5900,7.7000,7.5500,7.6900,4982447,38119996.5400
2022-02-21,7.7100,7.8900,7.7000,7.8900,7753294,60772368.5700
2022-02-22,7.8500,7.9400,7.7400,7.8200,6851245,53599875.4500
2022-02-23,7.9300,8.0500,7.7800,7.8500,8476025,66621160.0600
2022-02-24,7.7800,7.9000,7.4900,7.5800,10677038,82326406.1100
2022-02-25,7.6100,7.7300,7.6000,7.6600,5376817,41220961.4200
2022-02-28,7.6600,7.7000,7.5300,7.6500,5262620,40067344.0000
2022-03-01,7.6700,7.8000,7.6300,7.7900,6280701,48566372.0000
2022-03-02,7.8000,7.9800,7.7500,7.9200,10172917,80340070.0000
2022-03-03,7.8800,7.9600,7.8500,7.9200,7411009,58578130.0000
2022-03-04,7.9400,7.9400,7.8200,7.8600,5226185,41123058.0000
2022-03-07,7.9100,7.9500,7.7900,7.8600,6474600,50877311.0000
2022-03-08,7.8100,7.8200,7.5300,7.5400,6917946,53034057.0000
2022-03-09,7.6400,7.6400,6.9800,7.3200,9269280,68135046.0000
2022-03-10,7.4100,7.5300,7.3400,7.4400,6789883,50537151.0000
2022-03-11,7.3600,7.6000,7.2000,7.6000,6984076,51902451.0000
2022-03-14,7.5100,7.8100,7.4800,7.5100,8534800,65384874.0000
2022-03-15,7.4600,7.5700,7.0200,7.0300,9075420,66329353.0000
2022-03-16,7.1500,7.2400,6.8700,7.2000,7195105,50916077.0000
2022-03-17,7.2500,7.4700,7.2100,7.3600,6181526,45648119.0000
2022-03-18,7.3200,7.5800,7.3000,7.5100,6329808,47261555.2600
2022-03-21,7.5600,7.8800,7.4900,7.8600,12489800,97124225.7000
2022-03-22,7.8400,7.9900,7.7200,7.8200,7221615,56402606.5600
2022-03-23,7.8000,7.9500,7.7500,7.8600,6321170,49627358.6800
2022-03-24,7.9300,7.9900,7.8400,7.8600,10984515,86897712.6000
2022-03-25,7.8400,8.2000,7.8300,8.1300,15208475,123478884.1500
2022-03-28,8.1800,8.2400,7.9500,8.0000,17215691,138886863.6100
2022-03-29,7.9600,8.2000,7.9100,8.1700,16747761,135981840.2800
2022-03-30,8.0300,8.0900,7.9400,8.0100,12425514,99372035.5800
2022-03-31,7.9200,8.0600,7.8900,7.9200,8575620,68339298.3200
2022-04-01,7.9600,8.1500,7.8900,7.9800,9298705,74309264.0300
2022-04-06,7.8100,8.1700,7.7600,8.1300,12287919,99091070.4500
2022-04-07,8.0500,8.1200,7.8400,7.8600,9099916,72080929.9200
2022-04-08,7.8800,7.9300,7.5900,7.6500,7164541,55006409.8600
2022-04-11,7.5900,7.9900,7.5900,7.7700,15993035,125016856.6800
2022-04-12,7.5000,7.8000,7.4000,7.7300,16584610,125519161.4800
2022-04-13,7.8500,8.0300,7.5900,7.7500,13511001,104899565.8400
2022-04-14,7.7100,7.8000,7.6000,7.7700,9113483,70472719.8000
2022-04-15,7.7300,7.9700,7.6900,7.7000,10561410,82250256.1000
2022-04-18,7.6800,8.2900,7.6300,8.2900,28711426,231739571.9800
2022-04-19,8.2400,8.3100,8.0600,8.1600,24247788,198169196.8400
2022-04-20,8.2300,8.4500,8.1100,8.3200,27566168,228307386.2400
2022-04-21,8.2100,8.3400,7.8000,7.8600,21330216,171415952.6600
2022-04-22,7.7000,7.8100,7.2400,7.3100,20067805,148083421.9000
2022-04-25,7.1500,7.2000,6.5800,6.5800,17045409,116693338.4000
2022-04-26,6.5700,6.7400,6.2700,6.3200,12107105,78668694.9000
2022-04-27,6.3000,6.4400,6.1000,6.4200,10614010,66477497.9500
2022-04-28,6.3400,6.3900,6.0700,6.2600,9913001,61685386.2700
2022-04-29,6.2200,6.5400,6.2200,6.4800,9177957,59051855.3600
2022-05-05,6.4600,6.6900,6.3500,6.6000,8437792,55668450.6000
2022-05-06,6.4700,6.6000,6.3600,6.4500,7102709,46040270.9600
2022-05-09,6.4800,6.6500,6.4800,6.6100,5583804,36833629.0000
2022-05-10,6.6100,6.6800,6.5000,6.6800,6798704,44831195.2400
2022-05-11,6.6500,6.7500,6.6000,6.6000,7806900,52133046.0000
2022-05-12,6.5600,6.6900,6.5000,6.6100,6184543,40746345.4300
2022-05-13,6.5900,6.7200,6.5500,6.6500,5603940,37141014.8000
2022-05-16,6.6800,6.9400,6.6700,6.7900,13539469,92288170.9100
2022-05-17,6.7800,6.7900,6.5900,6.6700,8692210,57878196.5000
2022-05-18,6.6700,6.7500,6.6100,6.7400,6447930,43204816.6000
2022-05-19,6.5600,6.7500,6.5100,6.6900,7572830,50399371.6000
2022-05-20,6.6500,6.7500,6.6500,6.7400,7818623,52443558.7800
2022-05-23,6.7400,6.9400,6.7100,6.8900,9690665,66378570.4000
2022-05-24,6.8900,6.9500,6.5700,6.5900,8666520,58384092.2000
2022-05-25,6.6000,6.8100,6.5900,6.7900,6477348,43487539.1000
2022-05-26,6.8500,6.8500,6.6400,6.7800,5406405,36389124.3000
2022-05-27,6.7900,6.8000,6.6800,6.7800,5600188,37788934.2400
2022-05-30,6.8200,6.9000,6.7400,6.7900,7544100,51314934.0000
2022-05-31,6.7800,7.0400,6.7300,6.9500,14571455,101076139.9000
2022-06-01,6.9600,6.9800,6.8400,6.9200,8343145,57728866.2900
2022-06-02,6.8700,6.9600,6.7900,6.9500,6340460,43685390.0400
2022-06-06,6.9300,7.0500,6.8600,7.0400,8867015,61871523.2500
2022-06-07,7.0600,7.0600,6.9000,6.9400,7317000,50885135.0000
2022-06-08,6.9400,6.9700,6.7800,6.9200,7002000,48215712.0000
2022-06-09,6.9300,6.9900,6.7600,6.8100,6110110,41881099.4000
2022-06-10,6.8500,6.8600,6.7200,6.8400,4962200,33825702.0000
2022-06-13,6.8400,6.9000,6.7700,6.8400,5421205,37049496.2000
2022-06-14,6.8400,6.9300,6.7300,6.9100,7786400,53250548.0000
2022-06-15,6.9300,6.9900,6.8900,6.9100,7497151,51994762.3300
2022-06-16,6.9100,7.0500,6.8900,6.9800,7240655,50533958.5000
2022-06-17,6.9600,7.0100,6.7900,6.9300,6431500,44333928.0000
2022-06-20,6.9000,7.0700,6.8900,7.0400,8775105,61419022.9000
2022-06-21,7.0500,7.0700,6.9500,7.0300,5689437,39905068.3700
2022-06-22,7.0800,7.0800,6.9300,6.9400,9988800,69920170.0000
2022-06-23,6.8800,6.9700,6.8300,6.9700,6151000,42467880.0000
2022-06-24,6.9700,6.9900,6.9100,6.9900,5005000,34856300.0000
2022-06-27,7.0600,7.0900,6.9700,6.9900,4856774,34016025.8200
2022-06-28,6.9800,7.1100,6.9700,7.0900,8561436,60443429.7000
2022-06-29,7.0900,7.1000,6.9500,6.9500,7280313,51147670.3100
2022-06-30,6.9600,7.1200,6.9600,7.0200,8458004,59457952.8800
2022-07-01,7.0200,7.0800,6.9400,7.0100,5940300,41614862.0000
2022-07-04,7.0200,7.0600,6.9000,7.0100,9553457,66796232.7000
2022-07-05,7.0300,7.0300,6.7800,6.8900,10205002,70246543.9000
2022-07-06,6.8600,6.8600,6.6500,6.6900,6486797,43763169.3800
2022-07-07,6.6900,6.7600,6.6800,6.7100,5144555,34585068.1500
2022-07-08,6.7200,6.8800,6.6800,6.8200,6003346,40904609.4600
2022-07-11,6.8200,6.9600,6.8000,6.9500,8878353,61323990.6900
2022-07-12,6.8900,7.0000,6.7600,6.7700,6504728,44576530.9200
2022-07-13,6.7700,7.0400,6.7400,7.0400,10148407,70588352.0400
2022-07-14,6.9300,6.9800,6.8500,6.9100,10627298,73387308.9300
2022-07-15,6.9300,6.9500,6.6000,6.6100,10366610,69773166.4000
2022-07-18,6.5700,6.9400,6.5600,6.8900,8826518,60343245.5000
2022-07-19,6.9200,7.0300,6.8900,6.9700,6377026,44369786.9600
2022-07-20,6.9700,7.0300,6.9300,6.9500,4422454,30771033.7400
2022-07-21,6.8800,6.9600,6.8600,6.8700,3802300,26262857.0000
2022-07-22,6.8600,6.9400,6.8200,6.8900,3770709,25967515.8100
2022-07-25,6.8900,6.9600,6.8100,6.8400,3743200,25734244.0000
2022-07-26,6.8300,6.9700,6.7900,6.9500,4838605,33338539.0000
2022-07-27,6.9400,7.1500,6.9200,7.1500,9859836,69765896.8700
2022-07-28,7.1700,7.7500,7.1100,7.4200,17274140,128541610.5000
2022-07-29,7.4700,7.4900,7.2800,7.3000,8301207,60876245.1000
2022-08-01,7.2600,7.3300,7.1400,7.1700,5782100,41516581.0000
2022-08-02,7.1600,7.1600,6.7300,6.8700,9385410,64450227.1300
2022-08-03,6.8600,7.1100,6.8500,6.9200,7941667,55469812.0100
2022-08-04,6.9700,7.0100,6.8700,6.9900,4653667,32344491.1700
2022-08-05,7.0400,7.0900,6.9300,7.0600,4261520,29833585.2000
2022-08-08,7.0600,7.1200,6.9800,7.0300,4885553,34319672.3400
2022-08-09,7.0200,7.0900,6.9200,7.0800,5816614,40800093.0200
2022-08-10,7.0500,7.0700,6.9800,7.0000,4593000,32185314.0000
2022-08-11,7.0200,7.5100,7.0200,7.4200,13039211,95061173.3300
2022-08-12,7.5000,7.5700,7.3600,7.4300,9438328,70439685.6800
2022-08-15,7.4600,7.5400,7.3700,7.4700,5335733,39759716.5400
2022-08-16,7.5700,7.6000,7.4700,7.5400,6497782,49006036.8900
2022-08-17,7.6200,7.6600,7.4600,7.4800,5901510,44343520.7400
2022-08-18,7.3700,7.5400,7.2600,7.2700,5604933,40997713.8800
2022-08-19,7.2900,7.4000,7.2500,7.3100,5209661,38214521.3100
2022-08-22,7.3100,7.4700,7.2100,7.3600,5489635,40482343.5500
2022-08-23,7.3700,7.5500,7.2900,7.5000,5226700,38918206.0000
2022-08-24,7.5000,7.6100,7.4100,7.4700,9254415,69379811.9000
2022-08-25,7.4700,7.5700,7.4200,7.4800,6420243,48065551.4900
2022-08-26,7.5100,7.7100,7.4300,7.7000,8636600,65877608.7000
2022-08-29,7.6000,7.7200,7.5300,7.7200,7984414,61028267.8700
2022-08-30,7.6500,7.9500,7.5700,7.7600,11161592,86327518.6400
2022-08-31,7.7100,7.9500,7.5200,7.6500,14088549,108991359.4300
2022-09-01,7.6000,7.8300,7.5300,7.5800,9359419,71657886.6200
2022-09-02,7.5800,7.7100,7.5300,7.6500,5958099,45302416.7100
2022-09-05,7.6300,7.7100,7.5200,7.6400,5014900,38090264.0000
2022-09-06,7.6600,7.8000,7.5500,7.8000,6182514,47604028.7000
2022-09-07,7.7600,7.7800,7.6300,7.6800,6437400,49372338.0000
2022-09-08,7.6900,7.7300,7.3100,7.3200,7062610,52641656.5000
2022-09-09,7.4100,7.4200,7.2500,7.3400,4560300,33410765.9900
2022-09-13,7.4900,7.7800,7.4200,7.6500,10291633,78298472.8600
2022-09-14,7.5300,7.6700,7.4300,7.4400,7253800,54707040.0000
2022-09-15,7.5000,7.5800,7.2000,7.3100,6216777,45699785.4800
2022-09-16,7.3300,7.4300,7.0800,7.0800,5859066,42473980.4600
2022-09-19,7.0400,7.1200,6.9000,6.9600,5249731,36698046.7200
2022-09-20,7.0700,7.3400,7.0500,7.2600,7157552,51661750.9200
2022-09-21,7.3300,7.3900,7.1200,7.3700,5595752,40714994.4400
2022-09-22,7.3300,7.6600,7.3000,7.5300,7282687,54646160.9500
2022-09-23,7.5800,7.6100,7.3500,7.3700,5673734,42118045.5800
2022-09-26,7.3300,7.3300,6.9800,7.0500,6413066,45545198.0000
2022-09-27,7.0500,7.2000,6.9000,7.1700,5344100,37701887.0000
2022-09-28,7.1200,7.4200,7.0800,7.2000,6210219,45150886.2500
2022-09-29,7.2000,7.3100,7.0700,7.1100,6400007,46090704.8300
2022-09-30,7.0500,7.1100,6.8200,6.9100,5683988,39573167.4000
2022-10-10,6.9600,7.1100,6.8800,6.9800,4958436,34748358.2500
2022-10-11,6.9800,7.1100,6.8100,7.1100,5194400,36103093.0000
2022-10-12,7.8200,7.8200,7.8200,7.8200,2779834,21738301.8800
2022-10-13,8.6000,8.6000,8.5400,8.6000,16899667,145325504.2000
2022-10-14,8.6000,9.3500,8.5000,8.9800,66387022,593861712.6200
2022-10-17,8.8800,9.0800,8.5300,8.8600,37449860,329298585.9100
2022-10-18,8.8000,8.9800,8.6700,8.8600,26009513,229120573.2400
2022-10-19,8.8700,9.0200,8.5100,8.7000,26288430,229144722.4900
2022-10-20,8.6100,8.7800,8.2600,8.3100,26116054,221329209.0100
2022-10-21,8.3200,8.4400,8.2000,8.3400,15741306,131212947.1400
2022-10-24,8.3200,8.5900,8.2200,8.3300,16999825,143170384.2800
2022-10-25,8.3300,8.5100,8.0200,8.4400,16550058,136505615.6700
2022-10-26,8.3300,8.4000,8.1400,8.3000,13869519,114667027.7300
2022-10-27,8.2800,8.3400,8.1500,8.2400,11812400,97363625.0000
2022-10-28,8.1500,8.2100,7.8400,7.9100,14911893,119466850.0000
2022-10-31,7.7800,8.1000,7.7700,8.0300,11147271,89412497.1300
2022-11-01,8.0500,8.3200,8.0500,8.2200,13221343,108306860.6600
2022-11-02,8.1900,8.3200,8.1400,8.2100,10875447,89512505.3400
2022-11-03,8.1800,8.2800,8.1200,8.2500,8779205,72099703.0500
2022-11-04,8.2500,8.3300,8.1800,8.2800,12279326,101442521.2400
2022-11-07,8.2400,8.2800,8.1500,8.2000,9229765,75705497.7000
2022-11-08,8.1700,8.2600,8.0000,8.0700,8570400,69251983.0000
2022-11-09,8.0600,8.2300,8.0300,8.2100,7569606,61752161.5200
2022-11-10,8.1800,8.2000,8.0800,8.1400,5989306,48635588.3800
2022-11-11,8.1800,8.4100,8.1700,8.2800,13980693,115891964.4600
2022-11-14,8.2800,8.5300,8.2200,8.3900,13187748,110812859.5600
2022-11-15,8.4000,8.4500,8.1500,8.2400,13443300,110700790.0000
2022-11-16,8.2100,8.2400,8.1000,8.1900,7660860,62648320.0000
2022-11-17,8.1800,8.2700,8.1400,8.2100,6661572,54638910.5200
2022-11-18,8.1900,8.3400,8.1500,8.1600,10614031,87669496.3600
2022-11-21,8.0500,8.2000,7.8100,8.1500,9856877,79024662.7000
2022-11-22,8.1800,8.3400,8.0400,8.0600,9384665,76942723.6100
2022-11-23,8.1000,8.1800,7.9400,7.9600,6442686,51648538.7900
2022-11-24,7.9600,8.0900,7.9200,7.9700,5476400,43868823.0000
2022-11-25,7.9400,8.0400,7.9100,7.9900,4278737,34121942.6100
2022-11-28,7.8900,8.0200,7.6600,8.0100,9281300,72728178.0000
2022-11-29,8.0000,8.1100,7.9500,8.0900,5431700,43783293.0000
2022-11-30,8.0800,8.2900,8.0600,8.1300,7653208,62735701.7400
2022-12-01,8.1600,8.3800,8.1600,8.3100,9823074,81556170.0000
2022-12-02,8.2300,8.6700,8.2000,8.6200,17993098,153188787.2400
2022-12-05,8.6800,9.4500,8.6600,8.7800,19443091,171414930.2000
2022-12-06,8.7400,8.9800,8.6600,8.7200,12092103,106189175.2800
2022-12-07,8.7300,8.8500,8.6500,8.7600,8411003,73565655.2200
2022-12-08,8.7300,8.7800,8.4500,8.5200,8345378,71427702.9000
2022-12-09,8.5700,8.6200,8.3300,8.5100,7519400,63599429.5400
2022-12-12,8.5300,8.5900,8.3100,8.3400,7228300,60722804.2600
2022-12-13,8.4000,8.6500,8.3700,8.6400,10069346,86197484.0600
2022-12-14,8.5100,8.5800,8.4000,8.5600,7018900,59698392.9500
2022-12-15,8.6100,9.0000,8.5100,8.7200,12744018,111357297.5500
2022-12-16,8.6500,8.7900,8.5700,8.7700,8087846,70138108.9600
2022-12-19,8.7700,8.8000,8.3800,8.4400,10865800,92004754.0000
2022-12-20,8.4400,8.5900,8.2000,8.2400,7363903,61380177.9000
2022-12-21,8.2500,8.4100,8.1100,8.2900,6636303,55032669.8100
2022-12-22,8.3500,8.6000,8.3500,8.4000,8388130,70923133.4000
2022-12-23,8.2600,8.5400,8.0900,8.1700,8386310,69214743.2000
2022-12-26,8.2900,8.5300,8.1500,8.2100,10238400,84822842.0000
2022-12-27,8.2600,8.4600,8.0800,8.4600,12604196,104693502.8500
2022-12-28,8.3200,8.3700,8.0100,8.0700,13921500,113684823.0700
2022-12-29,8.0700,8.2000,7.9900,8.1000,7752354,62734754.6700
2022-12-30,8.0700,8.3400,7.9000,8.3200,12627228,102727544.6300
2023-01-03,8.2800,8.3300,8.1200,8.3200,8730300,72008521.0000
2023-01-04,8.3000,8.6800,8.2300,8.5700,14048013,119556969.8000
2023-01-05,8.6500,8.6600,8.3500,8.5300,10913200,92651454.0000
2023-01-06,8.5700,8.6000,8.3500,8.3600,7744400,65263023.7400
2023-01-09,8.3700,8.7600,8.3100,8.6600,12333610,105849089.0600
2023-01-10,8.6100,8.7000,8.5300,8.6900,9194026,79276043.4600
2023-01-11,8.6800,8.8400,8.4400,8.5600,19502266,168238918.9600
2023-01-12,8.5100,8.5400,8.0700,8.1000,22711226,187931998.2000
2023-01-13,8.0900,8.2400,8.0600,8.1200,13509500,110018976.0000
2023-01-16,8.1900,8.8800,8.1700,8.5100,22779267,193804042.1400
2023-01-17,8.5500,8.6600,8.1900,8.2500,14869215,123821417.5200
2023-01-18,8.2400,8.2600,8.1600,8.1800,9466108,77616121.4400
2023-01-19,8.1500,8.2400,8.1000,8.1800,9807281,79887573.8900
2023-01-20,8.1800,8.3200,8.1800,8.3000,9092780,75133586.3800
2023-01-30,8.3600,9.1300,8.3500,9.1300,26370629,232934465.6100
2023-01-31,9.1400,9.1800,8.8900,9.0700,34344460,310239340.3500
2023-02-01,9.0700,9.2800,8.9700,9.1800,26114843,238911851.7100
2023-02-02,9.1700,9.3400,9.0300,9.2700,24131042,221460677.6800
2023-02-03,9.2600,9.3900,9.0800,9.1600,18040825,166159937.5500
2023-02-06,9.1400,9.4300,9.0900,9.4200,19211642,178067835.5800
2023-02-07,9.3200,9.4200,9.1300,9.4100,17637226,163612313.1600
2023-02-08,9.3200,9.3500,9.1600,9.2300,11913220,109910550.9800
2023-02-09,9.2400,9.5700,9.1900,9.3500,16173652,151497173.9600
2023-02-10,9.4100,9.6600,9.3100,9.6000,20579450,196533544.5300
2023-02-13,9.6800,9.7800,9.4600,9.5400,17817171,170681383.6400
2023-02-14,9.6900,9.7300,9.3000,9.3300,17187580,162034271.1700
2023-02-15,9.4300,9.4300,9.2100,9.2700,12374600,114842466.0000
2023-02-16,9.2300,9.2700,8.9300,8.9900,12637807,115415491.6100
2023-02-17,9.0400,9.1600,8.9900,9.0000,8345013,75604385.4500
2023-02-20,9.0600,9.0900,8.8900,9.0800,7922300,71212645.9000
2023-02-21,9.1000,9.2100,9.0100,9.1000,8635733,78622749.6700
2023-02-22,9.0200,9.2000,9.0100,9.1100,7467847,68069968.9100
2023-02-23,9.1000,9.3400,9.0600,9.2900,13630614,125974007.1600
2023-02-24,9.1800,9.2500,9.0500,9.0800,10767149,98116218.8700
2023-02-27,9.0500,9.3800,9.0200,9.2500,15328526,142209277.2200
2023-02-28,9.2500,9.3300,9.1500,9.3000,7896800,72926796.0000
2023-03-01,9.2500,9.3800,9.2100,9.3600,9666753,90027932.5700
2023-03-02,9.3900,9.4500,9.2500,9.2700,8608240,80259125.6000
2023-03-03,9.3300,9.5300,9.2500,9.2900,12667025,118604058.2500
2023-03-06,9.2500,9.6500,9.2500,9.5600,16374369,155350135.7000
2023-03-07,9.5900,9.8000,9.3300,9.3600,13566333,129145466.2200
2023-03-08,9.3200,9.4300,9.2400,9.3200,8210013,76391751.6700
2023-03-09,9.3000,9.3400,9.1600,9.2000,7056587,65153248.1400
2023-03-10,9.1500,9.2000,9.0600,9.1000,6615900,60314399.0000
2023-03-13,9.1000,9.1400,8.9700,9.1000,7847634,71029841.0900
2023-03-14,9.0700,9.1900,8.7000,8.8300,11101314,98736464.9200
2023-03-15,8.9200,9.0300,8.8600,8.9800,5553400,49704548.0000
2023-03-16,8.9600,9.5100,8.9300,9.3000,20508875,190262644.1100
2023-03-17,9.3000,9.3300,9.1100,9.1800,13700539,125894110.2900
2023-03-20,9.1800,9.1800,8.8900,9.0600,10316645,92877385.6000
2023-03-21,9.0100,9.0500,8.9000,8.9600,11065096,98924060.6400
2023-03-22,8.9900,9.1900,8.9200,8.9500,11905645,107599197.9900
2023-03-23,8.9700,8.9800,8.7200,8.7500,11371708,99976957.8400
2023-03-24,8.7500,8.8800,8.7200,8.7900,7221408,63449895.0000
2023-03-27,8.7900,8.7900,8.4600,8.5300,10924700,93496718.0000
2023-03-28,8.5500,8.6400,8.5000,8.5500,5152902,44040405.0400
2023-03-29,8.5800,8.8200,8.5200,8.5700,8070321,69619736.5000
2023-03-30,8.5600,8.5600,8.3400,8.4300,7109902,59768246.6800
2023-03-31,8.4700,8.6200,8.4700,8.5600,7456749,63798833.3600
2023-04-03,8.6800,9.0700,8.6200,8.8600,15906461,141484286.5100
2023-04-04,8.8500,9.1200,8.8500,9.0500,14516421,130908349.8200
2023-04-06,9.0500,9.1700,8.9000,8.9500,7717608,69331671.6000
2023-04-07,9.0600,9.5500,9.0100,9.4800,24455851,229412589.6600
2023-04-10,9.5700,9.7200,9.3200,9.6200,21001410,200391295.4800
2023-04-11,10.5800,10.5800,10.5800,10.5800,5464904,57818684.3200
2023-04-12,11.6000,11.6400,11.2300,11.6400,65049839,751608233.1200
2023-04-13,11.8500,11.9300,11.1900,11.2600,66500780,767486156.2000
2023-04-14,11.2600,11.3800,10.8500,11.0300,37957140,420288019.8200
2023-04-17,11.0000,11.1600,10.9200,11.0100,23515353,259987582.0900
2023-04-18,10.9500,11.0000,10.6700,10.8700,24672195,266923601.8200
2023-04-19,10.9500,11.3400,10.9200,11.1100,28062457,312104135.6300
2023-04-20,10.9800,11.2300,10.8600,11.1700,19966139,221293302.2600
2023-04-21,11.2000,11.5600,11.0500,11.2400,30306934,342310431.1400
2023-04-24,11.4500,11.5800,10.9800,11.1700,22286505,249147943.1600
2023-04-25,10.9900,11.4400,10.9900,11.3100,20543955,231008952.0900
2023-04-26,11.1300,11.2600,10.8500,10.9800,18412830,202930291.4100
2023-04-27,10.8800,11.0700,10.8100,10.8600,12433353,135622404.1400
2023-04-28,10.8500,11.0400,10.8300,10.9000,10115000,110453598.9500
2023-05-04,10.9000,11.1300,10.7600,11.1100,13437013,147839302.4300
2023-05-05,11.0300,11.0300,10.7100,10.9300,11718988,126953001.8400
2023-05-08,10.8800,11.0200,10.7000,10.7600,11939217,128914388.2800
2023-05-09,10.4600,10.5200,10.2700,10.3100,9477746,98364907.3100
2023-05-10,10.2100,10.2700,10.1100,10.1700,7332577,74571577.0900
2023-05-11,10.2400,10.3400,10.0900,10.1800,7172800,73236664.0000
2023-05-12,10.1000,10.4500,10.1000,10.2500,8995096,92739538.2800
2023-05-15,10.2900,10.3900,10.1100,10.3800,6962700,71478657.0000
2023-05-16,10.3700,10.3700,10.1900,10.2600,4768342,48886811.3300
2023-05-17,10.1900,10.4900,10.1600,10.4400,7885680,81692151.9800
2023-05-18,10.4100,10.6700,10.3000,10.3200,8700878,90979225.8800
2023-05-19,10.3200,10.6500,10.1900,10.5100,9808100,102434546.0000
2023-05-22,10.4600,10.8900,10.4500,10.7200,12469933,133612766.8400
2023-05-23,10.7200,10.7500,10.3600,10.3700,7942281,83577469.7800
2023-05-24,10.4000,10.4700,10.2800,10.3800,6036500,62647167.0000
2023-05-25,10.3300,10.4500,10.1600,10.3000,5670131,58371405.9100
2023-05-26,10.2800,10.3300,10.1600,10.2700,4258269,43561700.6800
2023-05-29,10.3000,10.4700,10.2000,10.2400,7045300,72697619.0000
2023-05-30,10.2400,10.2700,10.1200,10.2700,5415420,55207788.1500
2023-05-31,10.2700,10.5800,10.2500,10.3500,5689522,59222137.9000
2023-06-01,10.3300,10.7100,10.2600,10.6500,9122284,96632127.9200
2023-06-02,10.6400,10.6900,10.4800,10.5100,6301400,66500883.4700
2023-06-05,10.6000,10.6300,10.4800,10.6000,5145388,54316275.8800
2023-06-06,10.5400,10.7200,10.4600,10.5000,6780100,71786831.0000
2023-06-07,10.4200,10.5900,10.3200,10.5400,4536100,47613622.0000
2023-06-08,10.4900,10.9000,10.4500,10.7800,10779652,115899545.0600
2023-06-09,10.8000,10.8400,10.5400,10.6700,7220084,77002158.5400
2023-06-12,10.7000,10.7700,10.5000,10.6700,7738326,82258515.3500
2023-06-13,10.6400,10.7400,10.5700,10.6100,5232225,55577924.2400
2023-06-14,10.6100,10.7500,10.5200,10.6000,6132696,65207793.8400
2023-06-15,10.6000,10.6100,10.3500,10.4100,7074611,73881899.5100
2023-06-16,10.4500,10.6000,10.4200,10.4800,6757600,71124615.0000
2023-06-19,10.5300,10.5900,10.3000,10.3100,5393512,56210388.2600
2023-06-20,10.3100,10.3800,10.1600,10.1700,4728700,48441855.0000
2023-06-21,10.2200,10.2200,9.9700,10.0200,5842329,58800445.6100
2023-06-26,10.0000,10.0700,9.8800,9.8800,6495400,64798760.0000
2023-06-27,9.8700,10.0600,9.8300,10.0300,4662500,46696372.0000
2023-06-28,10.0000,10.1300,9.8600,10.1100,4535602,45365916.7600
2023-06-29,10.1000,10.7400,10.0500,10.5200,14439240,152109504.7200
2023-06-30,10.5100,11.3800,10.5100,11.3000,27012449,298040863.6600
2023-07-03,11.2200,11.2200,10.3200,10.4300,31644700,335218975.8100
2023-07-04,10.3100,10.3500,9.9700,10.2500,19137187,194111415.5400
2023-07-05,10.2600,10.2800,10.0900,10.1200,10148853,102918346.1300
2023-07-06,10.1100,10.1900,10.0200,10.1700,8353627,84530163.8600
2023-07-07,10.1300,10.6800,10.0800,10.4200,16143177,167801697.5700
2023-07-10,10.5100,10.6900,10.2300,10.4000,10809800,112588106.0000
2023-07-11,10.4000,10.4900,10.2500,10.2900,6938815,71699356.5000
2023-07-12,10.2600,10.4200,10.1100,10.1200,12429500,126930103.0000
2023-07-13,10.1500,10.2000,9.9800,10.1300,10164600,102417328.0000
2023-07-14,10.1000,10.1600,10.0300,10.0700,6653265,67135823.9500
2023-07-17,10.0300,10.0300,9.8400,9.8900,10161100,100714536.0000
2023-07-18,9.8900,9.9400,9.7600,9.8000,9416637,92437787.3100
2023-07-19,9.7800,9.8700,9.6300,9.7000,9462326,92045587.1600
2023-07-20,9.7000,9.7600,9.4600,9.5000,8904607,85177237.7100
2023-07-21,9.4700,9.6600,9.4600,9.5900,7492586,71885420.2000
2023-07-24,9.5900,9.6200,9.5200,9.5500,5326397,50989129.7700
2023-07-25,9.6100,9.6400,9.5500,9.6400,6095107,58521654.9200
2023-07-26,9.6000,9.6400,9.4900,9.5200,7464900,71268680.0000
2023-07-27,9.5600,9.5800,9.4400,9.4700,5128400,48714288.0000
2023-07-28,9.4300,9.5500,9.3600,9.5300,6082097,57574096.9000
2023-07-31,9.5800,9.7900,9.5400,9.7700,11579452,112409299.3600
2023-08-01,9.7400,9.8000,9.6800,9.7400,7012600,68195784.0000
2023-08-02,9.7300,9.8400,9.6700,9.7800,6958286,68080444.2200
2023-08-03,9.7300,9.7900,9.6900,9.7500,4634087,45155500.5200
2023-08-04,9.7900,9.8300,9.7100,9.7300,5159500,50325883.0000
2023-08-07,9.7700,9.8800,9.7000,9.8000,7464700,73106218.0000
2023-08-08,9.7800,9.8400,9.6600,9.7300,4944886,48061529.6200
2023-08-09,9.7000,9.7300,9.6300,9.6400,4893400,47340044.0000
2023-08-10,9.6500,9.7200,9.6000,9.6500,3908071,37758487.3600
2023-08-11,9.6900,9.7000,9.4600,9.4600,4257475,40734972.2500
2023-08-14,9.4100,9.4300,9.2500,9.3400,4614300,42971161.0000
2023-08-15,9.3100,9.4400,9.2700,9.2900,4280100,40026892.0000
2023-08-16,9.2900,9.4700,9.2600,9.3100,4671374,43701775.2600
2023-08-17,9.2700,9.4000,9.1400,9.4000,4322772,40089671.2400
2023-08-18,9.3400,9.4100,9.1800,9.2000,4071198,37826906.1400
2023-08-21,9.1000,9.1900,8.7600,8.7700,14594843,129395598.8600
2023-08-22,8.8500,8.9400,8.6600,8.8200,7669192,67118133.1700
2023-08-23,8.8200,8.8900,8.7300,8.7900,5073643,44760790.9400
2023-08-24,8.8500,9.0300,8.7400,9.0100,7762969,69133578.7800
2023-08-25,9.0100,9.1600,8.9000,8.9200,8429200,76096167.0000
2023-08-28,9.2500,9.3200,9.0200,9.0900,10048591,92406379.4900
2023-08-29,9.0600,9.2000,8.9700,9.1800,6633000,60428781.0000
2023-08-30,9.1600,9.2400,9.1100,9.1600,5425600,49719879.0000
2023-08-31,9.1200,9.1900,9.0800,9.1600,4006358,36625804.6300
2023-09-01,9.1400,9.2500,9.1000,9.1400,5899005,54095374.7500
2023-09-04,9.1500,9.2400,9.0700,9.1800,7722826,70558308.5900
2023-09-05,9.1500,9.1800,9.0600,9.1200,5325574,48490974.8500
2023-09-06,9.0700,9.1200,9.0300,9.0600,3180703,28830047.1800
2023-09-07,9.0600,9.0700,8.8800,8.8800,3922200,35168355.0000
2023-09-08,8.9100,8.9200,8.8000,8.8200,3517500,31106371.0000
2023-09-11,8.8000,8.9100,8.7900,8.9000,4337326,38438027.4000
2023-09-12,8.8800,9.0100,8.8500,8.9500,3466605,31050837.5000
2023-09-13,8.9100,8.9800,8.7700,8.8500,4298905,38122966.5500
2023-09-14,8.8500,8.8500,8.6800,8.7500,3907000,34136768.0000
2023-09-15,8.7700,8.8500,8.7200,8.7700,3202900,28126268.0000
2023-09-18,8.7500,8.9300,8.6900,8.9200,4192800,37101206.0000
2023-09-19,8.9100,8.9300,8.7700,8.8000,4177034,36862908.2200
2023-09-20,8.7900,8.8600,8.7400,8.7500,2608800,22954702.0000
2023-09-21,8.7500,8.7700,8.6100,8.6300,3753500,32548047.0000
2023-09-22,8.6000,8.8100,8.6000,8.8000,3914500,34177087.0000
2023-09-25,8.8000,8.9000,8.7800,8.8100,3166400,27976196.3400
2023-09-26,8.8300,8.8600,8.7500,8.7700,2926475,25742054.0000
2023-09-27,8.7100,8.8200,8.6600,8.7700,2917200,25598294.0000
2023-09-28,8.8100,8.8400,8.7500,8.8300,2969800,26168192.9500
2023-10-09,8.8600,8.8600,8.5800,8.6100,6467000,55856065.0000
2023-10-10,8.6000,8.7600,8.5400,8.5500,4337600,37311397.0000
2023-10-11,8.6000,8.6600,8.5300,8.5600,3905500,33560713.0000
2023-10-12,8.6200,8.6300,8.5300,8.5800,3498100,29991731.0000
2023-10-13,8.5600,8.5600,8.3500,8.3700,5622500,47244561.0000
2023-10-16,8.3600,8.4300,8.2800,8.3400,4704900,39285647.0000
2023-10-17,8.3900,8.3900,8.2500,8.2800,3915610,32448962.2000
2023-10-18,8.2800,8.3400,8.1800,8.1800,4399024,36280112.7500
2023-10-19,8.2000,8.2600,8.1000,8.1400,3186054,26047237.5600
2023-10-20,8.1100,8.2100,8.0500,8.0600,3884850,31550327.0000
2023-10-23,8.0500,8.1200,7.8400,7.8700,4771700,37955110.0000
2023-10-24,7.9400,8.1300,7.9200,8.1000,5988900,48298460.0000
2023-10-25,8.0600,8.2100,8.0500,8.1600,4341394,35428831.0800
2023-10-26,8.1500,8.1900,8.0600,8.1700,4273147,34705211.2900
2023-10-27,8.1500,8.4200,8.0900,8.3900,6259026,51961115.2800
2023-10-30,8.2300,8.3900,8.1500,8.1600,11972237,98140603.8100
2023-10-31,8.1600,8.1800,8.0200,8.0500,6649111,53728439.0700
2023-11-01,8.0700,8.1800,8.0700,8.1800,5350400,43551195.0000
2023-11-02,8.1500,8.2000,8.1000,8.1000,4170700,33926319.0000
2023-11-03,8.1000,8.2000,8.0900,8.1400,3468926,28270220.7900
2023-11-06,8.1900,8.2000,8.1300,8.1900,6289800,51347373.3500
2023-11-07,8.1900,8.2900,8.0800,8.2700,8660308,70934307.6400
2023-11-08,8.2100,8.2700,8.1700,8.2400,5480900,45041612.0000
2023-11-09,8.2300,8.2900,8.2000,8.2600,6263327,51695823.9100
2023-11-10,8.2400,8.2800,8.1700,8.2500,3891000,31996455.0400
2023-11-13,8.2600,8.2800,8.2000,8.2700,4191994,34550860.6700
2023-11-14,8.2500,8.3000,8.2200,8.2600,4048227,33399621.0200
2023-11-15,8.2800,8.3500,8.2300,8.3400,7662547,63564984.9700
2023-11-16,8.3200,8.3700,8.2700,8.2800,4551600,37840782.0000
2023-11-17,8.2600,8.3000,8.2300,8.2800,2715858,22449800.6600
2023-11-20,8.2800,8.3600,8.2600,8.3400,4932958,41067372.5600
2023-11-21,8.3500,8.3800,8.2700,8.3000,5270700,43945347.0000
2023-11-22,8.2900,8.3700,8.2600,8.3000,5003142,41663100.4400
2023-11-23,8.2900,8.3800,8.2800,8.3700,4068349,33901145.8700
2023-11-24,8.3600,8.4800,8.3500,8.4300,6666405,56086996.8500
2023-11-27,8.4600,8.4900,8.3900,8.4900,6377503,53852323.6300
2023-11-28,8.4800,8.6400,8.4000,8.6100,8945833,76531348.6900
2023-11-29,8.6100,8.6100,8.5300,8.5500,6349019,54332909.8800
2023-11-30,8.5700,8.5900,8.4500,8.5200,5339140,45483031.2200
2023-12-01,8.5200,8.6400,8.4900,8.5900,6498281,55720066.9500
2023-12-04,8.5900,8.6000,8.4700,8.5200,5630816,47967213.3900
2023-12-05,8.5000,8.5500,8.4400,8.4400,5002165,42561580.5400
2023-12-06,8.4300,8.5900,8.4100,8.5500,6305042,53740303.5200
2023-12-07,8.5400,8.5400,8.3400,8.4800,5135805,43295690.4000
2023-12-08,8.4700,8.4900,8.1600,8.1700,8206315,67981296.0500
2023-12-11,8.1600,8.1700,7.9800,8.0300,9395800,75460679.0000
2023-12-12,8.0200,8.0400,7.9000,8.0000,5954119,47361777.8500
2023-12-13,7.9600,8.0200,7.9100,7.9100,4799077,38229440.2300
2023-12-14,7.9200,7.9900,7.9100,7.9300,4587061,36450251.4600
2023-12-15,7.9200,7.9700,7.8900,7.9600,3922200,31133412.0000
2023-12-18,7.9500,7.9500,7.8000,7.8300,4292000,33786087.0000
2023-12-19,7.8400,8.1200,7.8000,7.9500,7790465,62096467.8600
2023-12-20,7.9600,8.0200,7.8300,7.8400,4022007,31821028.4600
2023-12-21,7.8200,7.8700,7.7000,7.8600,4351343,33890514.4000
2023-12-22,7.8700,7.9400,7.7600,7.8200,5805404,45432062.4600
2023-12-25,7.8000,7.8000,7.6500,7.7000,3774557,29054694.1900
2023-12-26,7.6700,7.7000,7.5600,7.5700,3058000,23292146.0000
2023-12-27,7.5500,7.7400,7.5500,7.7400,3439079,26417105.7900
2023-12-28,7.7300,7.8500,7.6700,7.8400,3342195,26016185.1800
2023-12-29,7.8400,7.8900,7.8000,7.8900,3263800,25609878.0000
2024-01-02,7.8800,8.1300,7.8400,8.0400,6590603,52858278.9400
2024-01-03,8.0100,8.1100,7.9900,8.0500,2966199,23875589.4000
2024-01-04,8.0500,8.0800,8.0100,8.0600,2204300,17739383.0000
2024-01-05,8.0600,8.0700,7.8800,7.9300,3051100,24336608.0000
2024-01-08,7.8900,7.9100,7.7000,7.7000,3019526,23568760.4000
2024-01-09,7.7400,7.8900,7.7200,7.8300,3283300,25686405.0000
2024-01-10,7.8900,7.8900,7.7700,7.8500,2645507,20761023.9500
2024-01-11,7.8500,7.9500,7.8100,7.9300,2634121,20828788.4800
2024-01-12,7.9500,8.0600,7.8800,7.9900,2941661,23542084.2200
2024-01-15,7.9200,8.0000,7.8700,7.9500,2667500,21165671.0000
2024-01-16,7.9500,8.0100,7.8300,7.9500,2979500,23596695.0000
2024-01-17,7.9400,7.9400,7.7500,7.7600,2426000,19072206.0000
2024-01-18,7.7200,7.7300,7.3400,7.5900,5808942,43583132.3600
2024-01-19,7.5600,7.6100,7.4300,7.4400,2715300,20379507.0000
2024-01-22,7.4400,7.4700,6.9100,7.0000,5318062,38344765.7100
2024-01-23,7.0000,7.0000,6.8000,6.9300,4000514,27573718.0200
2024-01-24,6.9400,7.1100,6.7500,7.0800,4197885,29181497.9700
2024-01-25,7.0700,7.4000,7.0700,7.3900,4672285,34024156.4900
2024-01-26,7.4100,7.6200,7.3900,7.5300,4579024,34490181.1000
2024-01-29,7.5300,7.5700,7.3500,7.3800,3844700,28650410.0000
2024-01-30,7.3000,7.4100,7.1400,7.1600,3305035,24054730.5900
2024-01-31,7.2000,7.2000,6.8000,6.8100,4771900,33247177.0000
2024-02-01,6.7800,6.8300,6.5400,6.6600,4751245,31722743.7100
2024-02-02,6.6600,6.7900,6.1900,6.3900,6184391,40132025.5800
2024-02-05,6.3000,6.3400,5.7600,5.9300,8936863,53189017.7400
2024-02-06,5.7600,6.2000,5.4700,6.0300,8738286,50507071.7500
2024-02-07,6.0200,6.1900,5.7500,5.9800,10116108,60221481.6500
2024-02-08,6.1000,6.4300,5.9300,6.4000,9523716,59102180.0500
2024-02-19,6.4200,6.6500,6.4200,6.4700,7967117,51801570.1700
2024-02-20,6.4100,6.4800,6.3000,6.4600,4263951,27361026.4200
2024-02-21,6.4200,6.6900,6.3600,6.5400,7049014,46361273.3600
2024-02-22,6.5500,6.6400,6.5000,6.6400,6359916,41827189.0000
2024-02-23,6.6500,6.7700,6.6000,6.7700,6847715,45755637.3600
2024-02-26,6.7700,6.9700,6.7100,6.8100,6742475,45949024.7500
2024-02-27,6.8000,6.9900,6.7100,6.9900,6142126,42405147.4400
2024-02-28,6.9900,7.2300,6.6800,6.7000,10124253,70459216.9200
2024-02-29,6.7000,6.8600,6.6500,6.8500,6643002,45170605.6200
2024-03-01,6.8600,6.9200,6.7800,6.8300,5424124,37057363.7000
2024-03-04,6.8300,6.8600,6.6800,6.7500,4408315,29717471.6500
2024-03-05,6.7300,6.7500,6.6100,6.6300,3782600,25186217.0000
2024-03-06,6.6300,6.7200,6.6000,6.6800,3756926,25003081.6000
2024-03-07,6.6800,6.7800,6.6400,6.7000,4303997,28881148.8600
2024-03-08,6.7000,6.7300,6.6000,6.7300,3228734,21552624.4200
2024-03-11,6.7300,6.8600,6.7000,6.8600,4837864,32830888.7200
2024-03-12,6.8700,6.9500,6.8200,6.9400,5431842,37455086.2000
2024-03-13,6.9900,7.6300,6.8700,7.6300,19258593,141556045.7300
2024-03-14,8.1300,8.3900,7.9200,7.9500,52117576,428009196.4100
2024-03-15,8.1400,8.7500,8.1400,8.7500,46766804,403934949.6100
2024-03-18,9.0000,9.6300,8.7500,9.1800,82514621,754173448.3600
2024-03-19,8.6400,8.9400,8.5600,8.6300,44819316,390067358.7800
2024-03-20,8.5300,8.6300,8.2300,8.3400,36534681,304904424.9000
2024-03-21,8.3400,8.6600,8.2400,8.5200,36682986,309704286.7200
2024-03-22,8.4300,8.9500,8.2600,8.4300,32500753,277987587.5200
2024-03-25,8.3300,8.3500,7.9500,7.9500,24040790,195130769.8200
2024-03-26,8.0000,8.0000,7.6500,7.7600,19849241,154680347.4100
2024-03-27,7.7900,7.9400,7.5900,7.5900,16038777,124565787.8000
2024-03-28,7.5100,7.7400,7.5100,7.6600,14981500,114572954.6000
2024-03-29,7.6300,7.7600,7.5700,7.7500,13346715,102342912.9900
2024-04-01,7.7400,7.8400,7.7200,7.8200,13304757,103485731.6800
2024-04-02,7.7700,7.7800,7.6100,7.6400,12731282,97846297.0200
2024-04-03,7.5900,7.7500,7.5400,7.7300,12193438,93383182.8800
2024-04-08,7.7300,7.7400,7.5200,7.5200,11616200,88690311.0000
2024-04-09,7.4100,7.5200,7.2900,7.4900,12494381,92496729.0700
2024-04-10,7.4900,7.5200,7.1800,7.2700,9714336,71171940.3200
2024-04-11,7.2500,7.3300,7.1900,7.2700,6443499,46931506.4500
2024-04-12,7.2500,7.3000,7.1200,7.1300,7315877,52627057.0900
2024-04-15,7.0900,7.1700,6.7700,6.8800,10839926,74947672.1400
2024-04-16,6.8200,6.8500,6.4600,6.4800,9890505,65479243.8000
2024-04-17,6.5600,6.8800,6.5600,6.8800,9290000,63125700.0000
2024-04-18,6.9000,6.9800,6.8100,6.9300,7350061,50834856.7300
2024-04-19,6.8400,6.9800,6.8200,6.8800,5310002,36597016.6700
2024-04-22,6.8500,6.9600,6.7500,6.9500,7007869,48302349.9900
2024-04-23,6.9100,7.0600,6.8700,7.0200,7001472,48838015.4000
2024-04-24,7.0400,7.0500,6.9700,7.0200,5603028,39275155.4400
2024-04-25,7.0300,7.2100,6.9900,7.2000,7971197,56540454.5200
2024-04-26,7.0000,7.0000,6.7800,6.9300,13515197,93027955.2100
2024-04-29,6.8900,7.1000,6.8700,7.0800,9104314,63837749.1200
2024-04-30,7.0800,7.1500,7.0000,7.0800,6290854,44526396.7000
2024-05-06,7.1200,7.2700,7.1200,7.2700,7235849,52187261.5600
2024-05-07,7.2500,7.2800,7.1700,7.2700,5612643,40584569.7400
2024-05-08,7.2800,7.3500,7.1900,7.2400,7524742,54626290.6000
2024-05-09,7.2800,7.3700,7.2500,7.3400,8054852,59008511.8700
2024-05-10,7.3400,7.6700,7.3400,7.5200,18502030,139497957.4000
2024-05-13,7.3800,7.3900,7.2300,7.2400,11779852,85762632.7500
2024-05-14,7.2000,7.3000,7.2000,7.2800,6471156,47010623.6800
2024-05-15,7.2500,7.3500,7.1900,7.2700,6252608,45497810.2800
2024-05-16,7.0400,7.1000,6.9700,6.9900,6358985,44712651.2500
2024-05-17,6.9800,7.0400,6.8800,7.0100,5437682,37864414.5400
2024-05-20,7.0300,7.1800,7.0100,7.0500,6961000,49432074.0000
2024-05-21,7.0300,7.1000,6.9800,7.0000,5216714,36628294.0000
2024-05-22,6.9900,7.0500,6.9200,6.9600,4772900,33240240.9500
2024-05-23,6.9700,6.9800,6.7500,6.7700,5955300,40688008.0000
2024-05-24,6.7500,6.8800,6.7500,6.7900,4801982,32818700.7800
2024-05-27,6.8100,6.8200,6.6600,6.7800,4184546,28094829.8400
2024-05-28,6.7400,6.7900,6.6500,6.6700,3091900,20720678.0000
2024-05-29,6.6100,6.7400,6.6000,6.6900,2679305,17907509.3000
2024-05-30,6.6900,6.7100,6.6100,6.6600,2547451,16940088.8600
2024-05-31,6.6800,6.6900,6.6200,6.6500,2283472,15171230.2000
2024-06-03,6.6700,6.6700,6.4200,6.4900,4727400,30831868.0000
2024-06-04,6.4700,6.4700,6.3400,6.4200,3217216,20593457.6200
2024-06-05,6.3800,6.4400,6.2300,6.2300,3855200,24302782.0000
2024-06-06,6.2300,6.2900,5.9000,5.9800,7615864,45953535.1800
2024-06-07,6.0000,6.2300,6.0000,6.2100,4933621,30353895.9900
2024-06-11,6.2000,6.2200,6.0800,6.1600,2569901,15764881.2500
2024-06-12,6.1800,6.2700,6.1100,6.2400,3711178,23042422.3900
2024-06-13,6.2400,6.2600,6.1400,6.1600,2892057,17910140.5400
2024-06-14,6.1400,6.2400,6.1000,6.2000,3389700,21011255.0000
2024-06-17,6.1800,6.2300,6.1500,6.1700,2083500,12889608.0000
2024-06-18,6.1700,6.2300,6.1600,6.1800,2337428,14474939.8000
2024-06-19,6.2000,6.2100,6.1200,6.1600,2270890,13992381.5000
2024-06-20,6.1800,6.1800,6.0300,6.0300,2432226,14792253.8200
2024-06-21,6.0100,6.1100,5.9800,6.0300,1871600,11322125.0000
2024-06-24,5.9900,6.0200,5.7700,5.8300,3443600,20183240.0000
2024-06-25,5.8200,5.9600,5.8200,5.9100,2853314,16871223.4600
2024-06-26,5.9100,6.0900,5.8500,6.0800,2819600,16860244.0000
2024-06-27,6.0800,6.1000,5.9700,5.9900,2056468,12413528.1200
2024-06-28,6.0000,6.0700,5.9700,5.9900,1928910,11610863.3000
2024-07-01,5.9800,6.0800,5.9400,6.0800,2604305,15738975.1000
2024-07-02,6.1000,6.1700,6.0600,6.1500,2826100,17348485.0000
2024-07-03,6.1300,6.2100,6.1100,6.1400,2269700,13971745.0000
2024-07-04,6.1400,6.1400,5.9800,6.0000,2780800,16792102.0000
2024-07-05,5.9900,6.0700,5.9300,6.0600,1583169,9516735.3700
2024-07-08,6.0100,6.0400,5.8800,5.8900,2134782,12645553.2600
2024-07-09,5.9100,5.9400,5.7100,5.9400,3098100,18096591.0000
2024-07-10,5.7700,5.8000,5.6900,5.7200,4690050,26922006.7700
2024-07-11,5.8000,5.9800,5.8000,5.9100,4262605,25104611.4500
2024-07-12,5.9200,5.9600,5.8500,5.8700,2260172,13324531.6800
2024-07-15,5.8700,5.8900,5.7300,5.7800,2123000,12262240.0000
2024-07-16,5.7700,5.8400,5.7300,5.8000,1812100,10485470.0000
2024-07-17,5.8000,5.9000,5.7700,5.8100,2185326,12736348.3200
2024-07-18,5.7900,5.8100,5.6900,5.7900,2587326,14871052.9800
2024-07-19,5.7400,5.8400,5.7200,5.7800,2425222,13995977.5000
2024-07-22,5.7600,5.7900,5.7000,5.7300,2007939,11521840.3000
2024-07-23,5.7100,5.7900,5.6700,5.6700,2659685,15256320.6000
2024-07-24,5.6500,5.6700,5.5500,5.5700,3037585,17001464.6000
2024-07-25,5.5600,5.6600,5.5200,5.6100,2000200,11194225.0000
2024-07-26,5.6500,5.7000,5.6200,5.6900,2159185,12250566.6500
2024-07-29,5.7800,5.7800,5.6700,5.6800,1720785,9812933.9500
2024-07-30,5.6900,5.7800,5.6600,5.7600,1872614,10755149.4600
2024-07-31,5.7500,5.8900,5.7500,5.8800,3690888,21567498.3200
2024-08-01,5.9000,5.9800,5.8900,5.9400,3872239,23000570.9900
2024-08-02,5.9300,6.0200,5.9000,5.9200,2729600,16278496.0000
2024-08-05,5.8200,6.0200,5.8200,5.8500,3409398,20258226.7000
2024-08-06,5.9800,5.9900,5.9000,5.9600,2741393,16286585.4200
2024-08-07,5.9400,5.9800,5.9200,5.9300,1852810,11005619.2000
2024-08-08,5.9400,6.0800,5.9000,6.0700,3662914,22030405.4400
2024-08-09,6.1000,6.1100,6.0100,6.0200,2378300,14373705.0000
2024-08-12,6.0300,6.0800,5.9700,6.0200,1915523,11533649.2800
2024-08-13,6.0200,6.0300,5.9400,5.9900,1748500,10454937.0000
2024-08-14,6.0300,6.0300,5.9600,5.9800,1789200,10723831.0000
2024-08-15,5.9500,6.0700,5.9500,6.0300,2493100,15046869.9900
2024-08-16,6.0100,6.0800,5.9800,6.0000,2635426,15839749.7800
2024-08-19,5.9800,6.6000,5.9800,6.2500,14842868,93157797.4800
2024-08-20,6.1700,6.3700,6.0400,6.0800,12294347,75760150.5500
2024-08-21,6.0600,6.1000,5.9500,5.9700,5845500,35066976.0000
2024-08-22,5.9900,6.0200,5.8000,5.8000,4370000,25688798.0000
2024-08-23,5.8100,5.8400,5.7200,5.7700,2864705,16520233.7500
2024-08-26,5.7700,5.9500,5.7500,5.9400,3464293,20428383.5600
2024-08-27,5.9400,6.0800,5.8600,5.8800,3225614,19236927.1800
2024-08-28,5.8200,6.0000,5.8000,5.9200,2492800,14737790.0000
2024-08-29,5.9100,5.9500,5.8500,5.9300,2179233,12883022.3700
2024-08-30,5.9400,6.0600,5.8900,5.9800,4241300,25462649.0000
2024-09-02,5.9800,6.0400,5.9300,5.9400,2862700,17151219.0000
2024-09-03,5.9200,6.0100,5.9100,6.0000,2581500,15435940.0000
2024-09-04,5.9700,6.0500,5.9500,5.9600,2971300,17811768.0000
2024-09-05,5.9500,6.0300,5.9500,6.0200,2959105,17768128.1000
2024-09-06,6.0500,6.0600,5.9400,5.9700,2899901,17424272.0000
2024-09-09,5.9700,6.0200,5.8900,5.9800,2460501,14698325.9700
2024-09-10,6.0100,6.0400,5.9000,5.9800,2511500,14986494.0000
2024-09-11,5.9500,5.9900,5.9100,5.9300,2191600,13034198.0000
2024-09-12,5.9600,6.0300,5.9400,5.9700,2382400,14272745.0000
2024-09-13,6.0100,6.0300,5.9500,5.9800,2207989,13224594.3700
2024-09-18,5.9700,6.0100,5.7900,5.8400,3200685,18753657.5500
2024-09-19,5.8800,6.0500,5.8700,6.0300,4899926,29385670.0400
2024-09-20,6.0300,6.0600,5.9700,6.0200,2494600,15014830.0000
2024-09-23,6.0300,6.0400,5.9800,5.9900,2441700,14659099.0000
2024-09-24,5.9900,6.1300,5.9800,6.1200,5093299,30919816.5200
2024-09-25,6.1600,6.2600,6.1400,6.1500,6485414,40244834.5200
2024-09-26,6.1400,6.4200,6.1200,6.4200,8381700,52839269.0000
2024-09-27,6.4900,6.6500,6.4000,6.5900,15084926,98300592.0400
2024-09-30,6.7000,7.1200,6.6000,7.0700,22826105,156926311.6500
2024-10-08,7.7000,7.7600,6.9600,7.2400,25661443,187726199.2900
2024-10-09,7.0500,7.0800,6.5600,6.5600,14431977,97934040.4600
2024-10-10,6.6000,6.7500,6.5300,6.6800,9642902,64405577.1800
2024-10-11,6.6800,6.7100,6.4700,6.5100,7232324,47559825.9600
2024-10-14,6.5600,6.6300,6.4900,6.5700,6721385,44134020.5000
2024-10-15,6.5400,6.5600,6.4600,6.5000,6115789,39858783.5900
2024-10-16,6.4500,6.5600,6.4300,6.5400,4771682,31096039.9000
2024-10-17,6.5400,6.5900,6.4500,6.4600,4979600,32469075.0000
2024-10-18,6.4600,6.5900,6.4000,6.5300,8378101,54400313.4400
2024-10-21,6.6400,6.6400,6.5400,6.5700,8584776,56606062.0800
2024-10-22,6.5700,6.7400,6.5500,6.7300,10412171,69647619.9900
2024-10-23,6.7400,6.7500,6.6400,6.6900,7278500,48657191.0000
2024-10-24,6.6800,6.7300,6.6400,6.7100,5324700,35623576.0000
2024-10-25,6.6900,6.7700,6.6900,6.7500,10407183,70113949.0800
2024-10-28,6.8500,7.1400,6.8500,7.1200,22896551,161013084.5700
2024-10-29,7.1500,7.1500,6.9000,6.9300,11662872,81442912.6400
2024-10-30,6.8900,7.0000,6.8400,6.9300,8713548,60261343.1900
2024-10-31,6.9300,6.9700,6.8900,6.9500,9703341,67301466.0900
2024-11-01,6.9400,7.0000,6.8300,6.8700,8895428,61488585.8000
2024-11-04,6.8600,6.9100,6.7900,6.9000,7881120,54106292.5800
2024-11-05,6.8900,6.9900,6.8900,6.9700,11246247,78212790.5900
2024-11-06,6.9600,7.1000,6.9000,7.1000,17798435,125070060.5500
2024-11-07,7.1400,7.2800,7.0400,7.2500,19661543,141881898.1200
2024-11-08,7.3400,7.3400,7.1300,7.1500,17277310,124336894.1600
2024-11-11,7.1500,7.1600,7.0600,7.1600,9567357,68041555.7000
2024-11-12,7.1700,7.2600,7.1400,7.1900,12259599,88237482.8000
2024-11-13,7.1900,7.2200,7.0100,7.1100,8158831,57921249.0100
2024-11-14,7.0900,7.1700,7.0100,7.0200,7717568,54635089.2400
2024-11-15,7.2000,7.2800,7.0400,7.0500,14515500,103918149.3600
2024-11-18,7.1800,7.3000,7.0700,7.1000,16081105,115291741.8100
2024-11-19,7.1100,7.1200,6.9400,7.0900,10669886,75160740.8100
2024-11-20,7.0900,7.2200,7.0900,7.2200,11516384,82580589.2500
2024-11-21,7.2000,7.2400,7.1400,7.2200,8493500,61134469.0000
2024-11-22,7.2200,7.2300,6.9600,6.9800,9190299,65467246.7900
2024-11-25,7.0200,7.1700,6.9600,7.1500,9145137,64935796.8100
2024-11-26,7.1600,7.2800,7.1500,7.2200,9475378,68470007.4600
2024-11-27,7.2600,7.2700,7.0300,7.2200,9629236,68717056.3800
2024-11-28,7.2000,7.5200,7.1800,7.4500,21794907,160979034.4900
2024-11-29,7.4600,7.5500,7.3900,7.5000,14422711,107814636.3800
2024-12-02,7.5000,7.6400,7.4800,7.6200,14873961,112492594.3900
2024-12-03,7.6200,7.6800,7.5400,7.5900,10443236,79435087.2400
2024-12-04,7.5700,7.6500,7.4200,7.4700,10255422,77191442.6600
2024-12-05,7.4600,7.5300,7.4100,7.5000,8247900,61658595.1000
2024-12-06,7.5000,7.6200,7.4900,7.6000,8342322,63110394.3500
2024-12-09,7.6100,7.6600,7.5100,7.5900,6895401,52302335.5900
2024-12-10,7.7500,7.8000,7.5700,7.6000,9216500,70596875.0000
2024-12-11,7.6000,7.7600,7.5800,7.7400,8118007,62514446.3100
2024-12-12,7.7700,8.0400,7.7100,8.0200,15431549,122237717.2800
2024-12-13,7.9700,8.0200,7.8200,7.9000,12968774,102691534.4800
2024-12-16,7.9500,8.0600,7.9000,8.0000,12016800,96043362.0000
2024-12-17,8.0000,8.8000,7.8300,7.8700,37843884,309524652.9500
2024-12-18,7.7100,8.0900,7.7100,7.8100,29333175,231198804.1200
2024-12-19,7.7700,8.0400,7.6900,7.8000,23319949,183771407.5900
2024-12-20,7.8000,8.0700,7.8000,7.9800,21360500,169411387.0200
2024-12-23,7.9500,8.2600,7.7000,7.9500,27500596,219429715.1200
2024-12-24,7.9000,8.0500,7.5500,7.6900,22194014,172182185.0300
2024-12-25,7.6900,7.7200,7.3000,7.4200,17528387,130228382.8700
2024-12-26,7.4600,7.6000,7.4100,7.4500,9658139,72394415.2200
2024-12-27,7.4600,7.7700,7.4200,7.7000,14943140,114353442.3400
2024-12-30,7.6100,7.7000,7.4000,7.4200,10959900,81798763.0000
2024-12-31,7.4400,7.6200,7.3400,7.3700,10253781,76665570.5400
2025-01-02,7.3600,7.5700,7.3000,7.3700,9507888,70754234.2400
2025-01-03,7.4000,7.4200,7.0800,7.1300,10901966,78862412.8200
2025-01-06,7.1000,7.1800,6.9200,7.0500,7471229,52713914.4500
2025-01-07,7.0600,7.1700,6.9800,7.1700,6772400,47918376.5500
2025-01-08,7.1300,7.1800,6.9600,7.1100,6798635,48060765.2800
2025-01-09,7.0900,7.1400,7.0300,7.0700,4144400,29372713.1000
2025-01-10,7.0900,7.1000,6.8300,6.8300,5658873,39280444.0000
2025-01-13,6.8100,6.8400,6.6000,6.8100,5649914,38163368.2000
2025-01-14,6.8500,7.0300,6.8500,7.0300,6597900,45954723.0000
2025-01-15,7.0300,7.0800,6.9500,7.0200,4525362,31794176.6200
2025-01-16,7.0700,7.1800,7.0300,7.1800,7065200,50362053.0000
2025-01-17,7.2500,7.2800,7.0800,7.2300,5687600,40859911.1400
2025-01-20,7.2600,7.3000,7.1500,7.2300,5416077,39246462.7200
2025-01-21,7.2600,7.3200,7.0600,7.1200,5333200,38081022.0000
2025-01-22,7.0900,7.2300,7.0300,7.0700,4018600,28458326.0000
2025-01-23,7.1200,7.2400,7.0600,7.1100,6135400,44122823.0000
2025-01-24,7.1100,7.1900,7.0600,7.1000,6379100,45372059.0000
2025-01-27,7.1500,7.3300,7.1500,7.2100,6095300,44250692.0000
2025-02-05,7.2600,7.2900,7.0900,7.1300,6600600,47413081.8500
2025-02-06,7.1300,7.1600,7.0400,7.1600,5375807,38259469.1500
2025-02-07,7.1600,7.2900,7.1400,7.2500,6187400,44746375.0000
2025-02-10,7.2500,7.3200,7.2300,7.3100,5567982,40459580.9600
2025-02-11,7.3000,7.3300,7.2300,7.3100,4481926,32626523.7600
2025-02-12,7.3000,7.3400,7.2100,7.3000,5075450,36831255.2900
2025-02-13,7.2800,7.3200,7.2200,7.2300,4716800,34304500.0000
2025-02-14,7.2500,7.2600,7.1700,7.1900,4662200,33623758.0000
2025-02-17,7.1900,7.3000,7.1800,7.2800,5675462,41195882.2200
2025-02-18,7.2700,7.2800,7.0700,7.0700,6589583,47278132.8900
2025-02-19,7.1300,7.1500,7.0900,7.1200,4769226,33941540.6000
2025-02-20,7.1000,7.1700,7.0700,7.1300,4939687,35231482.2000
2025-02-21,7.1200,7.1600,7.0500,7.1000,5169250,36674959.2000
2025-02-24,7.2700,7.5500,7.2600,7.3600,21820835,161152444.9400
2025-02-25,7.2800,7.2900,7.1000,7.1400,13036437,93463190.2000
2025-02-26,7.1200,7.1800,7.1200,7.1800,6905652,49370264.4600
2025-02-27,7.1700,7.2900,7.1600,7.2700,9257547,66930864.8000
2025-02-28,7.2400,7.2900,7.0700,7.0800,7635773,54703566.1100
2025-03-03,7.1000,7.2200,7.1000,7.1400,5538173,39635077.4900
2025-03-04,7.1300,7.2100,7.0800,7.1900,6724187,47946113.7000
2025-03-05,7.2200,7.2200,7.0800,7.1400,5984349,42613836.0700
2025-03-06,7.1500,7.1600,7.1000,7.1600,4744761,33874943.1500
2025-03-07,7.1500,7.1800,7.1200,7.1400,4074199,29108158.8800
2025-03-10,7.1600,7.2100,7.1300,7.1900,4793738,34380508.2200
2025-03-11,7.1600,7.2200,7.1200,7.2100,4996700,35863457.0000
2025-03-12,7.2100,7.2300,7.1600,7.2100,3767300,27105381.0000
2025-03-13,7.2200,7.4200,7.2000,7.4100,14210431,103755072.3000
2025-03-14,7.3800,7.4400,7.3400,7.4400,10637195,78769178.1900
2025-03-17,7.4800,7.6400,7.4600,7.5900,12667621,95749119.5100
2025-03-18,7.5900,7.6400,7.4800,7.5400,7397178,55634517.4200
2025-03-19,7.5400,7.5500,7.4100,7.4600,10159252,75885199.0000
2025-03-20,7.4600,7.5300,7.4200,7.5300,6377826,47795579.0000
2025-03-21,7.5500,7.6300,7.4700,7.5900,11228800,84684276.0000
2025-03-24,7.6000,7.6300,7.3000,7.3800,11648682,86670878.9700
2025-03-25,7.4300,7.4300,7.2200,7.3600,9270292,67950752.9700
2025-03-26,7.3600,7.5400,7.3100,7.5200,8457676,63139326.9600
2025-03-27,7.5100,7.5100,7.3800,7.4300,4828800,35933203.0000
2025-03-28,7.4200,7.4300,7.2500,7.2900,6981210,51080462.5000
2025-03-31,7.2800,7.3100,7.1300,7.1800,6633600,47766539.9500
2025-04-01,7.2100,7.4000,7.1900,7.3400,6612701,48523668.7800
2025-04-02,7.3600,7.3900,7.3100,7.3800,4521526,33253370.6200
2025-04-03,7.3700,7.5100,7.3300,7.4800,6540439,48716870.1100
2025-04-07,7.2800,7.8500,7.0700,7.2200,28806453,214628265.7000
2025-04-08,7.2600,7.9400,7.2600,7.9400,40536003,312805944.8700
2025-04-09,8.0000,8.3800,7.6100,7.9400,55971214,447590358.7000
2025-04-10,7.7000,8.1500,7.7000,8.1500,48637813,386926043.8800
2025-04-11,8.0000,8.0000,7.6200,7.6500,34927427,270342545.8300
2025-04-14,7.6500,7.9600,7.6500,7.8500,25769949,200571461.9100
2025-04-15,7.8300,7.8700,7.7000,7.7900,18254127,142202149.0900
2025-04-16,7.7700,7.7900,7.5100,7.6600,16955097,129616533.7100
2025-04-17,7.6600,7.8300,7.6000,7.8000,17797600,137994213.0000
2025-04-18,7.7800,7.8100,7.6100,7.7000,12953396,99570661.3300
2025-04-21,7.8000,7.9400,7.6800,7.9200,23133232,181197848.3600
2025-04-22,7.9600,8.0500,7.8400,7.9400,21972552,174090334.4400
2025-04-23,7.9000,7.9200,7.7300,7.7600,16363010,127673844.2500
2025-04-24,7.7600,7.8800,7.7200,7.7800,11655501,90872316.2400
2025-04-25,7.8000,7.8100,7.7100,7.7700,9505824,73785769.9200
2025-04-28,7.8000,7.9200,7.6600,7.7200,13225900,102797015.9000
2025-04-29,7.7500,7.9100,7.6900,7.9000,17023562,133740424.4200
2025-04-30,7.8600,7.9200,7.7300,7.7300,14909514,116507901.7100
2025-05-06,7.7600,7.8100,7.7200,7.8100,11646528,90400306.0000
2025-05-07,7.8300,8.0100,7.8300,8.0000,21795538,172860252.2200
2025-05-08,7.9000,8.0100,7.8700,7.9600,11987133,95286284.6900
2025-05-09,7.9900,8.0300,7.8900,8.0300,14201253,113278150.7900
2025-05-12,8.0600,8.0700,7.8600,7.9200,14052425,111180570.1700
2025-05-13,7.9100,7.9400,7.8500,7.8900,8223138,64856944.8700
2025-05-14,7.8700,7.9100,7.8200,7.9000,8147578,64132664.8700
2025-05-15,7.8700,8.6900,7.8500,8.6900,46339587,388509025.0500
2025-05-16,8.8800,8.9700,8.3200,8.4200,53061652,450041726.7600
2025-05-19,8.1000,8.1100,7.8800,8.0200,28972248,231605145.9600
2025-05-20,8.0700,8.3500,7.9900,8.2200,36883959,302205571.3500
2025-05-21,8.1000,8.1900,7.9800,8.0400,23419906,188222417.3200
2025-05-22,8.0100,8.0400,7.8100,7.8300,17743871,140234619.9000
2025-05-23,7.8000,7.8900,7.7000,7.7000,12586993,98068014.4000
2025-05-26,7.7000,7.8000,7.6700,7.7500,9700430,74942406.2200
2025-05-27,7.7500,7.8900,7.7200,7.8600,12284600,96096092.0000
2025-05-28,7.8400,7.8800,7.7500,7.8300,8341800,65107918.0000
2025-05-29,7.8000,7.8800,7.7400,7.8600,9607442,75246947.3000
2025-05-30,7.8300,7.9300,7.7700,7.8200,10919100,85611673.0000
2025-06-03,7.7500,7.8600,7.7300,7.8600,7867896,61453612.0300
2025-06-04,7.8800,7.9500,7.8000,7.9400,9828331,77474978.5200
2025-06-05,7.9400,7.9500,7.8200,7.8900,8327770,65637819.0400
2025-06-06,7.8600,7.9300,7.8400,7.8900,6859500,54071891.0000
2025-06-09,7.9500,8.2700,7.9500,8.0500,18342947,148368384.2700
2025-06-10,8.1600,8.3400,8.0400,8.1800,22958921,187180452.2100
2025-06-11,8.1800,8.2000,8.0800,8.1200,12100453,98488121.1100
2025-06-12,8.1800,8.2200,8.1100,8.1900,11454000,93552967.0000
2025-06-13,8.1300,8.2900,8.0300,8.0500,11830826,96169464.3800
2025-06-16,8.0000,8.0500,7.9600,8.0200,8699652,69549745.4900
2025-06-17,8.0400,8.1400,8.0100,8.0600,8656852,69840208.5500
2025-06-18,8.0600,8.0900,7.9400,7.9700,7588562,60602138.3200
2025-06-19,7.9300,7.9800,7.6600,7.6800,14137596,109685351.6600
2025-06-20,7.6800,7.7300,7.5700,7.5900,6619800,50519224.7400
2025-06-23,7.5500,7.7100,7.4700,7.6900,6321526,48150443.0000
2025-06-24,7.6800,7.8800,7.6600,7.8400,7328726,57295236.7200
2025-06-25,7.8700,7.9900,7.8200,7.8700,7878705,62083572.3000
2025-06-26,7.8800,7.8800,7.7800,7.7900,5491771,42938969.6700
2025-06-27,7.8000,7.8500,7.7500,7.7900,5205552,40561694.0400
2025-06-30,7.7900,7.8500,7.7500,7.8100,6464471,50375232.8000
2025-07-01,7.8000,7.9100,7.8000,7.9100,8188488,64435789.8200
2025-07-02,7.9100,7.9600,7.8800,7.9500,6127726,48566049.9200
2025-07-03,7.9300,7.9900,7.9100,7.9500,6333305,50326635.6500
2025-07-04,7.9500,7.9900,7.9200,7.9400,6651540,52878892.1200
2025-07-07,7.9400,8.0800,7.8600,8.0700,7963121,63733554.3200
2025-07-08,8.0500,8.0600,7.9700,8.0500,7119021,57071090.7900
2025-07-09,8.0500,8.0800,7.9900,8.0300,6236010,50101723.5000
2025-07-10,8.0200,8.0500,7.9500,8.0400,6060276,48500002.7300
2025-07-11,8.0600,8.0700,8.0000,8.0600,7221820,58106361.5500
2025-07-14,8.0700,8.1700,8.0500,8.1200,6910858,56109553.8200
2025-07-15,8.4400,8.5000,8.1300,8.1900,17153183,141382702.1400
2025-07-16,8.1500,8.3200,8.1500,8.3000,12290247,101418052.6600
2025-07-17,8.2500,8.3800,8.2400,8.2600,7587873,62926152.4200
2025-07-18,8.2700,8.3100,8.2200,8.2500,5987221,49362203.1400
2025-07-21,8.2500,8.3400,8.2300,8.3100,6699026,55603299.3200
2025-07-22,8.2900,8.3200,8.1900,8.2700,8216800,67795657.0000
2025-07-23,8.2900,8.3500,8.2100,8.2200,7099877,58678832.9800
2025-07-24,8.2100,8.2700,8.2100,8.2500,6292478,51901598.5000
2025-07-25,8.2800,8.3200,8.2200,8.2500,6321900,52253694.0000
2025-07-28,8.3000,8.3400,8.2600,8.2900,5825668,48296231.7800
2025-07-29,8.2800,8.2800,8.1200,8.2000,7367026,60235571.6800
2025-07-30,8.2000,8.2500,8.1500,8.2200,6543441,53703749.8400
2025-07-31,8.3000,8.3200,8.1300,8.1500,7478100,61302148.0000
2025-08-01,8.1300,8.2800,8.1300,8.2000,7126210,58496326.1000
2025-08-04,8.1600,8.2600,8.1300,8.2000,4479700,36761150.0000
2025-08-05,8.2200,8.3300,8.2200,8.3100,7648826,63485616.0700
2025-08-06,8.3300,8.3400,8.2500,8.2900,5203700,43088674.0000
2025-08-07,8.2900,8.3600,8.2900,8.3200,6629914,55199728.3400
2025-08-08,8.3300,8.4000,8.2700,8.3900,7027300,58673527.0000
2025-08-11,8.4100,8.5200,8.3800,8.4300,9058431,76391441.1300
2025-08-12,8.4300,8.4900,8.3600,8.3900,6956428,58489401.6400
2025-08-13,8.4300,8.4700,8.3300,8.4100,6893000,57731202.0000
2025-08-14,8.4300,8.4400,8.2300,8.2300,7952215,66154128.4000
2025-08-15,8.2300,8.3300,8.2300,8.2700,9254172,76499188.3000
2025-08-18,8.4300,8.4700,8.2200,8.2400,15453015,128713375.4500
2025-08-19,8.2800,8.2800,8.1900,8.2000,8979245,73808598.8300
2025-08-20,8.1900,8.2600,8.1800,8.2500,6811311,56000910.4200
2025-08-21,8.2700,8.3400,8.2500,8.2800,8127929,67383943.0300
2025-08-22,8.2800,8.3000,8.1400,8.2300,10289571,84288144.4700
2025-08-25,8.2200,8.2700,8.1900,8.2500,8184274,67414565.2200
2025-08-26,8.2500,8.3500,8.2100,8.3200,8588665,71319908.2400
2025-08-27,8.3200,8.3400,8.1100,8.1200,10404920,85467177.2100
2025-08-28,8.1000,8.1700,7.8200,8.0300,10020078,80175762.0000
2025-08-29,8.0200,8.0900,7.9800,7.9900,5757261,46263281.6400
2025-09-01,8.0000,8.0600,7.8300,8.0600,6658570,53344562.5500
2025-09-02,8.0200,8.0500,7.9100,8.0200,5676100,45329432.0000
2025-09-03,8.0400,8.0400,7.8100,7.8300,5932069,46878686.6200
2025-09-04,7.8500,8.0000,7.8000,7.9800,7253339,57494184.5900
2025-09-05,8.0000,8.0000,7.8200,7.9300,5475105,43256730.7900
2025-09-08,7.9300,8.0600,7.9100,8.0400,6011487,48208185.2000
2025-09-09,8.0700,8.0700,7.9500,7.9900,4708700,37672544.0000
2025-09-10,8.0000,8.3800,7.9800,8.3400,22076727,181347563.5900
2025-09-11,8.5000,9.1700,8.4300,9.1700,32832411,294173850.7900
2025-09-12,9.3300,10.0900,9.3000,10.0900,71253988,703860336.4800
2025-09-15,10.0100,10.6800,9.6500,9.9500,78585077,790895949.8500
2025-09-16,9.9500,10.5100,9.7300,10.2900,54670808,558634770.9800
2025-09-17,10.1900,10.6500,10.0200,10.5400,43774962,452723003.1900
2025-09-18,10.5500,10.8600,9.9100,10.0400,39305483,405284111.5200
2025-09-19,10.1900,10.5400,10.0100,10.0600,28282966,289507808.5600
2025-09-22,10.0300,10.1000,9.5400,9.7500,22059466,216337550.2400
2025-09-23,9.7400,10.0900,9.4900,9.6100,19199068,186177218.8200
2025-09-24,9.5700,9.6400,9.3300,9.4000,17464900,164904114.0000
2025-09-25,9.4300,9.4500,8.9600,9.2200,25653675,234880840.1500
2025-09-26,9.6700,10.1400,9.4200,10.1400,44676072,436803007.7600
2025-09-29,10.1400,10.7300,10.0300,10.4400,48191513,503628174.4900
2025-09-30,10.4100,10.6100,10.1600,10.3700,28831756,299957407.9200
2025-10-09,10.3700,10.3900,10.0100,10.3400,19818255,202949029.1600
2025-10-10,10.3600,10.6400,10.1600,10.4800,17075315,177490546.1000
2025-10-13,10.2800,10.8000,10.0400,10.2600,25687901,263016873.5000
2025-10-14,10.3000,11.0300,10.1600,10.4700,32578907,347440803.5800
2025-10-15,10.4100,10.8300,10.2400,10.3100,29078787,303889081.4300
2025-10-16,10.5100,10.5600,10.0500,10.0600,21423905,218579492.9000
2025-10-17,10.0600,10.1500,9.7200,10.0000,18970498,188767578.6200
2025-10-20,10.0600,10.8500,10.0600,10.1500,19726126,203096025.0200
2025-10-21,10.2500,11.1700,10.2500,11.1700,10923243,119332379.4600
2025-10-22,11.5000,11.7000,10.9600,11.0000,40330849,449555533.5600
2025-10-23,10.9400,10.9800,10.6500,10.8400,23572200,254594703.4900
2025-10-24,10.8800,11.2500,10.7100,10.9200,21760100,238714539.4800
2025-10-27,11.1000,12.0100,10.8800,12.0100,26310328,306476525.8300
2025-10-28,12.2000,13.1500,12.1500,12.8000,61867873,782132240.8500
2025-10-29,12.6700,13.1200,12.5600,12.8300,37675521,482811427.8800
2025-10-30,12.8400,12.9900,12.6000,12.6000,19640331,249982693.4800
2025-10-31,12.6100,13.4200,12.5800,13.0600,27093751,352395013.5900
2025-11-03,13.1100,14.3700,13.1000,14.3700,17413358,240309470.0200
2025-11-04,14.5900,14.8000,13.5200,14.1700,39543031,555412695.9100
2025-11-05,14.0100,15.0600,13.8000,14.6000,31458915,457710457.5100
2025-11-06,14.3200,14.5300,13.8700,14.2400,22520214,319241848.6500
2025-11-07,14.2100,14.3600,13.4000,13.5000,26276751,360308867.7100
2025-11-10,13.4700,13.5100,13.0300,13.3500,18354043,242952900.8900
2025-11-11,13.4600,13.7100,13.1200,13.3900,16507414,220611046.1400
2025-11-12,13.7000,13.7400,13.1800,13.4000,11261531,150107404.0700
2025-11-13,13.4500,13.5900,13.1200,13.4500,11701426,156670868.6400
2025-11-14,13.4800,13.6800,13.3200,13.3700,10993057,148270768.5700
2025-11-17,13.1800,13.3200,12.8900,12.9700,14554726,190359937.4200
2025-11-18,12.9000,12.9600,12.4000,12.7000,12461053,158144331.7700
2025-11-19,12.6700,12.7500,12.5000,12.6000,7074922,89135096.2000
2025-11-20,12.6200,12.7200,12.5100,12.5900,6585470,82870629.0100
2025-11-21,12.5800,12.6700,11.9200,11.9700,15942045,194318755.7000
2025-11-24,11.9900,12.3200,11.8900,12.0800,14084531,170214054.5300
2025-11-25,12.1700,12.3200,12.0500,12.0800,9223777,112183415.1700
2025-11-26,12.0100,12.2300,12.0100,12.0600,6714562,81195736.2000
2025-11-27,11.9300,12.3900,11.9300,12.2200,9113840,111278377.6000
2025-11-28,12.2600,12.6700,12.1600,12.6100,12158684,151752464.9000
2025-12-01,12.6900,13.6000,12.6100,13.1300,26113052,346654022.1300
2025-12-02,13.1700,13.2800,12.6300,13.2100,15560873,201660109.7900
2025-12-03,13.3600,13.8000,13.0300,13.0800,17416730,233463622.0500
2025-12-04,13.0200,13.1500,12.8100,12.9900,9586800,124633809.0000
2025-12-05,12.9700,13.1300,12.6500,12.7000,9904000,126607231.0000
2025-12-08,12.7000,12.8000,12.5100,12.7300,7505279,94857042.9300
2025-12-09,12.6700,13.1900,12.5700,12.9200,10569165,136474251.0500
2025-12-10,12.8200,13.0700,12.8200,12.9300,6015487,77900474.8400
2025-12-11,12.9400,13.1100,12.3800,12.4300,9660700,122410246.0000
2025-12-12,12.4200,12.5200,12.3000,12.3800,7425400,92133351.0000
2025-12-15,12.3300,12.5600,12.3000,12.4700,6466900,80357536.0000
2025-12-16,12.4000,12.4700,11.9800,12.1400,8506472,103530406.9200
2025-12-17,12.2400,13.0900,12.1100,12.9900,19701819,250534139.1000
2025-12-18,12.8600,14.2900,12.8600,14.2900,18425346,254708972.6900
2025-12-19,14.0400,14.7000,13.8300,14.6600,34599845,493724733.6400
2025-12-22,14.5900,15.2100,14.4500,14.6900,21174559,314167173.2300
2025-12-23,14.7800,14.9600,14.0700,14.4000,17682769,254429755.8400
2025-12-24,14.3900,14.9900,14.0200,14.8000,17227991,250952278.0700
2025-12-25,14.7800,15.2600,14.6500,15.0000,20083251,300455523.3600
2025-12-26,14.9600,15.2000,14.7800,14.9500,12303926,184248603.7800
2025-12-29,14.8800,15.2100,14.5400,14.8300,14808533,220768522.4900
2025-12-30,14.8400,14.8800,14.2200,14.5300,12562320,183260396.8000
2025-12-31,14.7000,14.8000,14.2300,14.5900,9789993,141698087.5400
2026-01-05,14.7400,15.1000,14.2300,14.3300,11227746,161730720.1100
2026-01-06,14.3000,14.9400,14.2500,14.6600,10193790,148998705.0200
2026-01-07,14.6200,15.2900,14.5500,15.0100,12636567,189381276.9400
2026-01-08,15.0000,16.3400,14.7500,16.1000,22254862,348687470.1200
2026-01-09,16.1000,16.7800,15.8500,16.4800,17309968,281284696.2800
2026-01-12,16.0800,16.3200,14.8300,14.8300,33766051,511677170.5500
2026-01-13,14.8800,15.9800,14.6800,15.6200,27947150,429483576.6100
2026-01-14,15.5100,15.8200,14.9800,15.2400,16388059,252043491.7900
2026-01-15,15.2400,15.5100,14.9100,15.0100,8559775,129731941.3900
2026-01-16,15.2100,15.4500,14.7300,14.8300,10551395,158043031.0200
2026-01-19,14.8500,15.2000,14.7300,15.2000,9724626,146064555.7000
2026-01-20,15.1500,15.4500,14.8900,15.4400,9935826,150952862.5400
2026-01-21,15.4200,15.5800,14.9400,15.1700,9399530,142240443.9900
2026-01-22,15.2000,16.2000,15.0800,15.9700,16703698,261997509.6600
2026-01-23,15.9600,15.9600,15.3000,15.6500,14982411,233687498.9400
2026-01-26,15.6100,15.9300,15.4800,15.7300,10339705,162318908.6000
2026-01-27,15.5000,17.1000,14.3000,16.1700,33763834,543469022.7400
2026-01-28,16.1600,16.8100,15.2700,16.5900,27717747,449289158.5800
2026-01-29,16.4900,16.6600,15.6900,15.7400,16554100,264601910.6000
2026-01-30,15.9600,16.7700,15.7800,16.4100,23871364,391127939.8900
2026-02-02,16.2100,17.5900,15.8000,17.1000,32899028,556752362.9900
2026-02-03,16.9600,17.1200,16.4800,16.9800,21283620,357126744.9000
2026-02-04,16.9800,17.5900,16.8200,16.9800,16344736,279900476.7000
2026-02-05,16.8500,17.2900,16.4000,16.7200,11919795,199880517.8600
2026-02-06,16.6100,18.3900,16.5200,18.3900,23593546,421445862.8900
2026-02-09,18.2000,18.5300,17.7600,18.0000,27271326,490026814.6000
2026-02-10,18.0400,18.3000,17.3200,17.6000,20205895,356131032.9400
2026-02-11,17.8000,18.0800,17.0800,17.2800,16541880,289193589.1300
2026-02-12,17.2800,17.3600,16.5800,16.7100,16716179,279910103.3500
2026-02-13,16.7100,16.9800,16.3600,16.3600,10590938,175314075.9000
2026-02-24,16.4600,17.9300,16.4500,17.5600,19512836,337093511.7100
2026-02-25,17.5100,18.3800,17.4500,17.8700,13805212,248364588.4900
2026-02-26,17.7000,18.0400,17.2600,17.7800,13614195,239489815.0500
2026-02-27,17.6400,18.5900,17.4400,18.3700,13182893,239089700.4700
2026-03-02,17.8800,18.6800,17.8800,18.1100,12344568,225083989.7200
2026-03-03,18.2800,18.9000,18.0500,18.1400,18402748,340413383.9800
2026-03-04,17.8900,18.4700,17.8000,18.1200,12023890,218498267.3200
2026-03-05,18.4000,18.5400,17.6800,17.9200,11273953,203247422.0200
2026-03-06,17.9200,18.5800,17.7700,18.2300,11672075,213576948.4100
2026-03-09,18.2300,18.2300,16.6700,17.6200,19777000,343573657.0000
2026-03-10,17.6600,18.2600,17.5000,18.0400,12325776,221921494.3000
2026-03-11,18.0300,18.5500,17.9800,18.5300,10941639,199637765.6900
2026-03-12,18.4800,19.7300,18.2100,19.5700,16250153,311320822.6900
2026-03-13,19.5600,19.6600,18.3600,18.4200,14685211,277175632.3100
2026-03-16,18.4200,18.7200,18.0500,18.3200,12780577,235153035.3600
2026-03-17,18.3500,18.8000,17.8900,17.9500,9206767,167074404.7800
2026-03-18,17.9000,18.4900,17.6100,18.3500,10122485,183625242.2000
2026-03-19,18.3200,18.7800,18.0500,18.2800,11162832,205314472.2600
2026-03-20,18.4700,19.5000,18.4600,19.2500,20830264,398462497.3500
2026-03-23,18.3300,18.4500,17.3300,17.3300,25905416,458354148.1600
2026-03-24,17.6800,17.7200,16.0000,16.7000,22854168,376489720.9300
2026-03-25,16.7000,17.2700,16.4500,16.5700,17191810,289448220.2000
2026-03-26,16.6000,16.7400,15.6800,15.8100,16049232,257711354.3000
2026-03-27,15.6600,15.9300,15.5400,15.7200,11030026,173163067.6000
2026-03-30,15.7400,16.4200,15.4800,16.3400,14235186,229366878.8900
2026-03-31,16.4400,17.0200,15.8300,15.9400,9856400,160140208.0000
2026-04-01,16.2000,16.5200,15.8800,16.5000,10197926,165358070.3000
2026-04-02,16.3200,17.0600,16.3200,16.7500,9613932,160903298.0400
2026-04-03,16.7500,17.2900,16.4700,16.6400,10727770,180600938.8700
2026-04-07,16.6400,16.8600,16.4000,16.5000,8518633,141191669.8000
