date,open,high,low,close,volume,amount
2019-01-02,14.9300,15.1900,14.8400,15.1000,328861,4942657.3400
2019-01-03,15.1100,15.3800,15.0400,15.3000,306352,4666085.5200
2019-01-04,15.2800,15.4800,15.0800,15.4500,307600,4708600.4000
2019-01-07,15.6300,15.8200,15.5500,15.6800,501882,7876340.7800
2019-01-08,15.7900,15.8300,15.6900,15.6900,404000,6353372.0000
2019-01-09,15.6200,16.0000,15.6200,15.8300,505429,8040671.0800
2019-01-10,15.7500,15.8700,15.6400,15.6800,323200,5094664.0000
2019-01-11,15.9300,16.1100,15.7900,16.0000,496364,7946199.0800
2019-01-14,15.9800,15.9800,15.6200,15.6600,506200,7967576.0000
2019-01-15,15.7400,15.8800,15.6300,15.8400,355855,5618584.8000
2019-01-16,15.9100,15.9600,15.7600,15.8400,268400,4255383.0000
2019-01-17,15.6300,15.9500,15.5600,15.6400,271400,4279329.0000
2019-01-18,15.7000,15.8800,15.5600,15.6900,329200,5163283.0000
2019-01-21,16.2900,16.2900,15.7800,15.9100,526100,8432369.0000
2019-01-22,15.9100,16.0500,15.6700,15.6900,357682,5682006.7200
2019-01-23,15.7100,15.9300,15.7100,15.9300,235500,3730817.0000
2019-01-24,15.8800,15.9800,15.7400,15.8600,300220,4768602.0000
2019-01-25,15.9300,15.9800,15.7800,15.8400,363977,5779877.8800
2019-01-28,17.0000,17.0000,15.8600,15.8900,589677,9560576.9100
2019-01-29,15.8800,15.8800,14.8000,14.9800,920300,13961584.0000
2019-01-30,14.9700,15.0900,14.7500,14.7900,346495,5168063.8000
2019-01-31,14.7200,14.8400,14.4200,14.4600,429482,6271378.4000
2019-02-01,14.9000,14.9000,14.5500,14.9000,235300,3469135.0000
2019-02-11,14.8800,15.2300,14.7500,15.2100,324400,4903266.3600
2019-02-12,15.2100,15.4600,15.1900,15.4300,370682,5683282.2600
2019-02-13,15.3500,15.7900,15.3100,15.7300,489600,7639353.0000
2019-02-14,15.6300,15.8400,15.5900,15.7100,504300,7916354.0000
2019-02-15,15.7100,15.9700,15.6600,15.8800,549400,8694126.4000
2019-02-18,15.8200,16.2500,15.8200,16.2100,716802,11516881.8000
2019-02-19,16.2600,16.3500,16.0500,16.1800,628500,10166940.0000
2019-02-20,16.3500,16.3500,16.1000,16.2600,477352,7752379.8000
2019-02-21,16.2600,16.3300,15.9500,16.0000,645852,10476281.4400
2019-02-22,16.0300,16.4500,16.0000,16.3600,948782,15469836.8400
2019-02-25,16.3600,16.9800,16.3600,16.9300,1116753,18703616.4100
2019-02-26,16.9100,17.3700,16.7600,17.3700,1378275,23546988.8900
2019-02-27,18.5000,18.5000,17.0400,17.2400,2164614,37762709.0500
2019-02-28,17.1600,18.2700,17.0500,18.1800,2174550,38453568.0400
2019-03-01,18.1800,18.4000,17.8300,18.4000,1686951,30578206.3200
2019-03-04,18.5000,20.2400,18.0100,20.2400,4339382,82881145.8300
2019-03-05,20.2300,21.8900,19.5200,20.2400,6987628,141974495.6200
2019-03-06,19.8000,19.9600,19.3600,19.8800,4391485,86343942.7900
2019-03-07,19.6800,19.9700,19.5000,19.9600,2434045,47978195.5800
2019-03-08,19.6800,19.6800,18.7100,18.7100,1803316,34863722.8000
2019-03-11,18.7000,19.5500,18.6800,19.5000,1245865,24010705.9300
2019-03-12,19.7000,19.9000,19.3300,19.6500,1433190,28130366.9000
2019-03-13,19.8200,19.8200,19.3500,19.4500,1100116,21627140.1400
2019-03-14,19.7300,19.7300,18.7200,18.9700,778500,14824740.0000
2019-03-15,19.1000,19.2900,18.9000,19.0900,639182,12248664.6800
2019-03-18,19.2000,19.2900,19.0200,19.2700,631064,12134340.0800
2019-03-19,19.3700,19.5900,19.2300,19.5100,887800,17225173.0000
2019-03-20,19.4800,19.4800,19.0200,19.1600,805513,15499864.7000
2019-03-21,19.1600,19.4600,19.1600,19.4300,647042,12522225.4800
2019-03-22,19.5300,20.4500,19.2900,20.2200,2606701,52424432.8400
2019-03-25,19.8000,20.2000,19.5200,19.6800,1377081,27194231.0800
2019-03-26,19.5800,19.8000,17.7100,18.8600,1157025,22245161.2500
2019-03-27,18.9700,19.0800,18.6500,18.9200,621642,11711273.1400
2019-03-28,19.0000,19.7000,18.6000,19.3200,1479917,28247645.4400
2019-03-29,18.9700,19.4300,18.6800,19.3300,1861432,35600464.3000
2019-04-01,19.4600,19.8500,19.0500,19.7300,2076904,40511248.3300
2019-04-02,19.8700,20.7000,19.5400,20.1100,2410983,48335331.8600
2019-04-03,20.2200,20.2200,19.8100,19.9600,977023,19503199.6500
2019-04-04,19.9600,20.1900,19.9000,20.0100,940940,18833727.2300
2019-04-08,20.2000,20.4500,20.0400,20.4400,2370111,48105688.7500
2019-04-09,20.5100,20.5200,20.0600,20.1000,1376632,27886957.7200
2019-04-10,19.9300,20.4800,19.9300,20.2700,1254401,25272330.4000
2019-04-11,20.3600,20.5500,19.8200,19.8600,1163300,23546177.6400
2019-04-12,19.8600,20.1000,19.6000,19.9800,812836,16137457.4400
2019-04-15,20.1400,20.3700,20.0000,20.2100,1223834,24774285.4000
2019-04-16,19.8000,21.3000,19.7800,21.2500,4060443,84046658.9100
2019-04-17,20.9000,23.3800,20.9000,23.3800,7058038,160030784.9000
2019-04-18,23.3700,24.2200,22.6500,24.0400,10440011,245053411.1600
2019-04-19,23.6200,24.2000,23.3100,23.4400,6481470,153224471.2100
2019-04-22,23.5000,23.9400,23.1500,23.5900,5539220,130474258.6600
2019-04-23,23.5800,24.4800,23.2100,24.2800,10504170,251824275.4500
2019-04-24,24.4800,24.9900,23.6100,24.0000,7085763,171381445.8700
2019-04-25,23.6600,24.2500,23.3800,23.6000,6048672,144592410.6600
2019-04-26,23.2500,23.7000,22.2000,23.0100,5343337,122742602.6400
2019-04-29,22.7000,23.2000,22.0500,23.0400,3959637,90425709.9400
2019-04-30,22.7400,23.3100,22.2800,22.8200,3389853,77064234.1600
2019-05-06,22.4200,22.5000,20.7000,21.7100,3061344,66620911.5600
2019-05-07,21.9800,23.8600,21.2400,23.5500,8892037,202988941.3200
2019-05-08,23.2900,23.5000,22.2600,23.5000,6293486,143620835.0400
2019-05-09,22.9200,23.2600,22.7300,22.9900,5335325,122570000.8300
2019-05-10,23.1700,23.4600,22.3300,23.1400,7414977,170591318.0700
2019-05-13,23.0400,24.3600,22.7300,24.2300,9535313,225474134.0800
2019-05-14,24.1000,24.3600,22.3200,22.8700,7670162,179450866.7300
2019-05-15,22.6300,23.0000,21.1100,22.2500,6879600,149861300.6300
2019-05-16,21.7000,21.7000,20.8100,20.8200,4332532,91366243.9700
2019-05-17,20.8600,20.9700,18.7400,18.7400,5550220,107736187.0000
2019-05-20,18.2200,18.4500,16.9100,17.2200,3176400,55301408.0000
2019-05-21,17.2100,17.4900,16.9500,17.3500,2047783,35425280.7800
2019-05-22,17.3500,17.3500,16.7000,16.8500,2146020,36436336.2000
2019-05-23,16.6800,16.8500,15.9200,16.0700,2283720,37231563.5800
2019-05-24,15.8300,16.7800,15.6800,16.4100,2888360,47029205.7800
2019-05-27,16.3000,16.6400,15.9000,16.5900,2254846,36707489.7000
2019-05-28,16.4600,16.7700,16.2500,16.4200,1965950,32542222.3000
2019-05-29,16.3600,16.5800,16.2000,16.4600,1368382,22476169.2600
2019-05-30,16.4500,16.7500,16.2800,16.7000,1940364,32235142.5000
2019-05-31,16.7000,16.8000,16.5000,16.6300,1509164,25095732.5000
2019-06-03,16.5100,16.6800,16.1200,16.1400,1229846,20024306.9800
2019-06-04,16.1900,16.2800,15.7300,15.8800,1080500,17275987.1800
2019-06-05,15.9200,16.1900,15.8700,15.9800,962777,15446256.8500
2019-06-06,16.1500,16.1800,15.8000,16.1200,1325904,21235527.9900
2019-06-10,16.1800,16.2300,16.0100,16.1100,1103300,17770623.0000
2019-06-11,16.1800,16.7800,16.0400,16.7000,1615023,26577296.8200
2019-06-12,16.6200,16.7600,16.4300,16.5200,1257705,20831977.4500
2019-06-13,16.5000,16.6200,16.3700,16.5300,874932,14456971.1400
2019-06-14,16.7000,16.7000,16.0400,16.0500,1083000,17632199.3600
2019-06-17,16.0500,17.6600,16.0500,17.6600,4809759,82668666.6900
2019-06-18,17.7500,19.3300,17.3500,18.0300,7176686,129636848.2100
2019-06-19,18.0000,19.8300,18.0000,19.8300,8667386,165714852.1800
2019-06-20,19.6000,21.7000,19.4400,21.7000,10409914,211222500.3500
2019-06-21,21.0000,22.5500,20.5000,21.6600,10632649,225864629.7200
2019-06-24,21.0000,21.8800,20.5000,20.8600,8569882,179289169.6200
2019-06-25,20.7200,21.7000,20.5000,21.2700,8407089,178254530.2400
2019-06-26,21.5000,21.7900,20.6200,21.1400,7771982,164702392.5800
2019-06-27,21.0100,23.1700,20.6100,22.8000,11111209,239779119.2100
2019-06-28,22.1000,23.3500,21.5000,22.5800,10632310,238027928.3500
2019-07-01,22.3000,22.6600,21.7000,21.9000,6713371,147641453.3000
2019-07-02,21.7000,22.3700,21.4200,21.8100,6922254,151283542.3900
2019-07-03,22.0500,23.1000,21.8000,22.0500,7352653,162987789.5000
2019-07-04,22.4000,22.6100,19.8500,19.8500,7656731,164589568.4300
2019-07-05,19.8600,19.9800,18.6300,19.4500,7082085,138957220.1000
2019-07-08,19.7300,19.9800,18.4900,18.8800,5283713,101131012.3800
2019-07-09,18.9100,19.0800,18.3900,18.7700,4932707,92982955.2600
2019-07-10,18.7600,18.8700,18.3900,18.7300,2203922,41080981.2600
2019-07-11,18.6800,19.1400,18.5200,19.1400,2696938,50846821.5800
2019-07-12,19.1400,19.7400,19.0500,19.5800,5029496,97326683.0400
2019-07-15,19.4500,19.6000,18.5000,19.4800,2965131,56418522.7900
2019-07-16,19.5700,20.3400,19.1100,20.1500,6081827,119422100.8400
2019-07-17,19.9900,20.4800,19.6600,20.0900,6410200,128737057.7400
2019-07-18,19.9000,20.2100,19.5500,20.2000,2977400,59380631.0000
2019-07-19,20.0000,20.5700,19.9000,20.0000,3101196,62723625.0800
2019-07-22,20.4000,21.2000,19.9500,20.9300,7887296,163123364.7200
2019-07-23,20.9300,21.3000,20.4500,20.7500,6854100,142936057.0000
2019-07-24,20.9900,21.1700,20.6100,20.9700,5896026,123181285.8800
2019-07-25,20.6600,21.0800,20.2800,20.7400,3787400,78595688.4800
2019-07-26,21.0000,22.7600,20.4000,22.6100,9348639,198772702.6400
2019-07-29,22.5000,24.3800,21.8200,24.1300,10742518,242893113.7100
2019-07-30,23.8500,24.1200,23.0100,23.1000,8309458,193597723.7900
2019-07-31,23.5600,23.5600,22.0500,22.7900,6838600,155834475.2400
2019-08-01,22.7800,23.5000,22.2000,23.2800,7572792,174387604.8700
2019-08-02,23.3500,23.7200,22.4500,23.1500,6790140,157818919.6800
2019-08-05,23.1500,24.0100,22.7900,23.6800,8261622,194143818.5100
2019-08-06,23.4300,23.6800,22.6500,23.1200,7404758,171394738.2700
2019-08-07,23.3200,23.7800,22.4000,23.0800,7490879,173340821.6100
2019-08-08,23.3000,23.3000,22.6100,23.2000,6348992,146051035.7500
2019-08-09,23.1500,25.2900,22.6600,23.1200,6328817,147530328.8700
2019-08-12,22.8600,23.5800,22.2000,22.9000,6271442,143735478.3100
2019-08-13,22.9300,22.9500,21.3600,21.3800,5772439,128635331.5000
2019-08-14,21.4100,21.5700,20.1400,21.2700,6084066,126487794.1000
2019-08-15,20.6000,20.6200,20.0000,20.2900,4495700,91270186.0000
2019-08-16,20.3900,20.3900,19.8200,19.8200,3438400,68994645.0000
2019-08-19,19.5900,19.9800,19.4800,19.8800,3095651,61141545.6500
2019-08-20,19.8000,20.2800,19.7000,20.1500,2779772,55559119.1700
2019-08-21,20.0800,20.1900,19.8700,20.1200,2118500,42434909.0000
2019-08-22,20.2400,21.1200,20.1300,21.0800,4426719,91859240.2500
2019-08-23,21.0700,21.0700,20.4000,20.5800,2641479,54667212.5500
2019-08-26,19.9300,20.1700,19.4900,19.4900,2423460,47802773.0900
2019-08-27,19.5500,19.8000,19.3000,19.3900,2115098,41391929.2400
2019-08-28,19.4100,19.7300,19.3000,19.6700,1657609,32354872.3400
2019-08-29,19.6700,19.7400,19.3000,19.3000,1363979,26577086.8100
2019-08-30,19.4200,19.5000,18.5000,18.5700,1964081,37203058.1000
2019-09-02,18.6200,19.3900,18.4800,19.2500,2201124,42140080.2500
2019-09-03,19.2300,19.4500,19.2100,19.2800,1577426,30487467.0100
2019-09-04,19.2200,19.3100,18.9100,19.1000,1496200,28544502.0000
2019-09-05,19.2300,19.6700,19.1400,19.2000,1906900,37002714.0000
2019-09-06,19.2800,20.1700,19.2800,19.9900,3409700,67443118.0000
2019-09-09,20.0100,20.1900,19.8000,19.9600,2562100,51083534.7400
2019-09-10,19.9900,20.7500,19.8900,20.3800,2823500,57555435.8000
2019-09-11,20.5900,20.6500,19.9300,19.9700,2160021,43590385.9200
2019-09-12,19.9700,20.0900,19.5800,19.9300,1240900,24611169.0000
2019-09-16,20.0000,20.0700,19.8100,19.9000,1328000,26414081.9200
2019-09-17,19.8500,20.1800,19.3500,19.4600,1691700,33450556.0000
2019-09-18,19.5200,19.6700,19.4400,19.5100,1288283,25123336.4100
2019-09-19,19.4700,19.5600,19.2800,19.4400,1083700,21003845.0000
2019-09-20,19.5100,19.8000,19.4900,19.5500,1126300,22116417.1100
2019-09-23,19.5000,19.5700,18.9500,19.0900,1108243,21152462.5700
2019-09-24,18.9500,19.4000,18.9500,19.2200,999994,19200763.9200
2019-09-25,19.2200,19.2200,18.7800,18.8500,922900,17477212.0000
2019-09-26,18.8300,18.9400,18.1100,18.2000,1132750,20869195.7300
2019-09-27,18.1200,18.5800,18.0500,18.3100,806848,14803756.2800
2019-09-30,18.2800,18.3300,17.9700,17.9700,646947,11726520.0600
2019-10-08,17.9700,18.2100,17.9000,18.1000,446526,8058438.2200
2019-10-09,17.8800,18.2900,17.8800,18.1800,509894,9230467.2000
2019-10-10,18.3400,18.6900,18.1900,18.5400,787976,14584292.6600
2019-10-11,18.4000,18.6200,18.2200,18.4200,644085,11892898.5000
2019-10-14,18.5000,18.8800,18.5000,18.7200,769385,14425951.7500
2019-10-15,18.7300,20.5900,18.5300,20.5900,4831768,96276110.2700
2019-10-16,20.6200,21.6000,20.1800,20.2200,7490895,157273980.2000
2019-10-17,20.0000,20.7900,19.6100,20.4100,3381458,68186483.9700
2019-10-18,20.1200,21.3000,20.0200,21.1600,6036645,125749069.9100
2019-10-21,21.1300,21.5500,20.6000,20.6100,4136814,87027113.2500
2019-10-22,20.0300,20.5200,20.0000,20.4500,2757161,55790010.9900
2019-10-23,20.4500,20.6300,19.5400,19.7500,2863914,57473528.0300
2019-10-24,19.7500,19.8700,19.2100,19.4300,1828776,35662486.6200
2019-10-25,19.3800,19.9500,19.3800,19.8000,2383548,47028568.9300
2019-10-28,19.6800,19.8900,19.4800,19.7800,1894689,37292818.6200
2019-10-29,19.6900,19.7700,18.7300,18.9500,2392315,45781188.4500
2019-10-30,18.6500,18.9500,18.5400,18.9000,1542700,28875328.0000
2019-10-31,18.6000,18.7600,18.2500,18.3900,1697036,31427097.3200
2019-11-01,18.5000,18.7200,18.2600,18.5300,1097208,20375308.2200
2019-11-04,18.6900,19.3100,18.5400,18.8300,1343785,25487133.7000
2019-11-05,18.8300,18.9400,18.3300,18.4700,1096300,20326885.0000
2019-11-06,18.4500,18.7500,18.2800,18.7500,1001413,18514313.8500
2019-11-07,18.3800,18.7300,18.3800,18.5100,1057264,19585609.4400
2019-11-08,18.5100,18.6000,18.3500,18.3800,814100,15025773.3500
2019-11-11,18.3100,18.3100,17.7300,17.8000,1025700,18365756.7200
2019-11-12,17.9600,18.8000,17.8000,18.1500,1261100,23031382.7200
2019-11-13,18.1500,18.3000,17.4100,17.6400,1043331,18551538.1300
2019-11-14,17.6200,17.9500,17.6200,17.8600,678920,12096383.0000
2019-11-15,17.9500,17.9500,17.7300,17.8000,395100,7034848.0000
2019-11-18,17.7500,17.9000,17.7200,17.8000,399000,7103292.0000
2019-11-19,17.8400,17.9900,17.6100,17.9000,610382,10889851.0600
2019-11-20,17.9000,18.0300,17.7500,17.8700,578511,10358604.1300
2019-11-21,17.8200,17.8200,17.1000,17.3700,1036600,18126223.0000
2019-11-22,17.4300,17.5400,17.1200,17.1600,748393,12994696.8500
2019-11-25,17.1600,17.2200,16.6300,16.7000,691600,11606484.0000
2019-11-26,16.7600,16.7800,16.5600,16.6200,441100,7351656.0000
2019-11-27,16.6300,17.0600,16.6300,17.0000,881700,14926764.0000
2019-11-28,17.0000,17.1800,16.8000,16.9600,553900,9415509.0000
2019-11-29,16.8000,17.0000,16.6600,16.7500,384382,6452469.3900
2019-12-02,16.6000,17.8500,16.6000,17.6400,1399811,24252335.0900
2019-12-03,17.4600,17.7700,17.3100,17.7500,907300,15872632.0000
2019-12-04,17.7400,18.2000,17.5100,18.0200,1207764,21683460.4800
2019-12-05,18.0800,18.9000,18.0000,18.3200,1761711,32389437.1900
2019-12-06,18.3500,18.5300,18.2200,18.3400,1234122,22656066.1100
2019-12-09,18.3900,18.6100,18.2700,18.3700,1447647,26614937.4700
2019-12-10,18.4200,18.7800,17.9000,18.4600,2585600,47436581.0000
2019-12-11,18.4800,18.8800,18.1400,18.4900,3013711,55626124.4600
2019-12-12,18.4200,18.6000,17.9500,18.0700,2570741,46688293.1800
2019-12-13,18.0100,18.1400,17.5500,17.6500,1777203,31639943.8300
2019-12-16,17.6400,17.9400,17.1700,17.9200,1597715,28168604.3500
2019-12-17,17.8000,18.1300,17.8000,18.0100,1180900,21281670.0000
2019-12-18,18.0000,18.1100,17.9000,17.9200,825700,14875978.0000
2019-12-19,18.0300,18.0300,17.7200,17.9800,789800,14095549.0000
2019-12-20,18.3500,19.7100,18.3500,19.0200,4288805,81367671.3700
2019-12-23,18.9300,18.9300,18.3200,18.3300,2385700,44286682.8000
2019-12-24,18.1900,18.1900,17.9100,18.0500,1647322,29718228.9000
2019-12-25,18.0000,18.1300,17.8800,18.0500,983582,17711032.2800
2019-12-26,18.0500,18.1800,17.8000,17.9700,840416,15067946.7200
2019-12-27,18.0000,18.0100,17.7900,17.8200,798846,14317784.2600
2019-12-30,17.6400,17.8500,17.6400,17.7900,722600,12820686.0000
2019-12-31,17.7100,18.0700,17.7100,17.9500,710220,12728935.0000
2020-01-02,17.9500,18.2200,17.9200,18.1300,995706,17997660.7000
2020-01-03,18.1300,18.3400,18.0400,18.2600,1053223,19174996.4500
2020-01-06,18.1800,18.4600,18.0300,18.3000,1207324,22091190.0400
2020-01-07,18.2800,18.6600,18.2300,18.6500,1443200,26728842.0000
2020-01-08,18.6500,18.6500,18.1800,18.1800,1249514,22996051.5000
2020-01-09,18.2700,18.4700,18.2700,18.4300,776837,14267013.8200
2020-01-10,18.4400,18.6400,18.3600,18.5600,1127032,20863802.1200
2020-01-13,18.5600,18.5600,18.2300,18.5000,777992,14317964.1600
2020-01-14,18.5100,18.6300,18.3800,18.4900,947100,17547587.0000
2020-01-15,18.4900,18.4900,18.1700,18.3200,696900,12750189.0000
2020-01-16,18.2300,18.5100,18.2300,18.3400,679582,12494910.0000
2020-01-17,18.3400,18.6400,18.3400,18.5300,1106951,20488028.8800
2020-01-20,18.5300,18.6100,18.3600,18.5400,927682,17169494.0000
2020-01-21,18.6100,18.8700,18.3800,18.7500,2098862,39165047.1800
2020-01-22,18.6900,18.7500,18.2800,18.2900,1741700,32126139.0000
2020-01-23,18.1500,18.1500,17.3000,17.4600,1742446,30839872.6800
2020-02-03,15.7100,16.0000,15.7100,15.7100,1275200,20099031.0000
2020-02-04,14.3500,15.7100,14.3500,15.3000,1220100,18518673.7600
2020-02-05,15.1900,15.7400,15.1900,15.5700,1069256,16657786.6000
2020-02-06,15.6000,16.1300,15.5800,16.0600,1223182,19524824.7800
2020-02-07,16.0400,16.2200,15.8400,16.1800,1596982,25618066.5200
2020-02-10,16.1300,16.9500,15.9600,16.7200,1494482,24624769.4000
2020-02-11,16.7200,17.0500,16.3300,16.3600,1015700,16742844.0000
2020-02-12,16.3600,16.5500,16.3000,16.4800,624200,10267542.0000
2020-02-13,16.4100,16.6700,16.2900,16.5700,1589292,26287455.7200
2020-02-14,16.5700,16.5700,16.2100,16.2200,1095100,17926787.0000
2020-02-17,16.2200,16.8400,16.2200,16.7700,1513500,25230452.0000
2020-02-18,16.6900,17.0800,16.6100,17.0200,1718688,29041585.3000
2020-02-19,17.0200,17.2200,16.8500,16.8500,1109700,18822445.0000
2020-02-20,16.8100,17.0900,16.6900,17.0300,1206223,20394108.2900
2020-02-21,16.8800,17.0700,16.8600,16.9100,967687,16381386.9900
2020-02-24,17.0600,17.3000,15.2200,17.1700,1951752,32835891.9300
2020-02-25,16.8500,17.0300,16.2000,16.8000,1564730,26164684.7000
2020-02-26,16.7000,16.8900,16.5100,16.6000,1120600,18767635.0000
2020-02-27,16.7000,17.0000,16.5600,16.6700,1243567,20859001.9300
2020-02-28,16.3000,16.4500,15.4300,15.4600,1258682,19961573.8200
2020-03-02,15.5200,16.1300,15.5200,16.0500,933441,14900531.5500
2020-03-03,16.4400,16.7400,16.3000,16.5600,1412061,23322935.0100
2020-03-04,16.5300,16.7100,16.3400,16.6400,810900,13445267.0000
2020-03-05,16.8400,17.0400,16.6600,17.0400,1567829,26522036.7800
2020-03-06,16.8000,17.1800,16.7800,17.1000,1274812,21725096.7200
2020-03-09,17.0100,17.0100,16.5600,16.5600,1074982,18035467.8800
2020-03-10,16.0000,16.8200,16.0000,16.7800,910500,14945001.0000
2020-03-11,16.8700,17.0200,16.5500,16.6000,784174,13199265.0800
2020-03-12,16.6000,16.7000,16.2300,16.4000,812761,13379747.5100
2020-03-13,15.9800,16.3800,15.6500,16.2600,994500,15902008.0000
2020-03-16,16.4100,16.8000,15.8800,16.0200,1019828,16724326.2000
2020-03-17,16.0200,16.1800,15.6600,16.0400,734861,11695016.4600
2020-03-18,16.0600,16.4600,16.0100,16.0500,863700,14023244.0000
2020-03-19,15.8300,15.9900,15.5800,15.8600,797100,12587783.9500
2020-03-20,15.9800,16.2500,15.9400,16.1500,557200,8974959.0000
2020-03-23,16.0700,16.0900,15.6500,15.6500,707079,11215464.3600
2020-03-24,15.9500,16.0700,15.7700,16.0700,585852,9332570.3200
2020-03-25,16.3300,16.4900,16.1500,16.4200,625900,10210218.0000
2020-03-26,16.3200,16.6400,16.2500,16.5400,672800,11095562.0000
2020-03-27,16.6800,16.7600,16.3100,16.3100,465335,7674281.8000
2020-03-30,16.2300,16.3800,15.8500,16.0000,457200,7343003.7900
2020-03-31,16.0400,16.6000,16.0400,16.5500,732700,11997927.0000
2020-04-01,16.6900,16.6900,16.1500,16.2100,691800,11344179.0000
2020-04-02,16.0500,16.3600,15.8500,16.2200,544101,8713901.9600
2020-04-03,16.2800,16.4800,16.1600,16.2700,511000,8329640.0000
2020-04-07,16.3300,16.9500,16.3300,16.7900,2118601,35574962.7400
2020-04-08,16.7900,16.9300,16.5800,16.7500,996452,16672503.0600
2020-04-09,16.8200,16.8300,16.6100,16.7600,789808,13229862.1600
2020-04-10,16.7100,16.7500,16.0800,16.2100,991641,16218529.1300
2020-04-13,16.0100,16.1800,15.7800,16.0700,586995,9367959.1000
2020-04-14,16.0700,16.7000,15.9500,16.6300,1112441,18158532.9000
2020-04-15,16.6100,17.1800,16.5100,16.9600,1624490,27518191.0000
2020-04-16,16.7700,17.1800,16.6400,16.7900,1014573,17051897.3700
2020-04-17,16.6700,16.8100,16.4800,16.4800,686838,11421080.1600
2020-04-20,16.5000,17.2800,16.5000,17.1200,1726844,29444844.8400
2020-04-21,17.0000,17.1800,16.9100,16.9300,898887,15276369.2300
2020-04-22,16.9100,17.1600,16.6800,16.7600,1658946,27957608.1700
2020-04-23,16.6800,17.0500,16.5800,16.8800,1334412,22400619.9600
2020-04-24,16.9400,16.9400,16.0100,16.2000,1177484,19259190.2000
2020-04-27,16.2700,16.6600,16.1200,16.3500,841023,13807493.7300
2020-04-28,16.3800,16.3800,15.5500,16.1400,736892,11771949.4000
2020-04-29,16.1700,16.3100,15.8000,15.8400,551355,8819014.2500
2020-04-30,15.9400,16.1500,15.9400,16.0100,713643,11460624.9500
2020-05-06,15.9900,16.2600,15.7400,16.2600,614565,9903406.4500
2020-05-07,16.2600,16.8900,16.2000,16.6900,890307,14696370.4100
2020-05-08,16.7100,16.8900,16.6700,16.7100,994455,16660576.5000
2020-05-11,16.7500,17.1000,16.7500,17.0900,1484928,25167019.1300
2020-05-12,17.0800,17.0800,16.7700,16.9800,853682,14451990.9800
2020-05-13,16.9600,17.8000,16.8300,17.4700,1796528,31214663.8000
2020-05-14,17.4600,17.6300,17.3500,17.5600,972004,16992919.6000
2020-05-15,17.5300,17.6300,17.1000,17.1400,926595,16024404.7900
2020-05-18,17.0900,17.3600,17.0500,17.1800,737759,12702855.5800
2020-05-19,17.2100,17.3300,17.1200,17.2300,558619,9612711.8400
2020-05-20,17.1600,17.2100,16.8000,16.8500,714415,12114995.2000
2020-05-21,16.8500,17.0500,16.7100,16.8300,489115,8254228.9500
2020-05-22,16.9100,16.9600,16.5500,16.5700,670644,11249497.6000
2020-05-25,16.5400,16.6400,16.1100,16.5800,486177,7984330.2700
2020-05-26,16.5300,17.0800,16.5300,17.0200,719668,12164678.0800
2020-05-27,17.0200,17.2600,16.9400,17.0300,723600,12357041.0000
2020-05-28,13.0100,13.1300,12.6100,12.7200,991592,12712333.2300
2020-05-29,12.7800,13.1000,12.6200,13.0700,1082674,13975901.2400
2020-06-01,13.0600,13.4000,12.9700,13.2600,1753120,23077852.7100
2020-06-02,13.2700,13.2700,13.1200,13.1900,1216026,16027456.5600
2020-06-03,13.2100,13.4000,13.1700,13.2000,1516625,20152264.6400
2020-06-04,13.2000,13.3800,13.1500,13.3000,1185970,15762750.0200
2020-06-05,13.3000,14.6300,13.1900,14.6300,5251286,74249719.5900
2020-06-08,15.0000,15.9900,14.6800,15.1800,8926577,136774621.7000
2020-06-09,14.4000,15.1400,14.1600,15.1100,5510940,80632189.0000
2020-06-10,14.7100,14.8500,14.4000,14.4000,3309595,48199055.8000
2020-06-11,14.4200,14.4800,14.0100,14.1900,2713693,38402555.9200
2020-06-12,13.8100,14.0200,13.6800,13.8600,2183319,30205032.3000
2020-06-15,13.7500,14.2500,13.6500,14.0900,2068797,28979859.2400
2020-06-16,14.0900,14.2400,13.9900,14.0900,1332155,18763062.1900
2020-06-17,14.0900,14.6500,13.8900,14.6500,3360087,48200560.5400
2020-06-18,14.6000,14.6000,14.1600,14.3800,1720542,24689935.8700
2020-06-19,14.5400,14.5400,14.3200,14.3200,1245981,17945545.2500
2020-06-22,14.2800,14.4500,13.9000,14.0500,1661151,23514026.5500
2020-06-23,14.0400,14.6300,13.9200,14.6300,2478408,35603414.7200
2020-06-24,14.5000,14.5400,14.1900,14.2000,1802082,25810360.5000
2020-06-29,14.1500,15.0900,14.1000,15.0500,3591500,53030540.7200
2020-06-30,15.0900,15.1700,14.6800,14.8500,2827430,41956820.7000
2020-07-01,14.7900,15.1000,14.7000,14.9000,1927356,28683627.7700
2020-07-02,14.9000,15.2400,14.7500,15.0600,2500867,37236931.3500
2020-07-03,15.0600,15.0600,14.7600,14.8500,2038738,30268880.7200
2020-07-06,14.9500,15.1900,14.8000,15.1500,3591280,53906201.3300
2020-07-07,15.1500,15.4700,14.9300,15.1600,3205172,48835572.1300
2020-07-08,15.0400,15.5700,15.0100,15.4500,2771971,42576982.7000
2020-07-09,15.4800,15.7100,15.3300,15.6500,2912212,45274089.4000
2020-07-10,15.5900,15.5900,15.2500,15.3600,2247011,34577461.9900
2020-07-13,15.3700,15.9200,15.3500,15.9000,2897923,45633877.9500
2020-07-14,16.1200,16.1200,15.4700,15.9100,3875293,61018898.5000
2020-07-15,15.8500,16.0800,15.4000,15.4000,2567780,40265776.1200
2020-07-16,15.4500,15.5000,14.6400,14.6600,2270553,34237355.1900
2020-07-17,14.6100,14.8300,14.3100,14.6500,1602695,23368304.6300
2020-07-20,14.6500,15.1100,14.6400,15.0600,1288030,19163949.4000
2020-07-21,15.0600,15.3200,14.9700,15.2000,1460630,22115159.3200
2020-07-22,15.3000,15.4400,15.0300,15.2100,1595453,24311253.1600
2020-07-23,15.0600,15.2700,14.8100,15.1500,1516273,22745879.5400
2020-07-24,15.0600,15.2400,14.3800,14.5000,2188647,32321066.9300
2020-07-27,14.4200,14.7200,14.3100,14.5400,1046320,15169071.2000
2020-07-28,14.5700,14.8600,14.5500,14.8200,1097873,16191729.4800
2020-07-29,14.7700,14.9900,14.6800,14.9900,1005563,14968223.1000
2020-07-30,14.9900,15.3200,14.9800,15.1400,1770777,26847423.0700
2020-07-31,15.0100,15.4900,14.9300,15.4700,2133181,32484317.7700
2020-08-03,15.5500,15.6400,15.3700,15.5800,1821542,28315224.8200
2020-08-04,15.6800,15.6800,15.3100,15.3400,1453404,22522504.6300
2020-08-05,15.4500,15.6800,15.2200,15.5600,1466344,22662802.6600
2020-08-06,15.6100,15.6100,15.1100,15.2500,1454517,22255094.8500
2020-08-07,15.2900,15.3700,14.6800,15.0000,1275040,19118753.6000
2020-08-10,15.0500,15.2800,14.9300,15.0200,830290,12509383.5600
2020-08-11,15.1500,15.1600,14.6500,14.7700,1091066,16299312.8600
2020-08-12,14.6900,14.8100,14.4500,14.7700,1037130,15129967.3000
2020-08-13,14.7800,15.1300,14.7800,14.8500,1118590,16757110.3000
2020-08-14,14.8600,15.2400,14.8500,15.2400,1212902,18294745.5400
2020-08-17,15.2700,15.4900,15.1300,15.3900,1412220,21654448.4000
2020-08-18,15.4000,15.4900,15.2300,15.3400,1047828,16077052.6600
2020-08-19,15.3600,15.3600,14.9100,15.1100,1293327,19591436.2300
2020-08-20,14.8800,15.0300,14.4800,14.7400,1125490,16689267.3000
2020-08-21,14.7700,15.1400,14.7700,14.9500,909280,13603258.3000
2020-08-24,14.9000,15.2200,14.7900,15.1800,901430,13569817.7000
2020-08-25,15.1000,15.3000,14.9400,15.0300,1192475,18016765.0500
2020-08-26,15.1600,15.1600,14.5800,14.6300,1114060,16509902.4000
2020-08-27,14.6300,14.9800,14.5000,14.8800,836065,12338117.6000
2020-08-28,14.7800,15.0700,14.7300,15.0400,880120,13123409.9000
2020-08-31,15.3000,15.7700,15.1700,15.5100,2901680,45103449.1000
2020-09-01,15.7100,15.8000,15.4300,15.7900,2002096,31355414.7800
2020-09-02,15.8000,16.3100,15.5800,16.0200,3350010,53733339.6400
2020-09-03,15.9100,16.1100,15.7500,15.8500,1500580,23867719.4000
2020-09-04,15.5500,15.9100,15.5200,15.8600,1056550,16673431.2000
2020-09-07,15.8600,16.2800,15.2400,15.3600,1694270,26411028.7000
2020-09-08,15.4000,15.6200,15.2000,15.6000,1609130,24811068.0000
2020-09-09,15.5500,15.7400,15.2100,15.2900,1682740,26099060.9000
2020-09-10,15.4300,15.6200,14.9700,15.1600,1901330,29110084.6200
2020-09-11,15.3900,15.4000,14.7100,15.2100,1156371,17412555.0500
2020-09-14,15.4000,15.6700,15.1700,15.4500,1183638,18245717.4200
2020-09-15,15.4700,15.4900,15.1000,15.2100,791821,12048694.9100
2020-09-16,15.6000,15.6000,14.8900,15.0400,1059571,16013898.3700
2020-09-17,15.0000,15.1500,14.7500,15.0600,839451,12525958.1400
2020-09-18,15.1800,15.2400,14.9300,15.2300,806220,12174374.5000
2020-09-21,15.0800,15.4400,15.0200,15.1200,720314,10872107.8600
2020-09-22,15.1200,15.2300,14.8400,15.1000,1076817,16175445.3600
2020-09-23,15.1600,16.6100,14.8400,15.0300,2035897,30868606.0600
2020-09-24,14.9300,14.9900,14.2800,14.2800,1917191,28021903.9600
2020-09-25,14.2800,14.3900,14.1500,14.2900,729167,10409789.9800
2020-09-28,14.2900,14.4300,13.6900,13.7600,1415744,19694094.2600
2020-09-29,13.9000,14.4800,13.6700,14.1200,1159944,16442805.1900
2020-09-30,14.1300,14.2300,13.7800,13.8800,780429,10902355.7500
2020-10-09,13.9900,14.3500,13.9900,14.2600,662800,9427955.4500
2020-10-12,14.4200,14.6800,14.2400,14.6000,879099,12746902.4800
2020-10-13,14.6200,14.8500,14.4800,14.6600,1000020,14648072.0000
2020-10-14,14.5700,14.7500,14.4000,14.5100,752320,10931131.8000
2020-10-15,14.4800,14.6400,14.2900,14.4500,1077140,15535220.0000
2020-10-16,14.3700,14.5700,14.3300,14.4600,630500,9128187.8000
2020-10-19,14.5500,14.8000,14.3700,14.4400,825147,12043315.8700
2020-10-20,14.3500,14.6600,14.3100,14.6400,482415,7021602.2000
2020-10-21,14.6000,14.7100,14.4100,14.4900,474790,6879601.1000
2020-10-22,14.4600,14.6000,14.2500,14.5200,647760,9364431.9000
2020-10-23,14.5900,14.7300,14.2900,14.3800,564297,8164853.7600
2020-10-26,14.2500,14.5400,14.0900,14.5400,673567,9638596.5400
2020-10-27,14.3900,14.5000,14.2400,14.3100,482460,6911040.6600
2020-10-28,14.4100,14.4100,14.1000,14.3700,682510,9723772.9000
2020-10-29,14.3000,14.3800,14.1200,14.3200,509180,7275922.5000
2020-10-30,14.1700,14.4500,14.0400,14.1300,648347,9215223.9500
2020-11-02,14.1100,14.5600,13.2900,13.3500,2565265,35083420.8000
2020-11-03,13.4400,13.6000,13.2500,13.4800,1368500,18356253.9000
2020-11-04,13.4800,13.5200,13.2600,13.3200,660770,8831475.9000
2020-11-05,13.4300,13.5200,13.2800,13.4900,430000,5762560.6000
2020-11-06,13.5000,13.5600,13.3200,13.3700,443910,5935152.2000
2020-11-09,13.3500,13.6300,13.3500,13.5700,784571,10634528.3600
2020-11-10,13.6800,13.9000,13.4200,13.6400,883715,12129388.5500
2020-11-11,13.6300,13.8800,13.6300,13.7600,712751,9783404.6600
2020-11-12,13.9400,13.9400,13.5300,13.5700,432921,5900359.9400
2020-11-13,13.5700,13.6500,13.4000,13.5600,476400,6414774.4000
2020-11-16,13.6100,13.6100,13.2300,13.4500,898715,12024052.3600
2020-11-17,13.5100,13.5100,13.3100,13.4000,646030,8657705.2000
2020-11-18,13.4000,13.6100,13.3600,13.4800,534410,7207487.7000
2020-11-19,13.4500,13.6100,13.3800,13.5700,417805,5640558.9500
2020-11-20,13.5800,13.6400,13.5100,13.6100,409670,5566361.3000
2020-11-23,13.6000,13.6000,13.3600,13.5900,613666,8276879.5800
2020-11-24,13.5400,13.8300,13.5300,13.8000,753555,10341823.7500
2020-11-25,13.7100,15.1800,13.7100,14.0600,2070182,29116614.6200
2020-11-26,13.9000,13.9300,13.5200,13.6800,1057004,14482184.3300
2020-11-27,13.6800,14.0800,13.5600,13.7500,823497,11355651.2800
2020-11-30,13.8100,13.9200,13.6200,13.6700,847117,11646290.0700
2020-12-01,13.8900,13.8900,13.6100,13.7100,947334,12949964.0400
2020-12-02,13.7100,13.9500,13.6900,13.9100,1135743,15670462.0900
2020-12-03,13.9000,13.9000,13.6200,13.8800,900344,12426996.3000
2020-12-04,13.8800,14.9700,13.7400,13.9600,1221188,17186715.9400
2020-12-07,14.1200,14.1300,13.9000,14.0000,1169257,16404337.5800
2020-12-08,14.0100,14.0200,13.8200,13.9000,624180,8679606.7000
2020-12-09,13.7700,13.8700,13.4000,13.4000,1271344,17218777.9000
2020-12-10,13.3800,13.4000,13.1800,13.3900,561290,7482172.3000
2020-12-11,13.3300,13.4100,12.9100,13.0500,842190,11032388.1300
2020-12-14,13.0000,13.2100,12.9200,13.0700,380720,4974536.0000
2020-12-15,13.0100,13.0800,12.8800,12.9200,406850,5274682.6000
2020-12-16,12.9800,12.9800,12.8200,12.8200,329490,4239355.1000
2020-12-17,12.8300,12.9200,12.6200,12.8800,476260,6066904.2000
2020-12-18,12.9000,12.9000,12.7300,12.8000,313034,3999827.4400
2020-12-21,12.6900,12.9300,12.6900,12.9200,303030,3887086.5000
2020-12-22,12.8700,12.9700,12.7500,12.8000,292490,3756550.9000
2020-12-23,12.8600,12.9800,12.7100,12.9400,313443,4027480.1000
2020-12-24,12.9800,12.9800,12.7100,12.7700,300650,3853986.9000
2020-12-25,12.8800,12.8800,12.5500,12.6500,505790,6405598.0000
2020-12-28,12.7300,12.7300,12.1300,12.2500,555373,6826759.5900
2020-12-29,12.1600,12.4500,12.1600,12.2400,222080,2732956.8000
2020-12-30,11.9900,12.5800,11.9900,12.5800,562180,6932879.6000
2020-12-31,12.6000,13.8400,12.6000,13.3400,2157837,28550084.3400
2021-01-04,13.2900,13.2900,12.7000,12.8800,2131141,27398999.2000
2021-01-05,12.7500,12.9100,12.7300,12.8200,611800,7835060.3800
2021-01-06,12.7700,12.8500,12.4500,12.4500,596340,7517472.9200
2021-01-07,12.4600,12.4700,11.9100,12.0200,762110,9227109.8000
2021-01-08,12.0800,12.1500,11.7300,12.0100,420534,5032506.7100
2021-01-11,12.0100,12.0200,11.6300,11.6300,522580,6148218.1000
2021-01-12,11.6500,11.8500,11.6500,11.7000,264365,3101646.0000
2021-01-13,12.3800,12.3800,11.5900,11.7200,565457,6663492.1900
2021-01-14,11.7900,11.8800,11.6100,11.8100,410680,4831526.3000
2021-01-15,11.8100,12.0800,11.7600,12.0300,367468,4379544.9600
2021-01-18,12.0600,12.1500,11.9500,12.1200,282949,3416146.8200
2021-01-19,12.1700,12.1700,11.9600,12.0900,329320,3970717.0000
2021-01-20,12.0900,12.1600,11.9400,12.1100,267460,3234774.7000
2021-01-21,12.2900,12.2900,12.1000,12.1700,308650,3760212.7000
2021-01-22,12.1800,12.5000,12.0200,12.1000,476140,5815206.2000
2021-01-25,12.0400,12.0500,11.2800,11.4000,1141358,13157477.3900
2021-01-26,11.2000,11.4200,11.1100,11.3100,535692,6035178.5000
2021-01-27,11.3300,11.3300,11.0900,11.3200,383751,4294548.2900
2021-01-28,11.1600,11.2800,11.1100,11.2100,267673,2992007.1600
2021-01-29,11.0800,11.2000,11.0100,11.1300,339169,3756759.3300
2021-02-01,11.1400,11.3800,11.0100,11.3300,370807,4155885.5000
2021-02-02,11.2900,11.4900,11.1900,11.3500,271700,3085803.9000
2021-02-03,11.3300,11.3600,11.2200,11.2800,187760,2118142.8000
2021-02-04,11.2800,11.2800,10.7700,10.9300,429641,4709020.5000
2021-02-05,10.8800,11.0700,10.7700,10.8300,277300,3024407.9600
2021-02-08,10.7600,10.9400,10.6100,10.7000,386416,4140223.5600
2021-02-09,10.6600,10.9400,10.5800,10.9100,238382,2573737.7200
2021-02-10,10.9100,11.0300,10.8600,11.0100,178330,1952488.2000
2021-02-18,11.0200,11.2900,11.0200,11.2500,249620,2794757.8000
2021-02-19,11.2500,11.5400,11.2500,11.4700,413800,4724675.4000
2021-02-22,11.5200,12.0700,11.4700,11.5600,915183,10696202.8000
2021-02-23,11.5900,11.6200,11.3700,11.4300,331240,3796410.8000
2021-02-24,11.4300,11.6100,11.3800,11.4600,320790,3680267.5000
2021-02-25,11.4800,11.5200,11.3900,11.4000,223250,2557686.2000
2021-02-26,11.3300,11.5700,11.2800,11.5000,322241,3687071.7300
2021-03-01,11.5200,11.8500,11.5200,11.8100,422780,4954199.6000
2021-03-02,11.8000,11.9600,11.7200,11.7800,398430,4715100.2000
2021-03-03,11.7900,11.8700,11.7100,11.8400,296510,3495261.8000
2021-03-04,11.8100,11.9100,11.7600,11.8600,335980,3977042.9000
2021-03-05,11.8800,12.7600,11.8500,12.2200,1422211,17581544.8500
2021-03-08,12.2800,12.3100,12.0900,12.0900,510810,6235027.0000
2021-03-09,12.0500,12.3000,11.8800,12.1400,606307,7366540.4700
2021-03-10,12.1300,12.6700,12.0900,12.6400,1137655,14222137.1000
2021-03-11,12.6800,12.6800,12.2600,12.6300,878990,10931821.1000
2021-03-12,12.6300,12.8200,12.1600,12.6400,920497,11461035.0700
2021-03-15,12.5500,12.8000,12.1300,12.4000,1498580,18762125.7000
2021-03-16,12.3000,12.7000,12.1000,12.5900,1786597,22282981.7000
2021-03-17,12.5900,12.7800,12.4400,12.5500,1736610,21891361.2000
2021-03-18,12.5400,12.6500,12.0600,12.6500,1617602,20037606.3400
2021-03-19,12.4700,13.7600,12.2200,12.2200,3303009,41815748.0600
2021-03-22,12.0000,12.0000,11.5600,11.7100,2105357,24585202.5600
2021-03-23,11.6900,11.7100,11.5000,11.5300,902056,10456431.1900
2021-03-24,11.4500,11.6100,11.4500,11.5700,366380,4230193.9000
2021-03-25,11.5500,11.7000,11.5000,11.6600,766007,8895545.0000
2021-03-26,11.6700,11.7300,11.5800,11.7300,344490,4028010.9000
2021-03-29,11.7200,11.8300,11.6500,11.8000,431040,5079753.8000
2021-03-30,11.8000,12.0900,11.6600,12.0700,833660,9923823.4000
2021-03-31,11.9400,12.1800,11.9400,12.0300,1620495,19578557.6500
2021-04-01,11.9800,12.2200,11.8300,12.2200,1023854,12225795.6700
2021-04-02,12.2200,12.3300,12.0400,12.1600,1464456,17887838.3800
2021-04-06,12.1000,12.2800,11.8800,11.8900,734040,8825843.2000
2021-04-07,11.8900,12.0300,11.8000,11.8800,725060,8650308.8000
2021-04-08,11.9000,12.2000,11.8200,12.0800,1090800,13122800.7000
2021-04-09,12.0900,12.1400,12.0100,12.0700,455650,5500346.2000
2021-04-12,12.1300,12.1300,11.8900,11.9000,267900,3203915.0000
2021-04-13,11.8400,11.9100,11.6600,11.8500,934204,10978284.2200
2021-04-14,11.8500,12.3800,11.6900,12.3600,1508690,18165829.4000
2021-04-15,12.3700,12.9100,12.2800,12.8800,2633157,33347741.3300
2021-04-16,13.5500,13.5500,12.2000,13.0100,3410523,43197533.1600
2021-04-19,12.9500,13.5200,12.8100,13.4600,3022059,40291672.6500
2021-04-20,13.4200,13.5500,12.1100,12.1300,6050925,76750427.5300
2021-04-21,11.8000,11.8000,11.2600,11.6500,2862813,33039608.5500
2021-04-22,11.5000,11.7500,11.5000,11.6500,1289632,15008589.8200
2021-04-23,11.6200,11.9800,11.5100,11.9200,1909317,22501421.5400
2021-04-26,12.1900,12.2800,11.8400,11.9400,1927795,23149694.0000
2021-04-27,11.9000,12.2500,11.7200,12.1300,2020430,24404961.4400
2021-04-28,12.1700,12.5400,12.0100,12.5100,1825570,22526054.3000
2021-04-29,12.5100,12.6100,11.2900,11.3100,4574880,54705987.7600
2021-04-30,11.2400,11.2400,10.7000,10.8800,1905813,20750057.0000
2021-05-06,10.8500,11.2800,10.7200,11.2000,1203093,13332192.5900
2021-05-07,11.2300,11.3300,11.0000,11.0100,387660,4301680.5000
2021-05-10,11.0400,11.0400,10.8000,10.8100,611700,6650233.5000
2021-05-11,10.8300,10.9700,10.7300,10.9300,489549,5320694.1400
2021-05-12,10.9800,10.9800,10.8900,10.9700,281670,3081228.3000
2021-05-13,10.9900,11.1000,10.9100,10.9800,396780,4369655.8000
2021-05-14,11.0400,11.1600,10.9800,11.1100,448030,4975162.0000
2021-05-17,11.1000,11.1100,10.8300,10.9600,723530,7917747.1000
2021-05-18,10.9800,10.9800,10.8600,10.9400,296408,3231708.0800
2021-05-19,10.9500,11.1400,10.8700,11.0200,493000,5440851.9000
2021-05-20,11.0900,11.0900,10.8000,11.0000,648590,7067624.0000
2021-05-21,10.8800,10.9900,10.8500,10.8800,320012,3482858.4000
2021-05-24,10.8800,10.9900,10.8800,10.9700,346887,3798984.6500
2021-05-25,10.9800,10.9800,10.8900,10.9600,273717,2994555.9900
2021-05-26,10.9500,10.9800,10.9000,10.9600,432265,4731460.8000
2021-05-27,10.9600,11.0200,10.9300,10.9900,410460,4506712.9000
2021-05-28,10.9900,11.0400,10.9200,10.9500,351587,3859055.7000
2021-05-31,11.0200,11.1000,10.8900,11.1000,475280,5239046.6000
2021-06-01,11.1000,11.2400,11.0300,11.1600,643819,7154044.7700
2021-06-02,11.1600,11.2300,11.0800,11.1300,468351,5217024.1500
2021-06-03,11.0500,11.1700,11.0300,11.0600,371960,4130770.2000
2021-06-04,11.0600,11.1600,11.0500,11.0800,326059,3620968.7500
2021-06-07,11.1100,11.2700,10.9600,11.0800,577487,6404521.4600
2021-06-08,11.0000,11.1500,10.9800,11.0800,400710,4429537.6000
2021-06-09,11.0800,11.2000,11.0400,11.1800,529669,5903582.0700
2021-06-10,11.1500,11.2500,11.1100,11.1500,352170,3934798.8000
2021-06-11,11.1600,11.2200,11.0600,11.0700,336627,3751955.9100
2021-06-15,11.0900,11.2600,11.0600,11.1500,388197,4310674.6900
2021-06-16,11.1100,11.1300,10.8400,10.8800,570450,6252945.5000
2021-06-17,10.8100,11.0300,10.8100,10.9200,277930,3023809.8100
2021-06-18,10.8500,10.8800,10.7800,10.8800,467451,5070376.0100
2021-06-21,10.8900,11.0200,10.8000,11.0200,341314,3731613.4000
2021-06-22,11.0000,11.1500,10.9300,11.1100,401356,4450172.9000
2021-06-23,11.0900,11.2100,11.0900,11.1300,375031,4178132.7700
2021-06-24,11.1900,11.2000,11.0500,11.0800,327757,3637713.6200
2021-06-25,11.1100,11.1100,10.9400,11.0100,320810,3533793.8000
2021-06-28,10.9900,11.1800,10.9900,11.1200,343380,3810625.4000
2021-06-29,11.0600,11.1100,10.9100,10.9500,323007,3544645.5300
2021-06-30,10.9600,11.0300,10.9000,10.9500,214610,2350015.6000
2021-07-01,10.9500,11.0200,10.8600,10.8900,303407,3323498.0300
2021-07-02,10.8300,10.9900,10.7800,10.8300,303061,3290282.4000
2021-07-05,10.8900,11.0500,10.8000,11.0100,356411,3903847.2800
2021-07-06,11.0400,11.0800,10.9200,11.0200,320580,3519134.1000
2021-07-07,11.0200,11.1000,10.9800,11.0300,266930,2940959.9000
2021-07-08,11.0300,11.1400,10.8900,10.9300,282300,3090924.9000
2021-07-09,10.9300,10.9700,10.8100,10.9000,318190,3460747.6000
2021-07-12,10.9600,10.9800,10.9100,10.9800,338704,3705867.9700
2021-07-13,10.9600,11.0600,10.9000,11.0000,462094,5080382.1000
2021-07-14,11.0800,11.0800,10.9300,10.9900,335341,3684568.4800
2021-07-15,10.9100,11.0400,10.5600,10.6300,940497,10047604.2200
2021-07-16,10.6300,10.6300,10.4800,10.5000,691810,7275469.8000
2021-07-19,10.5000,10.5000,10.3000,10.4300,369330,3826557.6000
2021-07-20,10.3800,10.5400,10.3400,10.4800,350960,3654841.9000
2021-07-21,10.4800,10.6800,10.4100,10.6100,375920,3977602.6000
2021-07-22,10.6100,10.6900,10.5700,10.6400,289610,3080107.2000
2021-07-23,10.5300,10.6400,10.5100,10.5400,498570,5272105.2000
2021-07-26,10.4300,10.5700,10.4300,10.4800,464869,4877654.8600
2021-07-27,10.3700,10.6800,10.3700,10.5400,386740,4088341.0000
2021-07-28,10.5000,10.5800,10.3200,10.5600,599310,6254176.0000
2021-07-29,10.5700,10.9700,10.3100,10.8900,2231350,23974449.3000
2021-07-30,10.8900,10.8900,10.6000,10.6700,1062340,11349185.9000
2021-08-02,10.5500,10.8000,10.5100,10.6900,799420,8492659.4000
2021-08-03,10.5600,10.8000,10.5600,10.7700,729210,7813895.3000
2021-08-04,10.7600,10.7600,10.6300,10.6900,600100,6401814.1400
2021-08-05,10.6900,10.7000,10.5600,10.7000,553500,5874328.0000
2021-08-06,10.5500,10.9200,10.5500,10.8300,1878890,20406159.8000
2021-08-09,11.0000,11.0000,10.7200,10.8800,1038430,11249003.0000
2021-08-10,10.8000,11.0900,10.8000,11.0800,1028487,11254463.7300
2021-08-11,11.0900,11.3500,10.9400,11.3300,1552462,17354313.9100
2021-08-12,11.5000,11.6900,10.8100,11.1200,3456100,38286869.0300
2021-08-13,10.9400,10.9900,10.8100,10.8700,1285872,13962737.1800
2021-08-16,10.8700,10.8800,10.7700,10.8600,746059,8077955.6300
2021-08-17,10.8600,10.8600,10.5700,10.6200,1156620,12375928.8000
2021-08-18,10.6500,10.6900,10.5800,10.6800,404020,4292923.5000
2021-08-19,10.6800,10.7200,10.5500,10.5500,453360,4806989.3000
2021-08-20,10.5500,10.5500,10.3600,10.4700,349400,3646674.7000
2021-08-23,10.4700,10.6300,10.4700,10.6100,495219,5246647.8200
2021-08-24,10.6100,10.6500,10.5400,10.5900,413799,4392879.6000
2021-08-25,10.6000,10.6400,10.5700,10.6200,457422,4850942.2000
2021-08-26,10.6200,10.6600,10.5000,10.5300,409770,4329508.2000
2021-08-27,10.5100,10.5900,10.4800,10.5400,336320,3543388.8000
2021-08-30,10.5300,10.5800,10.3900,10.4400,346640,3637318.0000
2021-08-31,10.4000,10.4900,10.3700,10.4700,435909,4537641.2100
2021-09-01,10.5300,10.5300,10.3600,10.4800,480459,5007140.8300
2021-09-02,10.4800,10.5000,10.4100,10.4800,289219,3022903.4400
2021-09-03,10.4800,10.5900,10.4700,10.5700,354042,3728891.1000
2021-09-06,10.5800,10.7100,10.5600,10.6500,719050,7645020.2000
2021-09-07,10.6500,10.7100,10.6200,10.6900,847929,9035104.5700
2021-09-08,10.6700,10.8000,10.6400,10.7600,790550,8472374.8000
2021-09-09,10.8400,10.8400,10.7200,10.7600,461230,4960933.0000
2021-09-10,10.7500,10.7700,10.6200,10.7300,549490,5876845.1000
2021-09-13,10.6800,10.8100,10.6700,10.8100,356270,3826485.0000
2021-09-14,10.8300,10.8300,10.6600,10.6600,376660,4046922.3000
2021-09-15,10.6100,10.7500,10.6100,10.7300,264880,2836608.5000
2021-09-16,10.7700,10.9800,10.6600,10.6600,764320,8278940.5000
2021-09-17,10.6600,10.6900,10.5000,10.6400,516150,5476031.5000
2021-09-22,10.6100,10.6800,10.5200,10.6100,284939,3023389.9500
2021-09-23,10.5900,10.7700,10.5900,10.7300,423109,4528352.0000
2021-09-24,10.7600,10.7800,10.5600,10.5700,324424,3465085.8400
2021-09-27,10.5700,10.7700,10.1600,10.3700,810170,8424324.8000
2021-09-28,10.4400,10.4400,10.2700,10.3600,304380,3141364.7000
2021-09-29,10.2600,10.3700,10.2200,10.2300,364890,3746681.8000
2021-09-30,10.2300,10.3800,10.2100,10.3500,333990,3448741.5000
2021-10-08,10.3700,10.5700,10.3700,10.5700,468950,4937706.8000
2021-10-11,10.5600,10.6200,10.4700,10.5500,346172,3646008.1000
2021-10-12,10.4800,10.5500,10.3800,10.5200,340630,3565756.5000
2021-10-13,10.4300,10.5900,10.4000,10.5400,425400,4454547.4000
2021-10-14,10.5100,10.6300,10.4600,10.5800,293670,3101607.2000
2021-10-15,10.4400,10.4800,10.2400,10.3300,832080,8610994.8000
2021-10-18,10.3900,10.5100,10.2300,10.5000,433650,4511412.5000
2021-10-19,10.5100,10.7500,10.4400,10.7500,837189,8908943.0500
2021-10-20,10.7500,11.0500,10.5500,11.0100,1623469,17638737.4900
2021-10-21,11.0000,11.2600,10.8300,11.2300,2260430,25068458.5000
2021-10-22,11.2100,12.3500,11.0500,11.0500,5506748,63605834.0900
2021-10-25,11.0500,12.1600,10.5000,10.6400,4611251,50714754.7400
2021-10-26,10.5000,10.6400,9.9200,9.9200,3107671,31799921.6000
2021-10-27,9.8800,9.9000,9.3400,9.3800,1787010,16985120.9000
2021-10-28,9.3300,9.3300,9.0000,9.0800,936986,8549472.3500
2021-10-29,9.0700,9.3900,9.0500,9.2900,716860,6616329.7600
2021-11-01,9.3200,9.4000,9.1800,9.3300,488126,4547599.3200
2021-11-02,9.3400,9.3900,9.0500,9.1400,602860,5539962.3800
2021-11-03,9.1600,9.3500,9.1200,9.2500,413230,3822456.5000
2021-11-04,9.3300,9.3300,9.2100,9.2800,332440,3077543.2000
2021-11-05,9.3100,9.4400,9.2900,9.4000,522340,4899646.1000
2021-11-08,9.3900,9.4400,9.3300,9.4000,361500,3393924.5000
2021-11-09,9.4300,9.4700,9.3800,9.4000,226840,2135877.4000
2021-11-10,9.4000,9.4900,9.3500,9.4300,473388,4457328.3800
2021-11-11,9.4700,9.7000,9.4300,9.5900,889230,8506097.7000
2021-11-12,9.6000,9.7000,9.5100,9.7000,579530,5575865.5000
2021-11-15,9.7200,9.9300,9.6600,9.9000,588377,5775725.5600
2021-11-16,9.8800,9.9300,9.7600,9.7800,565318,5565142.1800
2021-11-17,9.7800,9.8700,9.7700,9.8300,400180,3924570.0000
2021-11-18,9.8400,9.9000,9.6100,9.7000,580099,5676568.2500
2021-11-19,9.6600,9.9000,9.6500,9.8200,550620,5398944.3300
2021-11-22,9.8700,10.0600,9.8100,9.9600,663258,6598127.2200
2021-11-23,9.9400,10.1600,9.8100,9.8500,527540,5219461.5000
2021-11-24,10.0800,10.0800,9.8000,9.8400,410797,4050554.7100
2021-11-25,9.9600,9.9600,9.8100,9.8300,425900,4193572.3000
2021-11-26,9.8000,9.8900,9.6900,9.8000,429460,4211678.4000
2021-11-29,9.7700,9.8000,9.5800,9.6500,494247,4776515.4700
2021-11-30,9.6400,9.9300,9.6400,9.8700,634545,6234704.5600
2021-12-01,9.8300,10.0500,9.7900,10.0200,872803,8688098.2000
2021-12-02,10.0200,10.1100,9.9800,10.0200,703447,7067754.3800
2021-12-03,10.0000,10.1300,10.0000,10.0200,400360,4025851.4000
2021-12-06,10.0200,10.1000,9.8200,9.8500,383410,3801004.2000
2021-12-07,9.8300,9.9200,9.7800,9.8400,417877,4111195.7600
2021-12-08,9.8400,9.9900,9.7800,9.8800,287160,2831778.9000
2021-12-09,9.8500,10.1800,9.8500,10.1100,837377,8436920.1100
2021-12-10,10.2000,10.3500,10.0000,10.3400,730585,7437461.4500
2021-12-13,10.3500,10.3900,10.1000,10.1400,616325,6268543.7400
2021-12-14,10.2500,10.2800,10.1000,10.1800,279250,2843260.3000
2021-12-15,10.1800,10.2300,10.1000,10.1400,395300,4010426.3000
2021-12-16,10.1900,10.2800,10.1300,10.2600,545446,5565604.9900
2021-12-17,10.2600,10.3100,10.1400,10.1800,559470,5701989.8000
2021-12-20,10.2100,10.2800,10.1700,10.2200,374020,3827388.8000
2021-12-21,10.2300,10.3800,10.2200,10.3500,364531,3759018.6200
2021-12-22,10.4500,10.6500,10.3300,10.5600,824786,8682677.9800
2021-12-23,10.5000,10.6200,10.4000,10.5400,628006,6599872.4200
2021-12-24,10.5400,10.7700,10.5100,10.6800,924586,9848108.4800
2021-12-27,10.6900,11.1500,10.6900,10.9700,1636350,17966110.7000
2021-12-28,10.8300,11.0200,10.8000,10.9200,911440,9916625.1000
2021-12-29,10.8100,10.9100,10.7100,10.7300,817197,8805151.6200
2021-12-30,10.7300,10.8600,10.6400,10.7400,557610,6018265.8000
2021-12-31,10.6900,11.1400,10.6900,11.0300,1010701,11136968.0300
2022-01-04,11.0300,11.4000,10.9900,11.3900,1267081,14339986.8800
2022-01-05,11.3200,11.4400,11.1200,11.3500,852936,9600190.6600
2022-01-06,11.3800,11.3800,11.1000,11.2500,737530,8273077.6400
2022-01-07,11.1900,11.3000,10.9800,10.9800,848610,9454280.9600
2022-01-10,11.0600,11.2300,10.9600,11.2100,527046,5863676.8800
2022-01-11,11.1800,11.5400,11.1000,11.2300,671660,7613394.4000
2022-01-12,11.3400,11.4500,11.2300,11.4400,680550,7750894.5000
2022-01-13,11.3900,11.5200,11.2100,11.2400,548350,6203252.2000
2022-01-14,11.3300,11.5800,11.2400,11.2900,1211426,13814849.8200
2022-01-17,11.2000,11.4800,11.1900,11.3100,939989,10646760.8400
2022-01-18,11.3100,11.4800,10.6700,10.7200,1202190,13092041.1000
2022-01-19,10.7500,11.1900,10.7100,11.1500,849667,9397238.3800
2022-01-20,11.1400,11.2100,10.7000,10.7500,1019180,11038882.3000
2022-01-21,10.7000,10.9400,10.6100,10.6400,481961,5164579.4600
2022-01-24,10.5600,10.7900,10.4000,10.6600,506900,5400148.3000
2022-01-25,10.6600,10.6600,10.0500,10.0900,588660,6054749.4000
2022-01-26,9.9800,10.2400,9.8600,10.0900,624770,6282301.9000
2022-01-27,10.0900,10.2000,9.7100,10.0700,1336136,13311485.3000
2022-01-28,10.0600,10.5400,10.0500,10.3600,771090,7977191.3000
2022-02-07,10.4500,10.8600,10.4200,10.7400,671700,7177399.0000
2022-02-08,10.7000,10.9900,10.6000,10.8900,605350,6548950.0000
2022-02-09,10.8800,11.0300,10.7200,10.7800,491320,5320648.6000
2022-02-10,10.7800,11.0400,10.5500,11.0000,912500,9849452.7000
2022-02-11,10.9900,10.9900,10.6000,10.6000,658297,7057645.9000
2022-02-14,10.5000,11.0500,10.4400,10.8300,882770,9578845.8000
2022-02-15,10.8300,10.9900,10.7500,10.7900,696700,7539864.0000
2022-02-16,10.8000,11.0300,10.7900,10.9300,706880,7717394.1000
2022-02-17,10.9700,11.0600,10.7200,10.7700,561330,6100031.6000
2022-02-18,10.7700,10.9200,10.6400,10.8800,422300,4571473.0000
2022-02-21,10.8900,11.0000,10.7000,10.9200,832533,9022657.5800
2022-02-22,10.8600,11.0300,10.7500,11.0100,1147620,12509308.2000
2022-02-23,11.0800,11.2000,10.8300,11.0000,1198427,13146538.7600
2022-02-24,11.0000,11.1700,10.6700,10.8500,1217497,13296652.2700
2022-02-25,10.8900,11.1400,10.7000,10.7900,839316,9140267.9600
2022-02-28,10.8900,10.9500,10.6300,10.9300,677700,7337777.0000
2022-03-01,10.9400,11.2900,10.8500,11.2700,2053930,22812581.0000
2022-03-02,11.2700,11.3800,11.1900,11.3800,1319810,14914623.0000
2022-03-03,11.4000,11.7800,11.3400,11.6800,2167323,25119349.0000
2022-03-04,11.5100,11.6800,11.2900,11.4200,1454600,16759956.0000
2022-03-07,11.4000,11.5400,11.2000,11.3100,991786,11237109.0000
2022-03-08,11.2800,11.7100,10.8800,11.4000,2460940,27901881.0000
2022-03-09,11.5500,12.5400,11.3600,12.5400,5202377,62644861.0000
2022-03-10,13.7800,13.7900,13.7800,13.7900,8534088,117674662.0000
2022-03-11,12.4100,13.3200,12.4100,12.4900,12601503,159799244.0000
2022-03-14,11.7200,11.9700,11.4600,11.5700,8086690,94224276.0000
2022-03-15,11.3000,11.4100,10.4100,10.4100,6171386,66643002.0000
2022-03-16,10.4100,10.5200,9.9900,10.3200,4301260,44069556.0000
2022-03-17,10.3300,10.7000,10.3000,10.3300,4439293,46139609.0000
2022-03-18,10.2700,11.0600,10.1600,10.8700,5037613,54033059.1600
2022-03-21,10.9600,11.2600,10.9000,11.2300,3849104,42747950.8400
2022-03-22,11.2400,11.3400,10.9200,11.3100,2819680,31514251.2000
2022-03-23,11.2700,11.2700,11.0000,11.0300,1814690,20161002.4000
2022-03-24,11.0600,11.2500,10.9600,10.9600,1541590,17069224.7000
2022-03-25,11.0800,12.0600,11.0000,12.0600,3914350,45690229.9000
2022-03-28,12.6200,12.6200,11.7100,12.0900,6117130,73569021.3000
2022-03-29,12.0100,12.1800,11.8400,12.1200,3017870,36279419.3000
2022-03-30,12.1800,12.1800,11.8000,11.8500,2255006,26898809.0000
2022-03-31,11.8000,12.0800,11.7100,11.9400,2116230,25220246.4000
2022-04-01,11.8800,12.2800,11.7500,11.9200,2338130,28001149.3000
2022-04-06,11.9000,13.1100,11.8300,13.1100,3551120,45130213.1000
2022-04-07,12.3700,13.7500,12.2200,12.5000,6552720,83129392.0000
2022-04-08,12.4500,12.4800,12.0600,12.1200,3752710,46002538.0000
2022-04-11,12.1400,13.3300,12.1400,12.7000,9485124,124070560.2200
2022-04-12,12.4600,13.3300,12.2000,13.0900,10132540,128035048.4600
2022-04-13,13.0300,13.0700,12.2800,12.3300,6142190,77519990.8800
2022-04-14,12.3800,13.5600,12.3800,13.1900,11088947,146973359.1000
2022-04-15,12.8000,12.9000,12.4500,12.6700,7803620,98698794.7000
2022-04-18,12.0100,12.5400,11.7600,12.2700,3041460,37473148.9000
2022-04-19,12.4700,12.7900,12.1600,12.4600,2859370,35733737.6000
2022-04-20,12.2300,12.7600,11.8300,11.9300,2936650,35770279.4000
2022-04-21,11.7100,12.1400,11.0400,11.3000,3289410,37756648.2000
2022-04-22,11.1700,11.6500,10.9100,11.4100,2444100,27602946.1000
2022-04-25,11.1800,11.3600,10.2700,10.2800,2622830,28286869.9000
2022-04-26,10.1000,10.6100,9.7700,10.3000,3336647,34160167.7100
2022-04-27,10.0600,10.3500,9.6800,10.3500,2403510,24105845.2000
2022-04-28,10.3500,10.5300,9.9100,10.0400,1307815,13303961.9000
2022-04-29,10.0800,10.4100,9.9200,10.0500,2374205,23978342.7000
2022-05-05,10.0500,10.2200,9.8000,10.1300,1451880,14549996.8000
2022-05-06,9.8900,10.0700,9.7000,9.9200,1103790,10922735.9000
2022-05-09,9.8900,10.2000,9.8900,10.1100,942245,9480141.3000
2022-05-10,10.1000,10.3000,9.9000,10.1400,1374490,13872313.0000
2022-05-11,10.1000,10.3000,10.0000,10.0200,1510655,15364295.9500
2022-05-12,9.9700,10.3700,9.9000,10.2100,1444550,14688232.9000
2022-05-13,10.3000,10.7500,10.1300,10.5900,2196790,23044389.8000
2022-05-16,10.6800,11.1700,10.4000,10.9500,2418390,26189157.9000
2022-05-17,10.9500,12.0500,10.5600,12.0500,2990620,34257104.2000
2022-05-18,12.4300,13.1200,11.5500,12.2800,7997290,97761451.1000
2022-05-19,11.7900,12.0900,11.5900,11.9200,4349027,51527149.0500
2022-05-20,11.7600,11.9000,11.3600,11.5800,3313230,38413639.4000
2022-05-23,11.6300,12.1700,11.5800,12.1200,3478440,41407549.2000
2022-05-24,11.9100,12.0900,11.5300,11.5300,2404903,28236273.9700
2022-05-25,11.5300,12.6800,11.5300,12.5100,6254600,78181935.6000
2022-05-26,12.2000,13.1000,11.9700,12.3000,5284370,64893496.9000
2022-05-27,12.2100,12.3500,11.7800,12.0200,2675100,32146774.5000
2022-05-30,11.9900,12.0400,11.6400,11.8100,2202539,25915278.0200
2022-05-31,11.8000,11.8300,11.5400,11.6300,1902390,22178866.8000
2022-06-01,11.6300,12.7900,11.6300,12.7900,4628789,58421219.1100
2022-06-02,12.2400,13.5700,12.2300,13.0200,7915206,102437279.1000
2022-06-06,12.7800,13.0200,12.4200,12.9500,5172769,65660470.8800
2022-06-07,12.9400,13.0000,12.4400,12.5400,2522749,31794827.2200
2022-06-08,12.6300,12.7200,12.0000,12.4800,2457601,30220333.6400
2022-06-09,12.4500,12.6000,12.1000,12.5800,2215600,27405094.0000
2022-06-10,12.7200,13.5600,12.4200,12.8000,3431655,43644620.9000
2022-06-13,12.8200,13.1800,12.3000,12.8600,3487100,44386777.1000
2022-06-14,12.7400,14.0500,12.7300,13.3000,5506204,73121300.4300
2022-06-15,12.9900,13.2500,12.7500,12.8700,3404760,44005239.2000
2022-06-16,12.6800,13.6000,12.6000,13.1100,3464680,45473575.5000
2022-06-17,13.1000,13.2200,12.8100,13.1400,2280510,29689610.2000
2022-06-20,13.3500,14.4200,13.2900,13.8300,4699917,64892661.0600
2022-06-21,13.8800,13.9900,13.3500,13.7700,2665935,36296728.2500
2022-06-22,13.6000,14.1900,13.3600,13.7000,2074215,28369056.0000
2022-06-23,13.7700,13.8200,13.1200,13.4500,1751490,23500034.6000
2022-06-24,13.4200,13.4900,13.1600,13.4000,1506819,20055947.0500
2022-06-27,13.5300,13.8000,13.1300,13.2200,2319888,30952352.2400
2022-06-28,13.2200,13.2800,13.0100,13.1700,1298407,17111887.7500
2022-06-29,13.2000,13.4500,12.9900,13.2900,1681278,22290608.0000
2022-06-30,13.2000,13.3700,12.7500,12.8800,1756906,22762099.7000
2022-07-01,12.9400,13.0000,12.7200,12.8600,1090613,14036633.3800
2022-07-04,12.9400,13.2400,12.7800,13.1800,859385,11268787.6100
2022-07-05,13.1800,13.4900,13.0000,13.4600,1179610,15661122.1000
2022-07-06,13.5000,13.8100,13.1200,13.5000,1527926,20519626.9000
2022-07-07,13.5000,14.3800,13.3100,14.0500,2642470,36926113.7600
2022-07-08,14.2800,15.4600,14.1500,15.4600,4498727,67625539.8200
2022-07-11,15.0300,15.4300,13.9100,13.9100,2395280,34072665.8000
2022-07-12,12.5200,12.9300,12.5200,12.5200,6345031,79782098.9000
2022-07-13,12.2000,12.8700,12.0400,12.6600,2997672,37343729.3800
2022-07-14,12.8500,13.9300,12.3000,13.9300,5301825,70019320.7700
2022-07-15,13.9700,14.8400,13.3100,13.5800,5034663,70613033.7700
2022-07-18,13.8800,14.2800,13.6000,13.7600,3114745,43366120.4000
2022-07-19,13.8900,14.3000,13.7500,14.2300,2712749,38211719.7200
2022-07-20,14.2700,14.3800,13.5200,13.7900,2326118,32192792.7000
2022-07-21,13.7600,14.0700,13.5600,13.5900,1837770,25298305.0000
2022-07-22,13.6000,13.8300,13.1500,13.2500,1641330,21960552.0000
2022-07-25,13.4400,13.4500,13.0600,13.0700,987930,13084779.6000
2022-07-26,13.0300,13.0400,12.4600,12.9700,2256900,28714831.3000
2022-07-27,12.9500,13.5600,12.8100,13.0700,2294695,30220528.2500
2022-07-28,13.1300,13.3900,12.6400,12.7700,3391939,43902127.1300
2022-07-29,12.7900,12.9500,12.4000,12.6200,1259764,16031405.3000
2022-08-01,13.8800,13.8800,13.8800,13.8800,661710,9184534.8000
2022-08-02,15.2700,15.2700,15.2700,15.2700,1122970,17147751.9000
2022-08-03,16.8000,16.8000,16.8000,16.8000,1002790,16846872.0000
2022-08-04,18.4800,18.4800,18.4800,18.4800,1192583,22038933.8400
2022-08-05,20.3300,20.3300,20.3300,20.3300,909765,18495522.4500
2022-08-08,18.3000,18.3000,18.3000,18.3000,1238000,22655400.0000
2022-08-09,16.4700,16.4700,16.4700,16.4700,1344000,22135680.0000
2022-08-10,16.1800,16.8000,15.4100,15.5700,14127418,225284496.5700
2022-08-11,15.5600,15.7900,15.0600,15.1800,7574810,116404917.4800
2022-08-12,15.1700,16.7000,14.9500,16.7000,9622428,153926017.9200
2022-08-15,17.0000,18.3700,16.7800,18.3700,7108149,128421212.4800
2022-08-16,19.6000,20.2100,18.0000,20.2100,9227906,181545424.3000
2022-08-17,21.0600,22.2300,21.0600,22.2300,2246789,49080890.7700
2022-08-18,24.0000,24.4500,20.1000,22.7400,15674102,367220540.2600
2022-08-19,23.9000,24.8000,22.0000,22.3000,10712497,248258266.8800
2022-08-22,22.2400,24.5300,22.2400,24.5300,10437222,244923836.4600
2022-08-23,23.8800,26.9800,23.8500,26.5100,8771189,222329336.8200
2022-08-24,26.0000,26.4700,24.0000,25.5500,6895422,174612627.1600
2022-08-25,25.5300,26.5600,24.8000,25.2500,4403496,112162717.4800
2022-08-26,24.9600,25.2500,23.3000,23.3300,4989220,120085693.1000
2022-08-29,23.3300,24.0500,23.0900,23.1400,4316811,101523689.2200
2022-08-30,23.0500,23.2100,21.9600,22.5000,3039766,68555951.0600
2022-08-31,22.5100,22.5100,20.2500,20.2500,4967010,103537139.5800
2022-09-01,19.4000,20.5900,19.4000,19.9100,3958509,79578905.2300
2022-09-02,20.2000,21.9000,20.1600,21.9000,3273810,68678942.7000
2022-09-05,23.0000,24.0900,22.3400,24.0900,2901640,68666241.1000
2022-09-06,25.9800,26.5000,24.7400,26.5000,8893153,229459330.0000
2022-09-07,27.0400,29.1500,27.0400,29.1500,11210463,319218840.8800
2022-09-08,29.2600,31.0800,28.0000,28.9900,11461313,337892279.5300
2022-09-09,29.1200,29.2500,27.3300,27.5100,5977450,167432164.3600
2022-09-13,28.3400,30.2600,27.8400,30.2600,9182526,269770249.0800
2022-09-14,29.0100,31.8400,28.5200,29.3700,12139966,365189094.0200
2022-09-15,29.0500,29.7700,26.4300,26.4300,5812113,159422220.4900
2022-09-16,25.5000,28.1500,25.0000,27.4400,7895206,214006442.2200
2022-09-19,26.6000,28.2800,24.7000,26.7200,8410320,223857342.4600
2022-09-20,27.2500,27.9500,26.0000,27.1800,5111612,138337512.9100
2022-09-21,27.0000,27.7200,26.2700,26.6600,3987132,106990193.6100
2022-09-22,27.2000,29.3300,26.8800,29.3300,6029552,174238328.2600
2022-09-23,29.8800,31.3800,27.1300,27.4500,11556870,328646145.9900
2022-09-26,27.0500,28.2000,26.0800,27.0400,6950767,189214405.0700
2022-09-27,27.3000,27.8000,26.3300,27.6000,6002325,163811611.6000
2022-09-28,27.4600,28.5000,26.1000,26.2200,5213476,140604290.3600
2022-09-29,26.5300,26.7100,25.3200,25.9600,4049730,105844464.5000
2022-09-30,26.0200,26.3300,25.0700,25.4400,3648314,93053120.9600
2022-10-10,26.0500,27.8500,25.7400,27.1100,5773537,155029865.8700
2022-10-11,26.0100,27.1100,26.0100,26.4700,3768200,99508595.0000
2022-10-12,26.4800,27.0000,25.5200,26.8800,3770357,99363297.5400
2022-10-13,26.8900,28.5000,26.7100,26.9000,4122153,112851155.3100
2022-10-14,26.9900,27.1500,26.0200,26.4100,3029030,79816680.2000
2022-10-17,25.5900,26.2400,24.6000,25.4600,3293850,83628552.0000
2022-10-18,25.5500,25.9600,25.2000,25.7700,2249263,57662360.2800
2022-10-19,25.7000,25.7900,24.8500,25.1300,2251760,56930636.2000
2022-10-20,25.1300,25.1300,24.0000,24.2600,2271520,55427919.1000
2022-10-21,24.2800,26.6900,24.2600,26.6900,4543500,118315133.7500
2022-10-24,27.8900,27.8900,25.2200,25.5500,5772844,149823520.0200
2022-10-25,25.1700,26.5000,24.9100,25.5800,3609679,92968889.9200
2022-10-26,25.1000,26.2000,25.1000,25.6800,2238838,57627339.9000
2022-10-27,26.0000,26.3800,25.0000,25.9700,3018098,78095536.1600
2022-10-28,24.9800,25.6200,24.9800,25.3300,2492830,63013333.5000
2022-10-31,24.7000,25.7300,24.3600,24.8000,2053850,51231700.2000
2022-11-01,25.0600,25.7400,24.8600,25.4000,1681273,42489347.3100
2022-11-02,25.0300,25.6800,24.9400,25.6200,2291453,57895742.7900
2022-11-03,25.2400,28.1800,25.2400,28.1800,7326430,198618620.3000
2022-11-04,28.3000,31.0000,28.3000,31.0000,7805051,233038837.4000
2022-11-07,33.0000,34.1000,29.8700,34.1000,9417025,301656069.8900
2022-11-08,34.3000,37.5100,33.3300,36.2000,13377184,482265877.3900
2022-11-09,36.6200,37.2200,35.2000,35.7000,7061623,252964141.1600
2022-11-10,35.9200,38.5500,35.3400,36.2400,9284422,343512394.6800
2022-11-11,36.0600,37.8500,35.1100,35.3400,5775862,208720061.6200
2022-11-14,36.0000,36.8500,35.4400,35.8200,4795421,173050010.6100
2022-11-15,35.8700,39.3000,34.8500,38.5000,6587243,245644187.9000
2022-11-16,38.5000,38.9800,37.0600,37.1000,3804470,144124886.5300
2022-11-17,37.1000,37.7100,36.3800,37.4000,2873985,107324626.4000
2022-11-18,37.4000,38.3800,36.7500,37.8800,2676494,100713456.5700
2022-11-21,38.0100,41.6700,37.8100,41.6700,3941519,158673430.6000
2022-11-22,43.0000,44.6200,41.8000,44.2200,7147302,310377529.6400
2022-11-23,44.0000,45.1000,42.2200,43.7500,5387950,234285876.9500
2022-11-24,43.7700,48.1300,42.4300,46.9600,8460413,391541662.3700
2022-11-25,47.9000,47.9000,44.0000,44.4300,5664090,255674046.7400
2022-11-28,44.0000,46.2900,42.8200,44.1000,4488529,200624100.4700
2022-11-29,43.6200,44.8000,43.1200,43.3500,3561890,156383261.6000
2022-11-30,43.3600,45.0000,43.0000,44.4800,2881726,126894439.7600
2022-12-01,43.9100,47.1300,43.2000,45.8000,4418478,200927681.9700
2022-12-02,45.4500,47.9000,45.4500,45.8200,3452385,160973394.4800
2022-12-05,45.6000,46.6300,45.0700,46.4500,2835720,130495188.0000
2022-12-06,46.5100,51.1000,46.2600,51.1000,5263258,259403492.0700
2022-12-07,51.1000,55.2600,50.2000,53.6500,6399347,341006507.2300
2022-12-08,53.0700,56.6500,52.9000,55.5500,4261129,234757988.7500
2022-12-09,55.0000,55.6500,53.0000,54.7700,3566170,194161674.4100
2022-12-12,54.7700,57.2800,54.5000,56.2000,2740219,153720309.3900
2022-12-13,56.2100,56.3600,54.2000,54.4000,2847534,156752882.2200
2022-12-14,55.0400,58.3800,54.6200,57.5300,3487180,198169645.9400
2022-12-15,58.1100,58.5700,56.0000,57.7400,2437330,139429605.5600
2022-12-16,57.0000,57.4500,52.0800,52.3000,4925741,267152841.5800
2022-12-19,52.6900,53.9800,51.0000,52.5500,3690600,194948221.9000
2022-12-20,52.1100,52.8500,47.4000,47.5000,6629911,323962832.4400
2022-12-21,47.9500,47.9500,42.7500,42.7500,5220292,227808280.4900
2022-12-22,42.3200,47.0300,40.2900,46.5500,11902834,525926425.0700
2022-12-23,47.3800,48.8800,46.0000,46.4000,8284103,393731107.1600
2022-12-26,47.4900,51.0400,47.3300,51.0400,3677638,183884646.7200
2022-12-27,53.8000,56.1400,53.4900,56.1400,2646980,145911300.9600
2022-12-28,59.9900,60.9900,53.1500,56.3000,10221206,574405552.7000
2022-12-29,54.8800,56.1900,53.0500,53.5000,4617850,251808916.8000
2022-12-30,54.0000,54.9700,52.1000,53.0900,4341917,232904831.8900
2023-01-03,53.0900,55.8800,51.1500,54.9700,4972550,267724975.7000
2023-01-04,55.1100,55.3200,53.6000,54.2000,2189600,118858189.9000
2023-01-05,55.0000,55.3500,53.0500,53.8100,2793010,151901948.1000
2023-01-06,53.8300,57.8800,53.5700,56.6700,4740567,264960466.5600
2023-01-09,56.0100,57.5700,53.9000,56.8900,4579820,257639404.7000
2023-01-10,56.8800,60.4400,56.0500,57.6000,4677754,272052785.9400
2023-01-11,57.0100,62.9800,56.1900,60.5600,6013886,360535399.0000
2023-01-12,61.0000,65.9000,59.9000,59.9600,7275860,449807786.2000
2023-01-13,61.0200,62.0000,56.6900,57.1600,5152290,303894768.6900
2023-01-16,57.3900,58.4500,55.8100,56.5700,3827275,217296782.4000
2023-01-17,56.6000,58.5800,55.5000,56.0500,3227250,183618621.7000
2023-01-18,55.7700,56.9600,55.1600,56.1200,2130650,119318228.8000
2023-01-19,55.2400,56.5000,54.3000,55.2400,1835950,101663891.0000
2023-01-20,55.9800,56.8000,54.0000,55.4800,2514250,140688027.8600
2023-01-30,57.9900,61.0300,57.0000,61.0300,3510620,210291352.1000
2023-01-31,61.0300,62.4000,60.0000,61.2200,3922984,239847705.4200
2023-02-01,61.3000,62.9900,59.2600,61.5700,2544429,156128631.1100
2023-02-02,61.6000,63.0000,60.4000,61.0100,2453807,150931658.9800
2023-02-03,61.0000,61.0900,58.3000,59.4400,2425167,144486245.0000
2023-02-06,59.4400,60.0800,57.7000,58.4400,1581370,92650087.3000
2023-02-07,59.0000,59.0000,55.7900,56.7800,2555230,145290042.2000
2023-02-08,56.7800,60.3500,56.1500,59.3000,4155602,244838860.7500
2023-02-09,58.1000,60.2000,57.8000,58.1000,2778052,163155833.7000
2023-02-10,58.1000,58.2000,55.7000,56.6000,2295090,130229800.0000
2023-02-13,56.0000,57.7000,55.3000,55.6000,2721961,153141247.1400
2023-02-14,55.9400,55.9400,53.8800,54.3000,2749018,149938901.4000
2023-02-15,54.3100,55.2000,52.7600,54.2100,2509990,135605638.2000
2023-02-16,54.0600,54.4900,51.6600,51.7000,3527260,186956121.8000
2023-02-17,51.9600,52.1900,50.8300,51.7500,1574990,81229272.7000
2023-02-20,51.6100,51.7300,47.7300,50.5000,2587550,129467493.4000
2023-02-21,50.3500,52.0800,50.1700,51.2500,2187390,111805186.6000
2023-02-22,51.2600,51.4700,48.7300,49.3000,2688640,133632187.8000
2023-02-23,49.5400,49.8800,47.1000,48.0000,4397480,211571067.2000
2023-02-24,48.3500,48.4500,47.2100,47.6000,1940760,92433259.0000
2023-02-27,47.6100,52.3600,47.6100,49.3300,9907886,496498668.3400
2023-02-28,47.8500,48.4800,46.5500,47.1000,6245196,297134095.9600
2023-03-01,47.0100,48.1000,45.9700,47.4300,3336057,157443663.0400
2023-03-02,47.4000,48.9300,46.6500,48.6100,2998400,143154222.0000
2023-03-03,48.6100,49.5700,47.5300,48.0500,2302960,110680918.6000
2023-03-06,48.2500,49.4800,47.0000,48.6000,2906310,141155163.5000
2023-03-07,48.6100,49.3000,47.5300,47.8900,2226512,107025730.2200
2023-03-08,47.0400,48.2900,46.8300,47.2000,1883600,88929697.9000
2023-03-09,47.4800,47.4800,46.4400,46.8000,1061560,49638486.3000
2023-03-10,46.7900,46.7900,44.3000,45.9100,1906728,86736148.5000
2023-03-13,45.6000,47.9900,45.4500,47.1100,2422980,113216203.5000
2023-03-14,46.7800,47.8700,45.2000,45.7900,1476590,68201868.9000
2023-03-15,45.6000,47.1000,45.4900,45.8000,1205400,55641875.0000
2023-03-16,45.0400,45.8500,43.4500,43.7600,2630250,116490398.5500
2023-03-17,44.1900,44.3000,42.8500,43.4500,2173600,94607380.0000
2023-03-20,43.7200,44.1000,41.5000,42.6000,3350070,142762561.7000
2023-03-21,42.8800,44.0000,42.8000,43.4600,2251030,97653814.0000
2023-03-22,43.4600,43.7600,41.5800,41.7000,2485968,105223578.6400
2023-03-23,41.7400,42.0600,40.1000,40.4300,2673170,109229613.1000
2023-03-24,40.4300,41.2800,39.8400,40.4500,2480511,100600069.7300
2023-03-27,40.5900,41.6400,40.0000,40.8600,3132328,127636150.5800
2023-03-28,41.0500,41.8900,39.9000,40.1500,2622689,107086541.7900
2023-03-29,40.3500,40.4900,38.7100,39.7000,2726268,107690075.5200
2023-03-30,39.2100,39.7500,38.9200,39.0000,1867660,73237007.5000
2023-03-31,39.2700,40.8500,38.8800,39.9200,2829358,113364675.7600
2023-04-03,39.8400,40.5500,39.2600,40.3500,2217881,88462459.1500
2023-04-04,40.1900,40.4000,39.0500,39.5500,1931340,76451927.0600
2023-04-06,39.7000,40.2000,39.0500,39.7900,1443049,57206930.1700
2023-04-07,39.5700,40.1700,39.0000,39.3700,1127530,44620439.4000
2023-04-10,39.6600,39.6600,38.1100,38.1100,1928920,74553286.2000
2023-04-11,38.2500,38.3700,37.5600,38.1600,1483337,56256494.7200
2023-04-12,38.3000,38.5600,37.6000,37.7200,1039756,39532355.2700
2023-04-13,37.6000,38.1200,37.2000,37.2800,1075000,40340372.0000
2023-04-14,37.1200,37.7500,37.0100,37.0500,883530,32902005.4000
2023-04-17,36.8100,37.8300,36.6600,37.0900,1840480,68762681.0000
2023-04-18,37.2500,37.4000,36.1000,36.3700,1387690,50728375.9000
2023-04-19,36.5500,36.5500,35.3900,35.4200,1181100,42273749.0000
2023-04-20,35.4700,35.6500,34.2600,34.6500,1607320,55690908.6000
2023-04-21,35.1300,35.3500,33.8400,33.9600,1501230,51984451.0000
2023-04-24,33.5300,34.1900,33.5300,34.0800,1801860,61116566.8000
2023-04-25,34.2000,34.4000,32.6100,33.1000,1485090,49407764.3000
2023-04-26,33.4100,34.8000,32.9500,34.1600,2085400,71190186.5000
2023-04-27,34.0000,35.3500,33.8000,34.7800,1930290,67186712.8000
2023-04-28,34.6900,34.9900,33.4000,34.0700,1421860,48282640.8500
2023-05-04,33.9800,35.5000,33.7400,35.0700,1931650,67571098.6000
2023-05-05,35.2400,35.2400,33.5100,33.8200,1463400,49672260.0000
2023-05-08,33.8200,34.8500,33.8100,34.0000,1243740,42469231.2000
2023-05-09,34.3400,34.3400,32.3100,32.5200,1557240,51318683.7000
2023-05-10,32.6700,34.2800,32.1000,33.7500,2224150,73844513.0000
2023-05-11,34.0900,34.1500,32.8800,32.9200,1533490,51211290.2000
2023-05-12,32.9800,33.4900,32.3100,32.3400,982600,32209940.0000
2023-05-15,32.7300,34.0500,32.2200,33.4600,1631849,54508084.0100
2023-05-16,33.4600,35.5000,33.2500,34.1900,2131950,73403610.0000
2023-05-17,34.2000,35.9000,34.0500,34.3500,2760410,96231618.1000
2023-05-18,34.5800,34.5800,33.2600,33.3400,1474900,49593303.8000
2023-05-19,33.3400,34.4000,33.0000,34.0400,1153238,38870004.8400
2023-05-22,34.0100,34.6600,33.6000,34.3700,1677368,57338574.9000
2023-05-23,34.5500,36.0700,34.2500,34.4000,2668700,93186925.0000
2023-05-24,34.0000,37.8400,33.4500,37.8400,3940024,141369736.5800
2023-05-25,37.5300,40.8700,36.8300,38.9700,11488087,447289003.5100
2023-05-26,38.1700,38.3000,36.2700,36.7100,6164191,227529513.7000
2023-05-29,36.7000,36.7000,35.2500,35.5500,4331396,154774569.1600
2023-05-30,35.3600,36.6700,34.7200,35.1300,3216224,114160041.9200
2023-05-31,35.1100,35.7000,34.2000,34.7900,2372500,83120559.7000
2023-06-01,34.7900,35.3800,33.6400,33.7400,2630440,90074187.5000
2023-06-02,33.7500,34.8900,33.0500,34.0600,2109630,71961724.5000
2023-06-05,34.0000,34.0100,32.8000,32.8800,1969000,65371149.0000
2023-06-06,32.8000,33.0700,31.4000,31.6000,2246614,71986192.1000
2023-06-07,31.6300,31.6900,30.7600,31.2500,1529274,47622706.1600
2023-06-08,31.2500,31.7300,30.7000,31.0100,1298200,40422467.0000
2023-06-09,31.0800,34.1100,30.8400,34.1100,2675777,88365701.4700
2023-06-12,35.2800,35.2800,33.4200,34.8800,4654677,160298156.9100
2023-06-13,35.1800,37.2800,35.1800,35.9900,3758337,136574790.0000
2023-06-14,36.5400,36.8300,35.6000,35.6900,1988795,71474559.9000
2023-06-15,35.8000,37.2500,35.5000,36.8700,2618695,95769392.7000
2023-06-16,36.8600,37.5800,36.6200,36.7600,2086160,77059458.7000
2023-06-19,36.7500,37.3000,35.9400,36.3500,1772090,64773912.2000
2023-06-20,36.3200,36.7500,35.9500,35.9900,1251307,45292363.7500
2023-06-21,35.8200,36.6300,35.1700,35.1700,1451400,51960854.0000
2023-06-26,35.1800,36.4600,34.6000,35.2900,1854800,65758508.5000
2023-06-27,35.4000,37.2900,35.1900,36.0600,2977750,107623972.6000
2023-06-28,35.6500,36.8000,35.0700,36.5000,2268760,81341647.6000
2023-06-29,36.1300,37.0700,35.6500,35.8800,1968580,71070628.6000
2023-06-30,35.7100,37.0700,35.4200,36.8600,2311480,84226580.4000
2023-07-03,36.9000,37.2400,36.1700,36.8800,1651800,60546821.0000
2023-07-04,36.7200,37.1000,36.4500,36.9400,1117437,41096904.3100
2023-07-05,36.8600,37.4100,36.2200,36.7500,1262060,46362599.4000
2023-07-06,36.7600,36.9600,36.2400,36.7500,993620,36364232.0000
2023-07-07,36.3800,37.0900,36.2100,36.2100,992700,36270695.0000
2023-07-10,36.1500,37.1600,36.1500,36.5800,888300,32577397.0000
2023-07-11,36.6500,37.4000,35.9000,37.2200,1513190,55545435.0000
2023-07-12,37.1100,37.4300,36.5700,36.6700,1124837,41488462.3500
2023-07-13,36.6300,36.9100,36.1500,36.3900,927687,33844377.7100
2023-07-14,36.3600,36.6500,35.2400,35.3400,1322590,47486339.3000
2023-07-17,34.5000,35.2300,34.0000,34.5900,1080410,37344112.0000
2023-07-18,34.4000,34.5700,33.4600,34.0800,1020650,34636509.0000
2023-07-19,34.0900,34.3000,33.5400,33.6200,575040,19430073.0000
2023-07-20,33.6200,35.0600,33.6000,33.6400,918700,31394540.0000
2023-07-21,33.8000,34.0500,33.1100,33.1200,568000,19038715.0000
2023-07-24,32.9100,33.3400,32.5400,32.8300,673350,22184484.0000
2023-07-25,32.9200,34.2000,32.9200,33.4100,797950,26775286.0000
2023-07-26,33.3800,33.5000,32.9000,33.2900,620140,20614980.8000
2023-07-27,33.1400,33.5500,32.7000,32.7700,731150,24137720.5000
2023-07-28,32.8100,33.2000,32.5700,32.9700,870130,28682872.1000
2023-07-31,33.0000,33.3200,32.0000,32.2300,1045900,33874036.0000
2023-08-01,32.2300,32.4100,31.4900,31.5900,1144760,36410516.8000
2023-08-02,31.5900,31.7700,31.2800,31.5300,678740,21370011.5000
2023-08-03,31.4900,32.8200,31.3500,31.9200,1007530,32314296.3000
2023-08-04,32.2700,32.3500,31.3000,31.4100,1061300,33535969.0000
2023-08-07,31.4200,31.7200,31.1000,31.5000,615800,19338612.0000
2023-08-08,31.4600,31.6000,30.7000,30.7700,746400,23230007.0000
2023-08-09,30.8700,30.9700,30.3900,30.7100,724920,22228156.0000
2023-08-10,30.8100,31.2800,30.5900,31.2400,586300,18126141.0000
2023-08-11,31.2400,31.2400,30.0000,30.1600,700317,21352352.3200
2023-08-14,30.2600,30.3800,29.4700,30.3600,770700,22985389.0000
2023-08-15,30.3800,30.3800,29.4100,29.8000,831590,24700035.3000
2023-08-16,29.5000,30.2400,29.3500,29.3500,848050,25198191.8000
2023-08-17,29.3500,30.1300,28.9100,29.9500,913270,27037999.2000
2023-08-18,29.9000,30.3700,29.4500,29.4500,521970,15573606.6000
2023-08-21,29.3000,29.5000,28.8000,28.9000,611080,17790728.8000
2023-08-22,29.0700,29.2500,28.3300,28.9800,750700,21594211.0000
2023-08-23,29.0300,29.0300,28.2000,28.2500,631249,18000916.7800
2023-08-24,28.6800,29.5500,28.0700,29.2800,1085490,31471458.0000
2023-08-25,29.2100,29.3400,28.0300,28.3500,955793,27423392.8200
2023-08-28,29.8400,29.9500,27.6200,27.7600,1194040,33956849.8000
2023-08-29,27.6700,28.9600,27.6700,28.8500,1352000,38430382.5000
2023-08-30,28.8000,29.6800,28.8000,29.1200,1103730,32305079.6000
2023-08-31,28.9900,29.3900,28.5800,28.7700,686610,19751364.6000
2023-09-01,28.6800,29.4800,28.6000,28.7700,648720,18705445.0000
2023-09-04,28.9200,28.9200,28.3200,28.6900,668330,19078262.2000
2023-09-05,28.6700,29.4300,28.4000,29.0400,1025229,29583952.8500
2023-09-06,28.8900,29.6800,28.5500,29.1600,1180400,34254299.0000
2023-09-07,29.3100,29.3800,28.1000,28.1900,1150800,32781017.0000
2023-09-08,28.0800,28.4700,27.7900,27.8600,501050,14023589.5000
2023-09-11,27.8400,28.8000,27.5600,28.6600,953250,27132749.0000
2023-09-12,28.8000,29.7600,28.5100,29.1400,1146810,33482764.9000
2023-09-13,28.9900,29.6000,28.5600,28.8800,903800,26060825.0000
2023-09-14,28.8800,29.0900,27.9700,28.0400,906290,25724823.4000
2023-09-15,28.0800,28.3800,27.8000,27.9300,632200,17739251.0000
2023-09-18,27.6700,28.5500,27.5800,28.0600,706680,19906686.1000
2023-09-19,28.3800,28.3800,27.2600,27.3300,796186,21907988.0800
2023-09-20,27.3700,27.8200,27.2600,27.2900,787390,21651050.1000
2023-09-21,27.4800,27.8700,25.9800,26.3400,1394000,37006077.0000
2023-09-22,26.5400,27.3700,26.4400,27.3000,1357961,36550728.3300
2023-09-25,27.6300,27.6300,26.7000,27.4300,818200,22159685.0000
2023-09-26,27.3500,27.5200,26.9300,27.1500,622800,16930517.0000
2023-09-27,27.1500,28.0800,27.1100,27.6300,899400,24958893.0000
2023-09-28,27.7300,27.8200,26.9700,27.1100,779400,21185560.0000
2023-10-09,27.3600,27.3600,26.4800,26.6300,717700,19162111.0000
2023-10-10,26.6400,26.9700,26.2200,26.2900,695061,18440908.5500
2023-10-11,26.2900,26.9400,26.2600,26.4100,920780,24522058.3000
2023-10-12,26.5100,26.6800,26.0900,26.5500,797000,21060387.0000
2023-10-13,26.5400,26.5500,25.8300,25.9700,668400,17409409.0000
2023-10-16,26.0700,26.1700,25.5000,25.6200,645975,16589062.2500
2023-10-17,25.6700,25.9800,25.0400,25.3200,838530,21217399.3000
2023-10-18,25.3200,25.3200,24.5300,24.6200,878359,21768280.9500
2023-10-19,24.8000,24.9000,24.2000,24.3900,815299,19939978.8400
2023-10-20,24.1200,24.9100,23.5200,23.9300,1549300,37668093.0000
2023-10-23,23.9300,23.9700,23.2200,23.5200,1441800,33918361.0000
2023-10-24,23.6500,24.4300,23.2100,24.3600,1476630,35440086.1000
2023-10-25,24.4500,25.1000,24.3000,24.9700,1054630,26272706.8000
2023-10-26,25.0300,25.0300,23.9300,24.3900,1251330,30406185.2000
2023-10-27,24.4900,25.3300,24.0900,25.1900,1016410,25207906.0600
2023-10-30,25.0800,25.5800,24.9200,25.3400,1121290,28193400.2200
2023-10-31,25.3300,25.5300,24.9900,25.2000,797298,20052149.4800
2023-11-01,25.4900,25.5600,25.1500,25.3000,606250,15370352.5000
2023-11-02,25.3100,25.5000,24.6200,24.6600,699400,17402135.5000
2023-11-03,24.8200,25.3900,24.5800,25.1000,766569,19262402.4700
2023-11-06,25.1000,25.6600,24.7000,25.1000,1658391,41508761.8800
2023-11-07,25.0100,25.1900,24.6000,24.8900,1249800,31031999.0000
2023-11-08,24.9500,25.0700,24.4500,24.5600,1045120,25778934.4000
2023-11-09,24.5500,24.9900,24.4300,24.4500,1724500,42578480.5000
2023-11-10,24.4500,24.6000,23.6900,23.9100,1422267,34101721.9200
2023-11-13,24.1000,24.2300,23.7500,24.0600,1197230,28711047.8000
2023-11-14,24.0400,24.4700,23.8700,24.1300,837000,20174320.0000
2023-11-15,24.3700,24.7700,24.1300,24.5100,1268600,31045173.0000
2023-11-16,24.5100,24.6300,23.7600,23.8600,1451800,34980610.0000
2023-11-17,23.8600,24.2500,23.4000,24.2300,1006430,24001403.7000
2023-11-20,24.3700,25.1800,24.2300,24.9800,1996590,49368499.6000
2023-11-21,24.9800,25.2200,24.7600,24.9900,1258300,31458236.0000
2023-11-22,25.1300,25.1800,24.6300,24.6700,920200,22833020.0000
2023-11-23,24.6800,24.8600,24.4800,24.5400,760300,18691639.0000
2023-11-24,24.7100,24.7100,23.9700,24.1700,724975,17515349.0000
2023-11-27,24.1800,24.3600,23.7800,23.9500,1166540,28000585.6000
2023-11-28,23.7100,23.9800,23.4900,23.6200,1180280,28011177.1000
2023-11-29,23.5600,23.6900,23.0100,23.0900,1072860,24983779.4000
2023-11-30,23.2700,23.3500,22.3200,22.5300,1469070,33195312.6000
2023-12-01,22.5700,22.7100,22.1800,22.3200,1035900,23231486.0000
2023-12-04,22.3900,22.4700,22.0800,22.1500,861600,19177266.0000
2023-12-05,22.4800,22.4800,21.7000,21.7000,1149000,25213618.0000
2023-12-06,21.7000,22.2700,21.6100,22.0200,1257060,27661363.8000
2023-12-07,22.0200,22.1600,21.6100,21.8000,927600,20259428.0000
2023-12-08,21.8900,21.9200,21.3300,21.3800,891100,19176382.0000
2023-12-11,21.3100,21.4000,20.9800,21.3600,1321100,27993667.0000
2023-12-12,21.4000,21.6000,21.2600,21.5000,877009,18743336.5200
2023-12-13,21.5400,21.5600,21.1000,21.1100,968430,20617256.3000
2023-12-14,21.1100,21.3000,21.0100,21.0700,614700,13000011.0000
2023-12-15,21.0800,21.2600,20.8100,20.9000,676430,14231840.7000
2023-12-18,20.9500,20.9900,20.4900,20.6000,917700,19029465.0000
2023-12-19,20.7600,20.8900,20.5100,20.7000,847400,17532947.4000
2023-12-20,20.7000,20.9500,20.3100,20.3500,844700,17386584.0000
2023-12-21,20.6000,20.8800,20.0200,20.6300,1201329,24575487.2500
2023-12-22,20.7100,20.9700,20.2600,20.3800,993100,20367902.0000
2023-12-25,20.4000,20.4000,19.9000,20.0200,938600,18806300.0000
2023-12-26,20.1200,20.1500,19.7200,19.8400,905100,18000618.0000
2023-12-27,19.8800,20.0000,19.5500,19.7400,1204760,23782774.8000
2023-12-28,19.8300,21.2600,19.6100,20.9200,2749261,56656934.4600
2023-12-29,21.0000,21.2600,20.7000,21.2600,2188130,45873559.6000
2024-01-02,21.2500,21.3000,20.7100,21.0400,1556731,32705368.2500
2024-01-03,21.0400,21.2800,20.7100,20.9800,1199909,25167439.5500
2024-01-04,20.8500,21.0800,20.7000,20.8100,794200,16536989.0000
2024-01-05,20.8100,20.8100,19.9200,20.0200,1285400,26106003.0000
2024-01-08,19.9500,20.4000,19.7000,19.7000,1320100,26373591.0000
2024-01-09,19.7600,20.5900,19.6200,19.9900,1248101,25059607.9800
2024-01-10,19.9200,21.7200,19.6000,20.5400,3343539,69228813.5600
2024-01-11,20.4300,22.5900,20.4300,22.5900,2307100,50787135.0000
2024-01-12,22.8000,24.8500,22.8000,24.8500,6103962,144803738.7000
2024-01-15,27.3400,27.3400,27.3400,27.3400,1756268,48016367.1200
2024-01-16,29.5700,30.0700,28.0000,30.0700,8877022,260982489.0400
2024-01-17,31.4100,33.0000,27.0600,28.4400,19739231,575374975.5700
2024-01-18,25.6000,26.8800,25.6000,25.6000,11800671,306007961.4100
2024-01-19,24.1100,24.6300,23.0400,23.0400,9558871,223280343.5500
2024-01-22,23.0400,23.0400,20.7400,20.7400,8904066,193406796.9800
2024-01-23,20.2900,21.2700,19.7100,20.6300,7513080,154007658.0200
2024-01-24,20.7400,20.9700,19.5000,20.2500,6209463,125711587.5900
2024-01-25,20.2000,20.5700,19.7000,20.4500,5323429,107423623.2200
2024-01-26,20.3800,21.0000,19.8500,19.9800,3997061,81232585.3200
2024-01-29,19.9800,20.0200,18.5400,18.6500,4321925,82287761.2300
2024-01-30,18.0000,18.6200,17.7500,17.8200,3331271,60453445.8700
2024-01-31,17.8800,18.1000,16.6800,16.7300,2767500,47910674.0000
2024-02-01,16.6700,18.4000,16.5400,18.4000,1538800,27283201.0000
2024-02-02,19.8000,19.8000,16.6600,17.3300,8092189,149075314.3400
2024-02-05,17.2400,17.5500,15.6000,15.6000,4702000,75834064.5200
2024-02-06,14.0500,15.9500,14.0400,15.0500,5247023,77037415.6000
2024-02-07,14.9000,15.5000,13.5700,13.9000,4953547,72020244.2200
2024-02-08,13.9000,15.2900,13.5200,15.2900,3545618,51899370.5800
2024-02-19,15.3500,16.2200,15.2900,15.7700,3288700,51761729.8300
2024-02-20,15.6500,16.9500,15.4000,16.8800,3580100,58672602.0000
2024-02-21,16.4800,17.3500,16.3000,16.8700,4157855,70384283.8700
2024-02-22,16.7700,17.9900,16.7700,17.5300,4690070,81253262.7800
2024-02-23,17.7900,19.2800,17.7900,19.2800,2054600,38979880.0000
2024-02-26,19.6700,20.0300,18.6000,18.9200,7544380,144401989.0000
2024-02-27,18.8200,19.2400,18.5000,19.2300,4471900,84641495.0000
2024-02-28,19.2300,20.3900,18.1800,18.4000,6632580,128944717.1500
2024-02-29,18.2000,18.9700,17.6400,18.7800,3822260,70720040.8000
2024-03-01,18.7500,18.9700,18.4500,18.7100,2633695,49203601.1000
2024-03-04,18.7000,20.5800,18.6200,20.5800,3813890,77243601.2000
2024-03-05,20.5800,22.0000,19.8300,20.0000,8508323,175408579.0600
2024-03-06,19.8900,20.6100,19.2800,20.2200,5943318,118737813.8700
2024-03-07,19.9000,20.4300,19.3600,19.3700,4008258,78804267.2100
2024-03-08,19.3700,21.3100,19.1800,20.1000,4993619,101841979.0100
2024-03-11,19.9000,21.0000,19.8600,20.8500,5915507,120997143.3000
2024-03-12,20.8000,21.0500,20.1500,20.3000,4641977,94990194.7300
2024-03-13,20.3000,20.5000,19.9500,20.2200,2235867,45075916.3900
2024-03-14,20.2200,20.3800,19.4900,19.7400,2637100,52392050.9700
2024-03-15,19.5800,19.8700,19.5000,19.7700,1460565,28803805.5000
2024-03-18,19.8800,20.1300,19.7400,20.1000,2148450,42857605.0000
2024-03-19,20.1200,20.7000,20.0900,20.1500,2153890,43583799.6000
2024-03-20,20.0000,20.2300,19.8300,19.9700,1852948,37057898.6400
2024-03-21,20.1700,20.5000,19.8000,20.0800,2392800,48091138.0000
2024-03-22,19.9800,20.2600,19.4100,19.5600,2228300,44061888.0000
2024-03-25,19.4100,20.2000,19.0100,19.4600,2628334,51260154.9600
2024-03-26,19.4600,20.5900,19.1900,20.4800,5557300,112074091.7200
2024-03-27,20.3800,21.1400,20.0000,20.1700,5658239,116231243.0200
2024-03-28,19.1500,19.5000,18.1500,18.3600,6641297,122423184.3300
2024-03-29,17.9800,18.4700,17.2300,17.7000,4309240,76544455.4000
2024-04-01,17.6200,18.7000,17.6200,18.3800,3395020,62119323.6000
2024-04-02,18.3800,18.5800,17.7100,17.9300,2716870,48894132.0000
2024-04-03,17.8800,17.8800,17.2100,17.5200,2118530,37084367.6000
2024-04-08,17.5500,17.5600,16.9200,16.9900,1781875,30508900.4300
2024-04-09,16.9800,17.8900,16.8900,17.8600,2143400,37648821.8000
2024-04-10,17.7900,17.8300,17.0500,17.1400,1609100,27866253.0000
2024-04-11,17.0200,17.2200,16.7900,16.9000,1117800,18968464.0000
2024-04-12,17.0500,17.1600,16.5300,16.5600,1249100,20883104.0000
2024-04-15,16.4800,16.5900,15.1000,15.4000,2154450,33546185.5000
2024-04-16,15.3600,15.3600,13.8600,13.8800,2353200,33131953.0000
2024-04-17,13.9100,15.2100,13.9100,15.2100,2191064,32550632.9400
2024-04-18,15.2100,15.5500,14.7000,15.2300,1693200,25674890.0000
2024-04-19,15.1100,15.1500,14.8100,14.8900,1013800,15139252.0000
2024-04-22,14.9100,15.2900,14.4800,14.8100,1153600,17176868.0000
2024-04-23,14.8300,15.0500,14.7300,14.8400,1136600,16921771.0000
2024-04-24,14.8000,14.9500,14.5400,14.6400,1306695,19167826.8000
2024-04-25,14.9300,15.0200,14.5500,14.7700,1317600,19540534.0000
2024-04-26,14.7800,15.1000,14.5200,14.9800,1588659,23649944.8500
2024-04-29,14.9900,15.5500,14.9900,15.4600,1748295,26858196.0000
2024-04-30,15.4500,15.7300,15.2900,15.5300,1761800,27257482.0000
2024-05-06,15.7500,16.5300,15.6900,16.0000,1791100,28496123.0000
2024-05-07,16.4000,16.7900,15.8500,16.6200,3072567,50412948.8300
2024-05-08,16.3800,17.5000,16.2800,16.9400,3882550,65326299.5000
2024-05-09,17.6000,18.6300,16.8200,18.6300,3679430,66616618.9000
2024-05-10,18.6400,20.1300,18.1400,19.1400,9957405,190414450.3000
2024-05-13,18.1800,18.1800,17.2300,17.2300,4730170,82226228.4000
2024-05-14,17.2800,17.3500,16.3900,16.6700,4821060,80991357.8000
2024-05-15,16.6800,18.3400,16.5100,18.3400,3488780,63487473.2000
2024-05-16,18.6200,19.4800,17.4500,17.8700,7216240,130097496.9000
2024-05-17,17.7400,17.7700,17.0400,17.5000,4255725,73887388.1000
2024-05-20,17.4100,18.8600,17.3600,17.5200,4404542,78790133.0400
2024-05-21,17.2900,17.5700,17.0500,17.3600,2676892,46121956.7600
2024-05-22,17.3300,18.2800,17.1800,17.8600,4424000,78148312.0000
2024-05-23,17.6900,17.6900,16.8700,17.0500,3318000,56831362.0000
2024-05-24,17.4900,17.4900,16.6800,16.7100,2548100,43522136.0000
2024-05-27,16.7800,16.9100,16.2400,16.5100,2156100,35440472.0000
2024-05-28,16.6200,16.8200,16.2500,16.5100,1542994,25478362.7600
2024-05-29,16.4500,17.1600,16.4500,16.6200,1988000,33428518.0000
2024-05-30,16.6200,16.6700,16.2900,16.4600,1316700,21721293.0000
2024-05-31,16.4700,16.6300,16.3800,16.5700,1106400,18253859.0000
2024-06-03,16.5900,16.5900,15.6700,15.8200,1730100,27564765.0000
2024-06-04,15.7000,15.7000,15.0400,15.3200,1569700,23972275.0000
2024-06-05,15.3900,15.3900,14.9100,14.9300,956200,14428115.0000
2024-06-06,15.0700,15.2000,13.7400,13.9500,2483973,35114039.6100
2024-06-07,14.0500,14.6900,14.0100,14.6400,1709155,24497164.4500
2024-06-11,14.6300,14.7800,14.3000,14.7800,1093918,15891353.2000
2024-06-12,14.7800,15.3600,14.7800,15.3100,1313868,19882198.3200
2024-06-13,15.4500,15.4500,14.9300,15.0000,986264,14836570.8000
2024-06-14,14.9800,15.1700,14.8000,14.8500,939900,14039912.0000
2024-06-17,14.8600,14.8600,14.5100,14.6000,970800,14192508.0000
2024-06-18,14.5000,14.6700,14.4300,14.5500,843250,12235167.5000
2024-06-19,14.5400,14.6700,14.3100,14.3200,683926,9854634.9200
2024-06-20,14.3700,14.4000,13.8500,13.9000,823900,11555695.0000
2024-06-21,13.9000,14.1400,13.7900,14.1400,822187,11512987.6200
2024-06-24,14.0100,14.0200,13.0100,13.1700,1698867,22617475.3900
2024-06-25,13.2200,13.5000,13.1000,13.3200,849880,11319151.8000
2024-06-26,13.3200,13.5700,13.1200,13.4700,647436,8646874.0800
2024-06-27,13.4700,13.6700,13.1000,13.2000,846050,11310868.0000
2024-06-28,13.1800,13.4900,13.1800,13.3000,843050,11236377.5000
2024-07-01,13.3200,14.6300,13.3200,14.3500,3190981,45645178.8000
2024-07-02,13.7700,14.2400,13.5700,13.7600,2626560,36432183.9000
2024-07-03,13.6900,13.7500,13.3600,13.4500,1305218,17665826.8000
2024-07-04,13.3400,13.5500,13.0100,13.0600,1117425,14703669.8600
2024-07-05,12.9500,13.2500,12.7700,13.1700,816100,10634522.0000
2024-07-08,13.1700,13.1700,12.5600,12.5800,1012800,12923103.0000
2024-07-09,12.6800,12.6800,12.1000,12.5900,1423781,17643359.1100
2024-07-10,12.5900,12.7200,12.1800,12.3700,800181,9980819.2100
2024-07-11,12.9900,13.0500,12.5000,13.0100,1350400,17328512.0000
2024-07-12,12.9000,13.2900,12.8100,13.1000,1210948,15882335.3000
2024-07-15,12.9800,13.1100,12.5100,12.6700,802688,10209370.9600
2024-07-16,12.6600,12.7700,12.3000,12.7700,612200,7756217.0000
2024-07-17,12.7900,12.9600,12.4500,12.4600,599500,7545176.0000
2024-07-18,12.4400,12.6200,12.0300,12.5400,811300,9970672.0000
2024-07-19,12.6900,12.7000,12.2100,12.6300,707900,8849712.0000
2024-07-22,12.6300,12.7500,12.4500,12.7300,703330,8902774.7000
2024-07-23,12.8800,12.9000,12.5600,12.6100,877900,11146447.0000
2024-07-24,12.5100,12.5500,12.1800,12.1800,775200,9534298.0000
2024-07-25,12.1700,13.4000,12.0300,13.4000,1391100,18084817.0000
2024-07-26,13.8900,13.8900,13.0900,13.1700,3752350,49894696.8000
2024-07-29,13.1100,13.1500,12.7800,13.1200,2720520,35364694.8000
2024-07-30,13.0300,13.2600,12.9100,12.9400,1883100,24553055.1000
2024-07-31,12.9000,13.3300,12.6000,13.3100,2267457,29566331.7000
2024-08-01,13.2300,13.4400,13.1400,13.2700,1663551,22092292.2500
2024-08-02,13.3700,13.6500,13.2000,13.2500,2078920,27943028.2000
2024-08-05,13.1400,13.7300,12.9100,13.0200,2405600,32196059.3400
2024-08-06,13.2000,13.8000,13.1600,13.7800,3013700,40945665.0000
2024-08-07,13.6500,13.8900,13.4300,13.5700,1764500,23969428.0000
2024-08-08,13.4500,13.6700,13.3200,13.6400,1596900,21619967.0000
2024-08-09,13.6400,13.7600,13.3400,13.4100,1301000,17564826.0000
2024-08-12,13.3400,13.5800,13.1800,13.2700,898300,11995268.0000
2024-08-13,13.1300,13.3000,12.9200,13.0900,1203900,15710083.0000
2024-08-14,13.0200,13.1500,12.9100,12.9100,777400,10117709.0000
2024-08-15,12.9800,13.1200,12.6900,12.9000,1033860,13325040.0000
2024-08-16,12.9200,12.9200,12.6500,12.6500,854000,10890574.0000
2024-08-19,12.5500,12.6800,12.4300,12.4500,857900,10722951.0000
2024-08-20,12.4500,12.6700,12.2100,12.2500,668200,8269016.0000
2024-08-21,12.2500,12.3000,12.0900,12.1800,579350,7053811.5000
2024-08-22,12.2000,12.3000,11.9000,11.9200,749200,9053986.0000
2024-08-23,11.8100,11.8700,11.5700,11.6500,957900,11204891.0000
2024-08-26,11.6200,12.1000,11.5600,11.9500,1149730,13746479.8000
2024-08-27,11.9500,12.0700,11.6600,11.7000,944800,11198206.0000
2024-08-28,11.5600,11.9500,11.4900,11.8000,837500,9872154.0000
2024-08-29,11.7700,12.1800,11.6600,12.0900,1041900,12499045.0000
2024-08-30,12.0900,12.5200,11.9700,12.2800,1212800,14895217.0000
2024-09-02,12.2800,12.5200,12.1800,12.4500,1535600,19000261.0000
2024-09-03,12.4500,13.6000,12.3700,13.0000,3081600,39884817.0000
2024-09-04,13.0000,13.4700,12.3900,12.4400,4166100,54137492.0000
2024-09-05,12.4500,12.7000,12.3100,12.3500,2224376,27718779.9600
2024-09-06,12.3400,12.4600,11.9200,11.9200,1551500,18725080.0000
2024-09-09,11.8800,12.1000,11.7500,12.0200,887450,10634971.5000
2024-09-10,11.9800,12.0500,11.8100,11.9500,784050,9345597.0000
2024-09-11,11.9700,12.1200,11.8500,11.9100,773150,9242549.0000
2024-09-12,11.8800,12.4200,11.8800,11.9900,1160800,14126689.0000
2024-09-13,12.0000,12.0600,11.6000,11.6000,1037200,12140219.0000
2024-09-18,11.6100,11.8000,11.0000,11.1400,1146010,12856353.2000
2024-09-19,11.1300,11.6600,11.1300,11.5700,1153410,13256790.3000
2024-09-20,11.6300,11.7300,11.3300,11.3400,969210,11045999.8000
2024-09-23,11.3800,12.4700,11.2100,12.4700,1751150,20984748.0000
2024-09-24,13.4700,13.4700,12.0200,12.4800,5799107,72322700.0200
2024-09-25,12.4800,12.7800,12.2700,12.4500,4275560,53454349.2800
2024-09-26,12.3900,12.6500,12.3000,12.6300,2860020,35810106.7000
2024-09-27,12.7000,13.8900,12.7000,13.8900,3523367,47074176.3100
2024-09-30,15.2400,15.2800,14.8800,15.2800,1616013,24564424.6400
2024-10-08,16.8100,16.8100,16.8100,16.8100,697077,11717864.3700
2024-10-09,18.3400,18.3400,15.1300,15.2600,9633830,154317847.6000
2024-10-10,15.0100,15.7700,14.4900,15.0100,5589059,85178812.5700
2024-10-11,15.0900,15.3900,14.1400,14.3000,3730205,55128951.0500
2024-10-14,14.4500,14.6900,14.1200,14.4900,3599575,52025213.2000
2024-10-15,14.4300,14.9300,14.2100,14.2800,3198000,46624883.0000
2024-10-16,14.1200,14.4200,13.9200,14.0500,2161300,30591878.1000
2024-10-17,14.1800,14.3000,13.8800,13.9200,1842730,25986268.7000
2024-10-18,13.9600,14.4900,13.8000,14.2200,3285282,46262157.4100
2024-10-21,14.5200,15.6400,14.2400,15.6400,2882555,43801399.8000
2024-10-22,15.9300,16.7200,15.8100,16.4100,8433287,136454915.6200
2024-10-23,16.2400,17.0000,15.8500,16.1900,6688990,109187839.8000
2024-10-24,16.2400,16.3500,15.7300,15.8300,4117760,65542353.1000
2024-10-25,15.8800,16.4600,15.6500,16.2500,3919280,63440351.5000
2024-10-28,16.2000,16.4800,16.1000,16.3100,3130600,50842833.0000
2024-10-29,16.3900,16.6000,15.7500,15.7800,3209250,51549240.0000
2024-10-30,15.7400,16.2500,15.6500,15.9800,2906400,46521442.5000
2024-10-31,16.2000,17.4400,16.2000,16.8700,5466030,91582126.0000
2024-11-01,16.6500,17.0000,15.9000,16.0200,3656450,59706543.0000
2024-11-04,15.9000,17.0000,15.8400,16.3600,3012060,49069122.6000
2024-11-05,16.4300,16.7600,16.2800,16.6000,2997722,49534668.0800
2024-11-06,16.5400,16.7000,16.3000,16.4400,2444895,40368768.0200
2024-11-07,16.2200,16.7300,16.2200,16.6800,2479839,41005737.7300
2024-11-08,16.8800,16.9800,16.6000,16.7000,2335528,39171496.7200
2024-11-11,16.6700,17.3400,16.4700,17.2800,3134480,53048688.1200
2024-11-12,17.4100,17.4500,16.5600,16.8800,2611908,44580597.9800
2024-11-13,16.7700,17.3600,16.0500,17.3000,3330328,55472056.8400
2024-11-14,17.3100,17.5200,16.6300,16.6300,3406078,58417519.6000
2024-11-15,16.8000,18.2900,16.7800,17.7800,9829333,174434491.2400
2024-11-18,16.8600,17.1800,16.0000,16.0000,5864460,96814381.0000
2024-11-19,15.5400,16.2600,14.8300,16.2200,4688105,73415941.0000
2024-11-20,16.0400,16.7000,15.9500,16.5800,3593330,58521359.6000
2024-11-21,16.5100,17.7000,16.2800,17.2000,5016360,85897959.2000
2024-11-22,17.2600,17.3800,15.9200,15.9300,3403630,56365913.9000
2024-11-25,15.9400,17.5200,15.8000,17.5200,4181700,71840806.0000
2024-11-26,18.3000,18.3600,16.9200,17.6900,8109660,141947907.7000
2024-11-27,17.5000,17.5000,16.2900,17.1200,4742835,79637195.6000
2024-11-28,17.1800,17.4800,16.7600,16.8600,3272630,55760117.3400
2024-11-29,16.8800,17.1300,16.5400,16.9200,3133560,52712821.8000
2024-12-02,16.7000,16.9000,16.4900,16.9000,2845230,47628674.0000
2024-12-03,16.8900,16.9800,16.3800,16.5100,3285350,54608954.0000
2024-12-04,16.4000,16.5600,16.0400,16.2000,1986970,32391829.1000
2024-12-05,16.1700,16.3500,16.0500,16.2900,1564724,25391097.9800
2024-12-06,16.2500,16.8500,16.1100,16.8100,2829094,46837619.8800
2024-12-09,16.9000,17.1300,16.5500,17.0700,3253582,54846746.0400
2024-12-10,17.7900,17.7900,16.6000,16.9700,4075422,69308276.3000
2024-12-11,16.8600,17.6800,16.8100,17.6000,4234990,73471528.0000
2024-12-12,17.7500,19.3600,17.6500,19.3600,7493172,144023612.9200
2024-12-13,19.0000,20.3300,18.4400,18.6000,14598442,281719185.2000
2024-12-16,18.7000,18.8000,17.8000,18.0700,6933422,126190858.8200
2024-12-17,17.9400,17.9400,16.5000,16.6200,4788900,81867154.5000
2024-12-18,16.5800,16.6900,16.1200,16.3500,3101212,50953787.4200
2024-12-19,16.1300,16.3200,15.6000,15.8100,2938900,46658735.0000
2024-12-20,15.9200,16.4100,15.8300,16.1900,2445000,39700215.7000
2024-12-23,16.3500,16.4100,15.0000,15.1000,3289980,50964049.0000
2024-12-24,15.0900,15.3900,14.8300,14.9400,1767467,26551196.0500
2024-12-25,14.9400,15.1000,13.9300,14.4300,2869966,40952574.7400
2024-12-26,14.7200,15.7100,14.3500,15.0000,2911000,43328223.0000
2024-12-27,15.0000,16.5000,15.0000,16.5000,4867177,78659712.0000
2024-12-30,16.5400,18.1500,16.5000,18.1500,6339152,112774213.8000
2024-12-31,18.5000,19.9700,18.3000,19.9700,7501936,145439408.3100
2025-01-02,21.2200,21.9700,17.9700,18.0600,18791830,368447104.9000
2025-01-03,17.2600,17.7800,16.2500,16.2500,9943900,167101675.0000
2025-01-06,15.7400,16.3500,14.7600,15.3500,6865400,107012939.6000
2025-01-07,15.9800,16.5000,15.5100,15.9200,5218608,83385544.1800
2025-01-08,16.2100,16.5400,15.4700,15.9000,3620900,57621550.0000
2025-01-09,16.0000,16.1100,15.6000,15.9300,2569395,40812459.4000
2025-01-10,15.9000,15.9000,15.0300,15.0500,2944600,45330333.0000
2025-01-13,15.0000,15.0200,14.5000,14.9400,1662330,24619787.2000
2025-01-14,15.0000,15.8500,15.0000,15.8200,3127960,48525050.4000
2025-01-15,16.1000,16.1000,15.4200,15.6000,2658660,41652624.4000
2025-01-16,15.8000,15.9900,15.3400,15.6500,2112700,33063077.0000
2025-01-17,15.5600,16.5500,15.3300,16.2800,4526550,72584611.5000
2025-01-20,16.3600,16.4900,15.7100,15.9000,3120020,49623557.4000
2025-01-21,15.9200,16.0000,15.2100,15.5500,2227800,34421146.0000
2025-01-22,15.3800,15.4600,15.0800,15.1600,1349572,20488103.0000
2025-01-23,15.1800,15.7000,15.1200,15.1300,1675000,25693379.0000
2025-01-24,15.0900,15.3300,14.7400,15.3200,1674400,25293915.0000
2025-01-27,15.3300,15.5500,15.0600,15.1300,1211100,18525044.0000
2025-02-05,15.1500,15.6500,15.1500,15.4200,1234090,19016492.6000
2025-02-06,15.5600,15.7800,15.2600,15.7700,1624700,25332134.0000
2025-02-07,16.0500,16.2800,15.6800,15.9300,2114172,33755019.8000
2025-02-10,16.3900,16.5300,16.0000,16.2900,2328360,37704137.6000
2025-02-11,16.1600,16.3900,15.9000,16.1100,1610600,25838243.0000
2025-02-12,16.1000,16.3600,15.9400,16.3200,1700400,27447294.0000
2025-02-13,16.3200,17.5000,16.3100,17.0200,4319668,73572175.6200
2025-02-14,16.9300,17.8200,16.7300,17.3000,3509966,60880850.2800
2025-02-17,17.3600,17.8000,17.2000,17.4900,3165362,55257121.2600
2025-02-18,17.5000,17.7900,16.6200,16.7900,3078630,52562815.3000
2025-02-19,16.8000,17.2700,16.5800,17.1200,2757700,46650432.0000
2025-02-20,17.1800,17.6600,16.8000,17.5500,2544730,44008120.9000
2025-02-21,17.5900,17.8500,17.0700,17.3800,2574270,44635868.8000
2025-02-24,17.6000,17.7700,16.7000,17.1200,3007700,51332676.0000
2025-02-25,17.3700,17.3700,16.7200,16.9500,2946000,49913486.0000
2025-02-26,17.1500,17.2100,16.5600,16.9100,3762000,63548773.0000
2025-02-27,17.3000,17.3000,16.3800,16.6500,2928432,49021113.1800
2025-02-28,16.6000,16.7000,16.2100,16.4500,2151717,35377881.6800
2025-03-03,16.6000,16.6000,15.9700,16.0700,4136280,67273445.6000
2025-03-04,16.0500,16.3300,15.5300,16.1600,3466900,54978264.5000
2025-03-05,16.3000,16.4000,15.5100,15.8700,2565050,40508172.0000
2025-03-06,16.2700,16.3100,15.5200,15.9100,2646300,41965589.9000
2025-03-07,16.1300,16.1600,15.5100,15.7400,3054030,47981923.6000
2025-03-10,15.8600,16.2400,15.5500,16.1900,3385900,53839656.0000
2025-03-11,16.3300,16.8800,15.8000,16.7000,4433858,72269916.6200
2025-03-12,16.7600,16.7800,16.1700,16.5500,2812872,46349170.2200
2025-03-13,16.5600,16.6900,15.9600,16.2400,2877872,46768469.5000
2025-03-14,16.2000,16.2400,15.9100,15.9300,2940400,47138252.0000
2025-03-17,15.8900,16.0900,15.8900,15.9600,2266430,36253929.8000
2025-03-18,15.9500,16.0600,15.6200,15.8300,3348630,52777861.7000
2025-03-19,15.8500,15.8500,15.4600,15.6500,2400900,37463078.0000
2025-03-20,15.5900,17.2200,15.5700,17.2200,6258350,103443838.4000
2025-03-21,17.5400,17.5900,16.4100,16.5200,7306350,122601400.4000
2025-03-24,16.5500,16.6800,15.6200,16.0400,4975750,80641056.0000
2025-03-25,16.0700,16.0700,15.4100,15.6900,3538850,55486689.0000
2025-03-26,15.6600,16.7100,15.5100,16.0100,4150050,66905987.0000
2025-03-27,15.8900,16.2800,15.5500,15.9800,3261000,51935274.0000
2025-03-28,15.9000,16.4900,15.5700,15.5900,3409850,54296379.5000
2025-03-31,15.4000,15.5900,14.6700,14.8500,3377730,50699830.4000
2025-04-01,14.9000,15.3700,14.7800,14.9700,2231850,33781649.0000
2025-04-02,15.0000,15.1000,14.7500,14.8300,1319050,19630936.0000
2025-04-03,15.3400,16.3100,15.3400,16.3100,3090000,50173857.0000
2025-04-07,16.0400,16.0400,14.6800,14.6800,4928030,75740626.7000
2025-04-08,13.9500,14.5100,13.6600,14.3100,6157700,86704012.7000
2025-04-09,13.9400,14.0000,12.9200,13.8600,4754050,63812338.5000
2025-04-10,13.7900,14.4400,13.7600,14.2500,3415550,48622996.0000
2025-04-11,14.0100,14.6600,14.0000,14.3100,2481100,35709062.0000
2025-04-14,14.4800,14.8100,14.4100,14.5200,2117600,30922608.0000
2025-04-15,14.5200,14.6800,14.2400,14.4400,1661100,23929724.0000
2025-04-16,14.4600,14.4800,13.6700,14.0100,2235400,31305289.0000
2025-04-17,13.9900,14.2700,13.7700,14.2000,1708500,24104883.5000
2025-04-18,14.2900,14.4900,13.8300,13.8600,1818580,25463972.7000
2025-04-21,13.8600,15.2500,13.8600,15.2500,2563200,38829183.0000
2025-04-22,15.2500,15.2500,15.2500,15.2500,,
2025-04-23,15.2500,15.2500,15.2500,15.2500,,
2025-04-24,15.2500,15.2500,15.2500,15.2500,,
2025-04-25,15.2500,15.2500,15.2500,15.2500,,
2025-04-28,16.7800,16.7800,16.7800,16.7800,5433402,91172485.5600
2025-04-29,16.7800,16.7800,16.7800,16.7800,,
2025-04-30,17.0000,17.6200,15.9400,17.6200,10012851,168375539.3200
2025-05-06,18.5000,18.5000,18.5000,18.5000,258430,4780955.0000
2025-05-07,19.4300,19.4300,19.4300,19.4300,316700,6153481.0000
2025-05-08,20.4000,20.4000,19.2900,19.6800,14187729,283771589.7200
2025-05-09,20.1800,20.5300,19.4500,19.5600,6529841,130883736.1800
2025-05-12,19.7000,20.0000,18.7800,19.1900,4819570,92706901.8000
2025-05-13,19.6000,19.7000,18.5200,18.5200,3642700,68807056.0000
2025-05-14,18.5200,19.4500,18.4300,19.4500,2315235,44108385.3500
2025-05-15,20.1200,20.4200,19.8900,20.4200,6261419,127480436.9200
2025-05-16,20.3900,21.4400,20.3300,21.4400,3887110,82121541.6000
2025-05-19,22.5100,22.5100,22.5100,22.5100,208930,4703014.3000
2025-05-20,23.6400,23.6400,23.6400,23.6400,51760,1223606.4000
2025-05-21,24.8200,24.8200,23.1000,24.8200,6846659,167321058.4500
2025-05-22,25.4900,25.8700,24.5000,25.1100,8036715,203982273.0600
2025-05-23,24.6600,25.3500,23.8500,23.9400,5553487,135819461.6800
2025-05-26,23.7300,24.7900,23.3400,24.0500,3599710,86645474.4000
2025-05-27,24.3800,25.2500,24.0700,25.2500,2020083,50284937.5300
2025-05-28,26.2000,26.2000,24.4000,24.6100,3956583,99668349.5000
2025-05-29,25.0000,25.4900,24.6000,24.8600,2459190,61977876.9000
2025-05-30,24.4400,25.1600,24.1000,24.3000,1835527,45032713.4500
2025-06-03,24.3000,24.4500,23.6000,23.6000,1797710,43046399.4000
2025-06-04,23.6900,24.3700,23.2000,23.9400,1595000,37909391.5000
2025-06-05,23.5800,23.9900,23.2700,23.4500,1466600,34518345.0000
2025-06-06,23.5800,24.6200,23.4700,24.5000,2271690,55020552.5000
2025-06-09,24.3200,24.7800,23.9000,23.9200,2177610,52677466.7000
2025-06-10,23.8600,24.2300,23.2100,23.5000,1115467,26376059.8800
2025-06-11,23.5100,24.2800,23.5000,23.9000,1140000,27189367.0000
2025-06-12,23.8800,23.8800,23.4400,23.5500,1023700,24159536.0000
2025-06-13,23.4800,23.8600,23.3000,23.6900,1009390,23836320.9000
2025-06-16,23.6800,23.9000,23.1300,23.1900,1140000,26770161.0000
2025-06-17,23.3400,23.3400,22.8200,23.0600,1351930,31194736.4000
2025-06-18,23.0800,23.0800,22.5000,22.8200,1233800,28022933.0000
2025-06-19,22.8200,23.0000,22.3500,22.4000,932350,21043508.5000
2025-06-20,22.4100,22.7100,21.8900,22.0800,827300,18449849.0000
2025-06-23,22.0800,22.2000,21.2200,22.0900,1311080,28397373.4000
2025-06-24,22.1000,22.8000,22.1000,22.5000,823069,18511387.4600
2025-06-25,22.6800,23.6300,22.3800,23.6300,1435300,33115529.0000
2025-06-26,24.2300,24.2300,23.0000,23.0000,1853800,43665191.1300
2025-06-27,23.1000,24.1500,22.9200,23.7800,2289077,54491854.3000
2025-06-30,24.0100,24.7900,24.0100,24.2000,1608670,39179991.6000
2025-07-01,24.2100,24.5500,23.8100,24.0000,904000,21839014.0000
2025-07-02,24.0000,24.0800,23.5500,23.7200,697350,16549280.0000
2025-07-03,23.8500,23.8500,23.4500,23.6900,632400,14911434.0000
2025-07-04,23.6500,24.0500,23.4900,23.9700,569210,13549116.8000
2025-07-07,23.9200,24.0100,23.6900,23.7500,422300,10057152.0000
2025-07-08,23.7500,23.8700,23.5600,23.7500,509120,12092816.2000
2025-07-09,23.7600,23.8000,23.5000,23.5100,583400,13763623.0000
2025-07-10,23.5500,24.3000,23.5400,23.6000,772200,18411469.0000
2025-07-11,23.6000,24.2700,23.3600,23.9600,824000,19553470.0000
2025-07-14,23.9500,24.3000,23.9000,24.0700,842640,20299907.4000
2025-07-15,24.2000,24.2000,23.5100,23.6000,698200,16530159.0000
2025-07-16,23.6400,23.8000,23.3800,23.7500,915069,21587993.1200
2025-07-17,23.4500,23.7800,23.4400,23.5100,640426,15090823.3200
2025-07-18,23.5500,23.8400,23.3800,23.7200,552370,13017710.9000
2025-07-21,23.7200,24.0900,23.6700,23.7900,498500,11881097.0000
2025-07-22,23.7600,23.8100,23.5400,23.6300,451000,10662749.0000
2025-07-23,23.7100,23.7100,23.3600,23.4800,479250,11253477.0000
2025-07-24,23.6500,23.9300,23.4200,23.7100,850400,20148784.0000
2025-07-25,23.7300,23.7300,23.4700,23.5600,488660,11513644.6000
2025-07-28,23.5600,24.7400,23.4000,24.7400,1724620,41913505.4000
2025-07-29,24.9300,25.9000,24.7400,25.4600,2246450,57311314.0000
2025-07-30,25.8000,26.7300,25.3100,26.7300,2782300,72944808.0000
2025-07-31,27.0300,28.0700,27.0000,27.9000,3224890,89654407.5000
2025-08-01,27.9600,27.9900,26.5200,26.5300,2937900,79401666.5000
2025-08-04,26.7200,27.3300,26.4100,26.7500,1551100,41753720.1000
2025-08-05,26.8700,27.3700,26.5000,26.7000,1297534,34812266.1600
2025-08-06,26.6600,26.6800,26.0500,26.3000,1449550,38046785.9000
2025-08-07,26.1800,26.4900,26.0800,26.2600,862280,22650753.5000
2025-08-08,26.2300,27.5700,26.1000,27.5700,1901150,51704597.5000
2025-08-11,27.6000,28.6600,27.0100,27.6300,1723400,47647299.0000
2025-08-12,28.0000,28.9800,27.5200,28.9600,1730900,49304702.4000
2025-08-13,29.0000,29.9700,29.0000,29.0600,1605100,47254580.0000
2025-08-14,28.9800,29.4800,28.5000,28.8500,1031410,30017128.2000
2025-08-15,28.8900,29.8000,28.8900,29.2500,1029740,30200942.8000
2025-08-18,29.2800,29.4700,28.3900,28.4400,1756250,50411159.0000
2025-08-19,28.4400,29.1300,27.9600,28.3900,1046200,29688510.0000
2025-08-20,28.1800,28.3000,27.5000,28.2100,1175862,32755703.3200
2025-08-21,28.1800,29.1000,28.0000,28.8000,1114562,31887466.3600
2025-08-22,29.2000,29.2000,28.3300,28.4500,956100,27281702.6600
2025-08-25,28.6400,28.8200,28.0800,28.3000,1318740,37331007.9000
2025-08-26,28.1900,28.6100,28.0900,28.4300,892800,25325763.0000
2025-08-27,28.3800,28.3800,28.1600,28.1900,776990,21934362.5000
2025-08-28,28.1000,28.1100,26.9000,27.2000,2126000,58284346.7000
2025-08-29,27.2800,27.2800,26.0000,26.3200,1846940,48822852.5000
2025-09-01,26.0600,27.6400,25.8000,27.6400,1857420,50782132.7000
2025-09-02,27.8800,28.1800,27.1700,27.2500,1108230,30466524.6000
2025-09-03,27.4700,27.4800,26.3500,26.3500,954310,25510055.3000
2025-09-04,26.3500,27.3800,25.8800,26.1000,1355210,35966012.0000
2025-09-05,26.0800,26.5000,25.7100,26.4600,1065990,27910200.8000
2025-09-08,26.1800,27.2400,25.8400,26.4500,1577067,41448905.0900
2025-09-09,26.4700,26.6000,26.0000,26.0000,788520,20707942.0000
2025-09-10,26.0500,26.5500,26.0000,26.4200,943418,24780305.1400
2025-09-11,26.4200,26.7800,26.1400,26.2500,759360,19970602.2000
2025-09-12,26.2800,26.4800,26.1400,26.2000,481100,12625121.0000
2025-09-15,26.2000,26.3600,24.8900,24.8900,2642400,66514416.0000
2025-09-16,24.4900,24.8000,23.6500,23.8100,2472022,58825406.3000
2025-09-17,23.6900,25.0000,22.7500,25.0000,2834790,67720236.9000
2025-09-18,26.2500,26.2500,26.2500,26.2500,343300,9011625.0000
2025-09-19,26.6300,27.5600,26.0000,27.5600,3847170,104817502.7000
2025-09-22,27.5600,28.5000,27.0300,28.2300,2488900,69040601.5000
2025-09-23,28.3500,28.9600,27.8500,28.3300,1717500,48829824.0000
2025-09-24,29.7500,29.7500,27.6000,28.0000,2153300,61851228.0000
2025-09-25,28.0000,28.0000,27.0100,27.3300,1446100,39643690.0000
2025-09-26,27.8400,27.9500,26.8600,27.5400,1046700,28843977.0000
2025-09-29,27.4900,27.7400,27.0000,27.0600,1253960,34150844.8000
2025-09-30,28.3000,28.3000,27.4200,28.0100,1671000,46607907.0000
2025-10-09,28.0200,28.1700,27.6000,27.7000,870000,24194443.0000
2025-10-10,27.6700,27.9800,27.0000,27.1600,741950,20247570.5000
2025-10-13,26.5000,26.9600,25.8200,26.5700,1130400,29823455.0000
2025-10-14,26.5800,26.6800,25.4100,26.0300,1113166,28894721.4200
2025-10-15,26.0800,26.3000,25.8800,26.1700,460350,11996969.5000
2025-10-16,26.2800,27.4800,25.8800,27.4800,1492259,40806383.3200
2025-10-17,27.9900,27.9900,26.8800,27.0100,1098829,29957067.7300
2025-10-20,27.1200,28.3600,27.1000,28.3600,2095900,58923533.0000
2025-10-21,28.0600,29.1500,28.0600,28.8300,1610800,46213431.0000
2025-10-22,28.0000,29.1100,28.0000,28.4900,990400,28261280.0000
2025-10-23,28.4900,29.0500,28.0100,28.9000,1073000,30757914.0000
2025-10-24,29.2900,29.5800,28.7100,29.0900,1057830,30766353.2000
2025-10-27,28.8900,29.2300,28.2000,28.2300,1375160,39194144.3000
2025-10-28,28.1500,28.7900,28.1500,28.3400,617250,17594296.0000
2025-10-29,28.3400,28.6800,27.9600,28.3800,499800,14083276.0000
2025-10-30,28.3800,28.4800,27.8500,27.9900,764700,21471105.0000
2025-10-31,27.9900,28.6800,27.7300,28.4400,785950,22290562.0000
2025-11-03,28.3100,28.8800,28.3000,28.5100,776300,22154821.0000
2025-11-04,28.6500,29.9400,28.6500,29.3800,2604080,77156572.5000
2025-11-05,28.6600,29.0800,28.6600,28.8100,1041310,29987003.3000
2025-11-06,29.4000,30.2500,29.0200,30.2500,3219700,96940662.3000
2025-11-07,30.9900,31.7600,30.8800,31.7600,1197470,37648282.7000
2025-11-10,33.3500,33.3500,33.0300,33.3500,520500,17348963.0000
2025-11-11,35.0200,35.0200,35.0200,35.0200,119600,4188392.0000
2025-11-12,36.7700,36.7700,34.7000,36.7700,6236376,225958858.4300
2025-11-13,37.8700,38.6100,37.8200,38.6100,628030,24031850.3000
2025-11-14,40.5400,40.5400,40.5400,40.5400,204000,8270160.0000
2025-11-17,42.5700,42.5700,42.5700,42.5700,227630,9690209.1000
2025-11-18,44.7000,44.7000,44.7000,44.7000,111600,4988520.0000
2025-11-19,46.9400,46.9400,42.4700,46.4000,9260950,416980589.5000
2025-11-20,45.9900,48.7200,44.0800,44.0800,6234407,290260011.7400
2025-11-21,41.8800,41.8800,41.8800,41.8800,556900,23322972.0000
2025-11-24,39.7900,39.7900,39.7900,39.7900,476600,18963914.0000
2025-11-25,41.7800,41.7800,41.7800,41.7800,342010,14289177.8000
2025-11-26,43.8700,43.8700,43.8700,43.8700,42200,1851314.0000
2025-11-27,46.0600,46.0600,42.3800,42.8800,7450757,332671120.5800
2025-11-28,40.7400,42.5000,40.7400,40.7400,3683800,150781507.1300
2025-12-01,41.0000,41.8500,39.1500,39.3500,3041760,121801667.4000
2025-12-02,38.8000,40.2300,38.3700,39.0700,3009400,117203553.9000
2025-12-03,40.1400,40.4000,37.9000,38.0000,2928590,113999665.1000
2025-12-04,38.4500,38.5200,36.7800,36.8500,2216647,82904608.1700
2025-12-05,35.9500,37.9000,35.4000,36.6400,3374230,122062514.1000
2025-12-08,38.1700,38.1700,36.0500,36.4500,2273800,83334898.1000
2025-12-09,34.6900,36.0000,34.6300,34.6300,2795990,97809908.1000
2025-12-10,34.5700,35.3400,32.9000,33.8400,3394540,114467843.8000
2025-12-11,33.7900,34.2900,33.2300,33.3700,1932550,65169403.5000
2025-12-12,33.3800,33.5900,32.7000,33.0500,1401392,46332700.1000
2025-12-15,32.9900,34.7000,32.5300,34.7000,1799600,61102233.0000
2025-12-16,35.5000,36.1700,33.6100,33.6100,2741562,95932545.2600
2025-12-17,33.3300,34.6300,33.1200,34.5300,1572762,53641919.3400
2025-12-18,34.9900,35.5500,34.5800,35.0600,1449100,50785943.0000
2025-12-19,34.6000,34.9500,34.0000,34.3800,1255300,43098945.0000
2025-12-22,34.5900,36.1000,34.3900,36.0800,2129900,75662162.0000
2025-12-23,35.7200,35.8800,34.7800,35.0600,1773040,62243528.0000
2025-12-24,34.9800,35.3000,34.4800,34.9800,782200,27187450.0000
2025-12-25,34.8900,35.0900,34.4100,34.6800,956900,33280782.0000
2025-12-26,34.6800,34.6800,34.0500,34.0900,976160,33401358.8000
2025-12-29,34.0800,34.3200,33.5600,33.5800,994850,33653916.7000
2025-12-30,33.2100,33.5300,32.8000,32.9000,1272695,42042094.3500
2025-12-31,32.9000,34.3800,32.5000,33.7100,1584025,53136629.4500
2026-01-05,35.0000,35.4000,34.3500,35.4000,1455505,51240849.3000
2026-01-06,36.4100,37.1700,36.1800,37.1700,751000,27723937.0000
2026-01-07,39.0300,39.0300,39.0300,39.0300,124810,4871334.3000
2026-01-08,40.0000,40.5000,37.0900,37.3900,5153435,197168244.3500
2026-01-09,37.8800,38.7000,36.2100,36.3800,3235275,120498382.0500
2026-01-12,36.0100,37.7800,35.7000,35.8000,2633425,95889137.4500
2026-01-13,35.8000,36.3700,35.2500,35.6800,1427600,50954852.0000
2026-01-14,35.7000,36.2200,35.0100,35.3600,1947450,68615423.0000
2026-01-15,35.3600,37.1300,35.0200,37.1300,3292985,120490487.6500
2026-01-16,37.5100,38.3700,37.0000,37.0000,3117000,117199659.0000
2026-01-19,37.0400,37.5400,36.1000,36.8000,1857800,68159965.0000
2026-01-20,37.3400,37.5700,36.0300,36.3700,1606600,59099215.0000
2026-01-21,36.3800,37.3000,35.9900,37.2500,1346330,49499437.7000
2026-01-22,37.2500,37.8800,36.6800,37.4400,1611295,60031826.5000
2026-01-23,37.4400,37.6400,37.0400,37.2800,813700,30381205.0000
2026-01-26,37.2800,37.5800,36.7000,36.8200,1045195,38531421.4000
2026-01-27,36.8200,37.3100,34.9800,35.4000,3348500,120848341.0000
2026-01-28,35.1600,36.0600,34.8000,35.4100,2682280,94859736.8000
2026-01-29,35.1000,35.5500,34.6000,35.1000,1318113,46257827.6300
2026-01-30,35.1000,35.8600,34.6800,35.7900,1118415,39432437.4000
2026-02-02,35.9500,36.4800,35.5100,35.5300,1205390,43219381.1000
2026-02-03,35.5300,36.9000,35.3800,36.7000,1100445,39606843.9000
2026-02-04,36.6700,36.7600,35.7000,36.1000,1093600,39625764.0000
2026-02-05,36.1000,36.1000,35.2000,35.4500,1120844,39787161.4300
2026-02-06,35.3400,35.6700,35.2000,35.3300,591550,20945655.5000
2026-02-09,35.4100,35.8000,35.2200,35.3000,822100,29122599.0000
2026-02-10,35.7400,36.6500,35.5000,35.8500,1416942,50870674.5500
2026-02-11,35.7400,37.6400,35.7400,37.6400,1640992,60856750.6600
2026-02-12,38.7700,39.1500,37.1800,37.3000,2221800,84971961.0000
2026-02-13,37.3200,38.5800,37.3000,37.9300,1773067,67470252.7300
2026-02-24,38.1000,39.4800,38.0000,38.3000,1878650,72305799.5000
2026-02-25,38.6000,40.2200,38.3300,40.2200,1600450,63924318.0000
2026-02-26,41.4700,42.2300,40.2300,42.2300,1642700,68384671.5000
2026-02-27,43.8000,44.3400,42.4200,42.9500,4409261,191315020.9000
2026-03-02,42.6000,44.7000,41.9900,43.6900,2459550,106788796.5000
2026-03-03,43.9500,44.5000,41.5100,41.5100,2542201,108491481.3700
2026-03-04,40.0000,41.6200,39.8000,40.0700,1942950,78509605.0000
2026-03-05,40.5400,42.0700,40.5400,42.0700,1766710,73725546.7000
2026-03-06,43.0300,43.7000,41.2000,42.1200,2542060,107258325.3000
2026-03-09,42.5000,42.5400,40.5000,40.9000,2267940,93272451.4000
2026-03-10,40.9300,41.8800,40.0800,40.5400,1762530,72090548.5000
2026-03-11,40.4600,41.5000,40.0600,40.7000,1229600,50475225.0000
2026-03-12,41.0000,41.0000,39.7000,40.4400,1449360,58340799.0000
2026-03-13,40.1500,41.2000,39.8800,40.5100,1056510,42747428.4000
2026-03-16,40.5100,42.4700,40.0400,40.7800,1245550,51288341.5000
2026-03-17,41.2000,41.2000,40.2100,40.2800,822100,33311417.0000
2026-03-18,40.2800,40.7500,40.0200,40.2900,664610,26735268.5000
2026-03-19,40.0500,40.2300,38.5000,39.1200,1200800,47406251.0000
2026-03-20,39.1200,39.7900,38.2900,38.3900,1087210,41986974.7000
2026-03-23,37.8800,38.3000,36.5900,37.0000,1538430,57298535.7000
2026-03-24,37.3900,37.7800,36.4900,37.3800,1338030,49652154.5000
2026-03-25,37.8000,38.8600,37.0000,37.9700,1136200,43137121.0000
2026-03-26,38.4400,38.4400,37.0800,37.2500,723000,27167917.0000
2026-03-27,36.9900,38.0700,36.5600,38.0700,840500,31595995.0000
2026-03-30,37.9700,39.0600,37.5700,37.7500,1006000,38438483.0000
2026-03-31,37.7500,38.1800,37.1400,37.2900,734300,27586342.0000
2026-04-01,37.6200,37.8800,37.0100,37.3300,647600,24105144.0000
2026-04-02,37.1000,37.8500,37.0800,37.4300,503400,18820721.0000
2026-04-03,37.2000,37.8400,37.2000,37.3700,573200,21472221.0000
2026-04-07,37.1400,37.3300,36.4500,36.4700,788700,28958614.0000
